Stellar Sequence
Central Pressure Range = 4.0 to 1500.0 MeVfm^3
Number of Stars = 1250
h = 5 meters
r0 = 10.0 meters
      P_MeV/fm3          R_km using LE     R_km not using LE M_M_solar using LE M_M_solar not using LE
 4.00000000e+00   1.52027750e+01    1.51550000e+01    2.22220229e-01    2.22220228e-01
 5.19775821e+00   1.39502271e+01    1.39150000e+01    2.61703902e-01    2.61703901e-01
 6.39551641e+00   1.32399523e+01    1.32100000e+01    2.98844230e-01    2.98844230e-01
 7.59327462e+00   1.27950986e+01    1.27700000e+01    3.33893966e-01    3.33893965e-01
 8.79103283e+00   1.24921182e+01    1.24700000e+01    3.67072578e-01    3.67072578e-01
 9.98879103e+00   1.22750089e+01    1.22550000e+01    3.98647233e-01    3.98647233e-01
 1.11865492e+01   1.21134274e+01    1.20950000e+01    4.28826313e-01    4.28826313e-01
 1.23843074e+01   1.19879135e+01    1.19700000e+01    4.57776600e-01    4.57776599e-01
 1.35820657e+01   1.18916662e+01    1.18750000e+01    4.85624168e-01    4.85624168e-01
 1.47798239e+01   1.18154478e+01    1.18000000e+01    5.12476218e-01    5.12476218e-01
 1.59775821e+01   1.17542799e+01    1.17400000e+01    5.38408864e-01    5.38408863e-01
 1.71753403e+01   1.17035716e+01    1.16900000e+01    5.63485101e-01    5.63485101e-01
 1.83730985e+01   1.16625935e+01    1.16500000e+01    5.87763772e-01    5.87763772e-01
 1.95708567e+01   1.16272376e+01    1.16150000e+01    6.11310907e-01    6.11310907e-01
 2.07686149e+01   1.15970890e+01    1.15850000e+01    6.34167562e-01    6.34167561e-01
 2.19663731e+01   1.15718479e+01    1.15600000e+01    6.56368355e-01    6.56368355e-01
 2.31641313e+01   1.15512734e+01    1.15400000e+01    6.77961096e-01    6.77961095e-01
 2.43618895e+01   1.15315801e+01    1.15200000e+01    6.98970767e-01    6.98970767e-01
 2.55596477e+01   1.15162197e+01    1.15050000e+01    7.19434932e-01    7.19434931e-01
 2.67574059e+01   1.15050807e+01    1.14950000e+01    7.39372580e-01    7.39372580e-01
 2.79551641e+01   1.14908445e+01    1.14800000e+01    7.58812663e-01    7.58812663e-01
 2.91529223e+01   1.14806444e+01    1.14700000e+01    7.77772438e-01    7.77772438e-01
 3.03506805e+01   1.14744353e+01    1.14650000e+01    7.96276740e-01    7.96276740e-01
 3.15484388e+01   1.14649152e+01    1.14550000e+01    8.14343647e-01    8.14343647e-01
 3.27461970e+01   1.14592820e+01    1.14500000e+01    8.31990987e-01    8.31990986e-01
 3.39439552e+01   1.14538801e+01    1.14450000e+01    8.49238425e-01    8.49238425e-01
 3.51417134e+01   1.14486679e+01    1.14400000e+01    8.66101598e-01    8.66101598e-01
 3.63394716e+01   1.14436198e+01    1.14350000e+01    8.82592566e-01    8.82592565e-01
 3.75372298e+01   1.14387181e+01    1.14300000e+01    8.98727765e-01    8.98727765e-01
 3.87349880e+01   1.14339299e+01    1.14250000e+01    9.14520065e-01    9.14520065e-01
 3.99327462e+01   1.14329007e+01    1.14250000e+01    9.29978707e-01    9.29978707e-01
 4.11305044e+01   1.14283137e+01    1.14200000e+01    9.45115747e-01    9.45115747e-01
 4.23282626e+01   1.14274479e+01    1.14200000e+01    9.59943729e-01    9.59943729e-01
 4.35260208e+01   1.14230090e+01    1.14150000e+01    9.74473640e-01    9.74473639e-01
 4.47237790e+01   1.14222770e+01    1.14150000e+01    9.88714272e-01    9.88714272e-01
 4.59215372e+01   1.14179466e+01    1.14100000e+01    1.00267423e+00    1.00267423e+00
 4.71192954e+01   1.14173082e+01    1.14100000e+01    1.01636400e+00    1.01636400e+00
 4.83170536e+01   1.14130392e+01    1.14050000e+01    1.02979318e+00    1.02979318e+00
 4.95148118e+01   1.14124817e+01    1.14050000e+01    1.04296926e+00    1.04296926e+00
 5.07125701e+01   1.14119374e+01    1.14050000e+01    1.05589907e+00    1.05589907e+00
 5.19103283e+01   1.14077603e+01    1.14000000e+01    1.06858980e+00    1.06858980e+00
 5.31080865e+01   1.14072571e+01    1.14000000e+01    1.08104883e+00    1.08104883e+00
 5.43058447e+01   1.14067812e+01    1.14000000e+01    1.09328343e+00    1.09328343e+00
 5.55036029e+01   1.14063145e+01    1.14000000e+01    1.10530047e+00    1.10530047e+00
 5.67013611e+01   1.14021807e+01    1.13950000e+01    1.11710564e+00    1.11710564e+00
 5.78991193e+01   1.14017452e+01    1.13950000e+01    1.12870440e+00    1.12870440e+00
 5.90968775e+01   1.14013036e+01    1.13950000e+01    1.14010217e+00    1.14010217e+00
 6.02946357e+01   1.14008683e+01    1.13950000e+01    1.15130440e+00    1.15130440e+00
 6.14923939e+01   1.13967683e+01    1.13900000e+01    1.16231657e+00    1.16231657e+00
 6.26901521e+01   1.13963442e+01    1.13900000e+01    1.17314404e+00    1.17314404e+00
 6.38879103e+01   1.13959180e+01    1.13900000e+01    1.18379184e+00    1.18379184e+00
 6.50856685e+01   1.13918116e+01    1.13850000e+01    1.19426464e+00    1.19426464e+00
 6.62834267e+01   1.13913873e+01    1.13850000e+01    1.20456651e+00    1.20456651e+00
 6.74811849e+01   1.13909670e+01    1.13850000e+01    1.21470172e+00    1.21470172e+00
 6.86789432e+01   1.13905350e+01    1.13850000e+01    1.22467412e+00    1.22467412e+00
 6.98767014e+01   1.13864204e+01    1.13800000e+01    1.23448774e+00    1.23448774e+00
 7.10744596e+01   1.13859918e+01    1.13800000e+01    1.24414677e+00    1.24414677e+00
 7.22722178e+01   1.13855618e+01    1.13800000e+01    1.25365531e+00    1.25365531e+00
 7.34699760e+01   1.13814276e+01    1.13750000e+01    1.26301719e+00    1.26301719e+00
 7.46677342e+01   1.13809913e+01    1.13750000e+01    1.27223589e+00    1.27223589e+00
 7.58654924e+01   1.13805450e+01    1.13750000e+01    1.28131458e+00    1.28131458e+00
 7.70632506e+01   1.13801021e+01    1.13750000e+01    1.29025638e+00    1.29025638e+00
 7.82610088e+01   1.13759569e+01    1.13700000e+01    1.29906428e+00    1.29906428e+00
 7.94587670e+01   1.13754973e+01    1.13700000e+01    1.30774128e+00    1.30774128e+00
 8.06565252e+01   1.13750421e+01    1.13700000e+01    1.31629035e+00    1.31629035e+00
 8.18542834e+01   1.13708693e+01    1.13650000e+01    1.32471419e+00    1.32471419e+00
 8.30520416e+01   1.13704045e+01    1.13650000e+01    1.33301533e+00    1.33301533e+00
 8.42497998e+01   1.13699298e+01    1.13650000e+01    1.34119660e+00    1.34119660e+00
 8.54475580e+01   1.13657388e+01    1.13600000e+01    1.34926077e+00    1.34926077e+00
 8.66453163e+01   1.13652594e+01    1.13600000e+01    1.35721102e+00    1.35721101e+00
 8.78430745e+01   1.13647690e+01    1.13600000e+01    1.36505031e+00    1.36505031e+00
 8.90408327e+01   1.13605708e+01    1.13550000e+01    1.37278106e+00    1.37278106e+00
 9.02385909e+01   1.13600695e+01    1.13550000e+01    1.38040547e+00    1.38040547e+00
 9.14363491e+01   1.13595716e+01    1.13550000e+01    1.38792519e+00    1.38792519e+00
 9.26341073e+01   1.13553500e+01    1.13500000e+01    1.39534186e+00    1.39534186e+00
 9.38318655e+01   1.13548474e+01    1.13500000e+01    1.40265725e+00    1.40265725e+00
 9.50296237e+01   1.13506046e+01    1.13450000e+01    1.40987329e+00    1.40987329e+00
 9.62273819e+01   1.13500975e+01    1.13450000e+01    1.41699207e+00    1.41699207e+00
 9.74251401e+01   1.13495663e+01    1.13450000e+01    1.42401566e+00    1.42401566e+00
 9.86228983e+01   1.13453224e+01    1.13400000e+01    1.43094614e+00    1.43094614e+00
 9.98206565e+01   1.13447908e+01    1.13400000e+01    1.43778561e+00    1.43778561e+00
 1.01018415e+02   1.13442495e+01    1.13400000e+01    1.44453607e+00    1.44453607e+00
 1.02216173e+02   1.13399975e+01    1.13350000e+01    1.45119928e+00    1.45119928e+00
 1.03413931e+02   1.13394605e+01    1.13350000e+01    1.45777673e+00    1.45777673e+00
 1.04611689e+02   1.13351818e+01    1.13300000e+01    1.46426968e+00    1.46426968e+00
 1.05809448e+02   1.13346273e+01    1.13300000e+01    1.47067936e+00    1.47067936e+00
 1.07007206e+02   1.13303405e+01    1.13250000e+01    1.47700710e+00    1.47700710e+00
 1.08204964e+02   1.13297888e+01    1.13250000e+01    1.48325455e+00    1.48325455e+00
 1.09402722e+02   1.13292296e+01    1.13250000e+01    1.48942344e+00    1.48942344e+00
 1.10600480e+02   1.13249280e+01    1.13200000e+01    1.49551560e+00    1.49551560e+00
 1.11798239e+02   1.13243582e+01    1.13200000e+01    1.50153285e+00    1.50153285e+00
 1.12995997e+02   1.13200525e+01    1.13150000e+01    1.50747687e+00    1.50747687e+00
 1.14193755e+02   1.13194795e+01    1.13150000e+01    1.51334875e+00    1.51334875e+00
 1.15391513e+02   1.13151618e+01    1.13100000e+01    1.51914970e+00    1.51914970e+00
 1.16589271e+02   1.13145882e+01    1.13100000e+01    1.52488088e+00    1.52488087e+00
 1.17787030e+02   1.13140056e+01    1.13100000e+01    1.53054306e+00    1.53054306e+00
 1.18984788e+02   1.13096829e+01    1.13050000e+01    1.53613761e+00    1.53613761e+00
 1.20182546e+02   1.13090976e+01    1.13050000e+01    1.54166542e+00    1.54166542e+00
 1.21380304e+02   1.13047676e+01    1.13000000e+01    1.54712784e+00    1.54712784e+00
 1.22578062e+02   1.13041785e+01    1.13000000e+01    1.55252592e+00    1.55252592e+00
 1.23775821e+02   1.12998381e+01    1.12950000e+01    1.55786089e+00    1.55786089e+00
 1.24973579e+02   1.12992458e+01    1.12950000e+01    1.56313379e+00    1.56313379e+00
 1.26171337e+02   1.12949039e+01    1.12900000e+01    1.56834583e+00    1.56834583e+00
 1.27369095e+02   1.12943040e+01    1.12900000e+01    1.57349791e+00    1.57349791e+00
 1.28566853e+02   1.12937073e+01    1.12900000e+01    1.57859128e+00    1.57859128e+00
 1.29764612e+02   1.12893464e+01    1.12850000e+01    1.58362663e+00    1.58362663e+00
 1.30962370e+02   1.12887446e+01    1.12850000e+01    1.58860509e+00    1.58860509e+00
 1.32160128e+02   1.12843821e+01    1.12800000e+01    1.59352735e+00    1.59352735e+00
 1.33357886e+02   1.12837650e+01    1.12800000e+01    1.59839408e+00    1.59839408e+00
 1.34555645e+02   1.12793998e+01    1.12750000e+01    1.60320630e+00    1.60320629e+00
 1.35753403e+02   1.12787996e+01    1.12750000e+01    1.60796464e+00    1.60796464e+00
 1.36951161e+02   1.12744277e+01    1.12700000e+01    1.61266999e+00    1.61266999e+00
 1.38148919e+02   1.12738138e+01    1.12700000e+01    1.61732346e+00    1.61732346e+00
 1.39346677e+02   1.12694415e+01    1.12650000e+01    1.62192593e+00    1.62192593e+00
 1.40544436e+02   1.12688162e+01    1.12650000e+01    1.62647827e+00    1.62647827e+00
 1.41742194e+02   1.12644255e+01    1.12600000e+01    1.63098163e+00    1.63098163e+00
 1.42939952e+02   1.12638227e+01    1.12600000e+01    1.63543674e+00    1.63543674e+00
 1.44137710e+02   1.12594398e+01    1.12550000e+01    1.63984429e+00    1.63984429e+00
 1.45335468e+02   1.12588156e+01    1.12550000e+01    1.64420485e+00    1.64420485e+00
 1.46533227e+02   1.12544259e+01    1.12500000e+01    1.64851917e+00    1.64851917e+00
 1.47730985e+02   1.12537892e+01    1.12500000e+01    1.65278776e+00    1.65278776e+00
 1.48928743e+02   1.12494133e+01    1.12450000e+01    1.65701119e+00    1.65701119e+00
 1.50126501e+02   1.12487893e+01    1.12450000e+01    1.66119002e+00    1.66119002e+00
 1.51324259e+02   1.12443943e+01    1.12400000e+01    1.66532492e+00    1.66532492e+00
 1.52522018e+02   1.12437552e+01    1.12400000e+01    1.66941672e+00    1.66941672e+00
 1.53719776e+02   1.12393589e+01    1.12350000e+01    1.67346612e+00    1.67346612e+00
 1.54917534e+02   1.12387401e+01    1.12350000e+01    1.67747382e+00    1.67747382e+00
 1.56115292e+02   1.12343410e+01    1.12300000e+01    1.68144050e+00    1.68144050e+00
 1.57313050e+02   1.12337064e+01    1.12300000e+01    1.68536676e+00    1.68536676e+00
 1.58510809e+02   1.12292951e+01    1.12250000e+01    1.68925318e+00    1.68925318e+00
 1.59708567e+02   1.12286748e+01    1.12250000e+01    1.69310030e+00    1.69310030e+00
 1.60906325e+02   1.12242681e+01    1.12200000e+01    1.69690867e+00    1.69690867e+00
 1.62104083e+02   1.12236279e+01    1.12200000e+01    1.70067878e+00    1.70067878e+00
 1.63301841e+02   1.12192191e+01    1.12150000e+01    1.70441109e+00    1.70441109e+00
 1.64499600e+02   1.12185961e+01    1.12150000e+01    1.70810610e+00    1.70810610e+00
 1.65697358e+02   1.12141874e+01    1.12100000e+01    1.71176430e+00    1.71176430e+00
 1.66895116e+02   1.12135382e+01    1.12100000e+01    1.71538619e+00    1.71538619e+00
 1.68092874e+02   1.12091390e+01    1.12050000e+01    1.71897230e+00    1.71897229e+00
 1.69290633e+02   1.12085095e+01    1.12050000e+01    1.72252313e+00    1.72252313e+00
 1.70488391e+02   1.12040906e+01    1.12000000e+01    1.72603921e+00    1.72603921e+00
 1.71686149e+02   1.12034541e+01    1.12000000e+01    1.72952100e+00    1.72952100e+00
 1.72883907e+02   1.11990463e+01    1.11950000e+01    1.73296900e+00    1.73296900e+00
 1.74081665e+02   1.11984155e+01    1.11950000e+01    1.73638364e+00    1.73638364e+00
 1.75279424e+02   1.11939784e+01    1.11900000e+01    1.73976537e+00    1.73976537e+00
 1.76477182e+02   1.11933644e+01    1.11900000e+01    1.74311460e+00    1.74311460e+00
 1.77674940e+02   1.11889463e+01    1.11850000e+01    1.74643174e+00    1.74643174e+00
 1.78872698e+02   1.11883015e+01    1.11850000e+01    1.74971720e+00    1.74971720e+00
 1.80070456e+02   1.11838854e+01    1.11800000e+01    1.75297137e+00    1.75297137e+00
 1.81268215e+02   1.11832609e+01    1.11800000e+01    1.75619466e+00    1.75619466e+00
 1.82465973e+02   1.11788268e+01    1.11750000e+01    1.75938747e+00    1.75938747e+00
 1.83663731e+02   1.11782014e+01    1.11750000e+01    1.76255020e+00    1.76255020e+00
 1.84861489e+02   1.11737780e+01    1.11700000e+01    1.76568327e+00    1.76568327e+00
 1.86059247e+02   1.11731455e+01    1.11700000e+01    1.76878706e+00    1.76878706e+00
 1.87257006e+02   1.11687168e+01    1.11650000e+01    1.77186198e+00    1.77186198e+00
 1.88454764e+02   1.11680952e+01    1.11650000e+01    1.77490842e+00    1.77490842e+00
 1.89652522e+02   1.11636618e+01    1.11600000e+01    1.77792675e+00    1.77792675e+00
 1.90850280e+02   1.11630349e+01    1.11600000e+01    1.78091735e+00    1.78091735e+00
 1.92048038e+02   1.11586085e+01    1.11550000e+01    1.78388059e+00    1.78388059e+00
 1.93245797e+02   1.11579821e+01    1.11550000e+01    1.78681682e+00    1.78681682e+00
 1.94443555e+02   1.11535493e+01    1.11500000e+01    1.78972640e+00    1.78972640e+00
 1.95641313e+02   1.11529330e+01    1.11500000e+01    1.79260969e+00    1.79260969e+00
 1.96839071e+02   1.11484984e+01    1.11450000e+01    1.79546700e+00    1.79546700e+00
 1.98036829e+02   1.11478814e+01    1.11450000e+01    1.79829865e+00    1.79829864e+00
 1.99234588e+02   1.11434478e+01    1.11400000e+01    1.80110491e+00    1.80110491e+00
 2.00432346e+02   1.11428236e+01    1.11400000e+01    1.80388611e+00    1.80388611e+00
 2.01630104e+02   1.11383916e+01    1.11350000e+01    1.80664259e+00    1.80664259e+00
 2.02827862e+02   1.11377736e+01    1.11350000e+01    1.80937464e+00    1.80937464e+00
 2.04025620e+02   1.11333266e+01    1.11300000e+01    1.81208255e+00    1.81208255e+00
 2.05223379e+02   1.11289082e+01    1.11250000e+01    1.81476660e+00    1.81476660e+00
 2.06421137e+02   1.11282852e+01    1.11250000e+01    1.81742709e+00    1.81742709e+00
 2.07618895e+02   1.11238442e+01    1.11200000e+01    1.82006431e+00    1.82006431e+00
 2.08816653e+02   1.11232445e+01    1.11200000e+01    1.82267847e+00    1.82267847e+00
 2.10014412e+02   1.11188069e+01    1.11150000e+01    1.82526978e+00    1.82526978e+00
 2.11212170e+02   1.11181764e+01    1.11150000e+01    1.82783857e+00    1.82783857e+00
 2.12409928e+02   1.11137560e+01    1.11100000e+01    1.83038514e+00    1.83038514e+00
 2.13607686e+02   1.11131336e+01    1.11100000e+01    1.83290974e+00    1.83290974e+00
 2.14805444e+02   1.11087008e+01    1.11050000e+01    1.83541263e+00    1.83541263e+00
 2.16003203e+02   1.11080941e+01    1.11050000e+01    1.83789412e+00    1.83789412e+00
 2.17200961e+02   1.11036556e+01    1.11000000e+01    1.84035439e+00    1.84035439e+00
 2.18398719e+02   1.11030524e+01    1.11000000e+01    1.84279359e+00    1.84279359e+00
 2.19596477e+02   1.10986141e+01    1.10950000e+01    1.84521203e+00    1.84521203e+00
 2.20794235e+02   1.10979924e+01    1.10950000e+01    1.84761001e+00    1.84761000e+00
 2.21991994e+02   1.10935718e+01    1.10900000e+01    1.84998772e+00    1.84998772e+00
 2.23189752e+02   1.10929600e+01    1.10900000e+01    1.85234545e+00    1.85234545e+00
 2.24387510e+02   1.10885295e+01    1.10850000e+01    1.85468341e+00    1.85468341e+00
 2.25585268e+02   1.10879280e+01    1.10850000e+01    1.85700165e+00    1.85700165e+00
 2.26783026e+02   1.10834801e+01    1.10800000e+01    1.85930047e+00    1.85930047e+00
 2.27980785e+02   1.10828869e+01    1.10800000e+01    1.86158018e+00    1.86158017e+00
 2.29178543e+02   1.10784518e+01    1.10750000e+01    1.86384094e+00    1.86384094e+00
 2.30376301e+02   1.10778438e+01    1.10750000e+01    1.86608305e+00    1.86608305e+00
 2.31574059e+02   1.10734224e+01    1.10700000e+01    1.86830661e+00    1.86830661e+00
 2.32771817e+02   1.10728156e+01    1.10700000e+01    1.87051172e+00    1.87051172e+00
 2.33969576e+02   1.10683818e+01    1.10650000e+01    1.87269874e+00    1.87269874e+00
 2.35167334e+02   1.10677864e+01    1.10650000e+01    1.87486788e+00    1.87486788e+00
 2.36365092e+02   1.10633416e+01    1.10600000e+01    1.87701936e+00    1.87701936e+00
 2.37562850e+02   1.10627657e+01    1.10600000e+01    1.87915338e+00    1.87915337e+00
 2.38760608e+02   1.10583281e+01    1.10550000e+01    1.88126991e+00    1.88126991e+00
 2.39958367e+02   1.10577257e+01    1.10550000e+01    1.88336932e+00    1.88336931e+00
 2.41156125e+02   1.10532940e+01    1.10500000e+01    1.88545181e+00    1.88545181e+00
 2.42353883e+02   1.10527004e+01    1.10500000e+01    1.88751761e+00    1.88751761e+00
 2.43551641e+02   1.10482841e+01    1.10450000e+01    1.88956685e+00    1.88956685e+00
 2.44749400e+02   1.10476882e+01    1.10450000e+01    1.89159951e+00    1.89159951e+00
 2.45947158e+02   1.10432426e+01    1.10400000e+01    1.89361597e+00    1.89361597e+00
 2.47144916e+02   1.10426625e+01    1.10400000e+01    1.89561638e+00    1.89561638e+00
 2.48342674e+02   1.10382355e+01    1.10350000e+01    1.89760099e+00    1.89760099e+00
 2.49540432e+02   1.10376565e+01    1.10350000e+01    1.89956979e+00    1.89956979e+00
 2.50738191e+02   1.10332178e+01    1.10300000e+01    1.90152289e+00    1.90152289e+00
 2.51935949e+02   1.10326223e+01    1.10300000e+01    1.90346064e+00    1.90346064e+00
 2.53133707e+02   1.10282051e+01    1.10250000e+01    1.90538316e+00    1.90538316e+00
 2.54331465e+02   1.10276323e+01    1.10250000e+01    1.90729068e+00    1.90729068e+00
 2.55529223e+02   1.10231939e+01    1.10200000e+01    1.90918306e+00    1.90918306e+00
 2.56726982e+02   1.10226128e+01    1.10200000e+01    1.91106066e+00    1.91106066e+00
 2.57924740e+02   1.10181718e+01    1.10150000e+01    1.91292365e+00    1.91292365e+00
 2.59122498e+02   1.10176176e+01    1.10150000e+01    1.91477226e+00    1.91477226e+00
 2.60320256e+02   1.10131855e+01    1.10100000e+01    1.91660641e+00    1.91660641e+00
 2.61518014e+02   1.10126017e+01    1.10100000e+01    1.91842627e+00    1.91842627e+00
 2.62715773e+02   1.10081708e+01    1.10050000e+01    1.92023215e+00    1.92023215e+00
 2.63913531e+02   1.10075997e+01    1.10050000e+01    1.92202419e+00    1.92202419e+00
 2.65111289e+02   1.10031865e+01    1.10000000e+01    1.92380244e+00    1.92380244e+00
 2.66309047e+02   1.10026073e+01    1.10000000e+01    1.92556689e+00    1.92556689e+00
 2.67506805e+02   1.09981717e+01    1.09950000e+01    1.92731793e+00    1.92731793e+00
 2.68704564e+02   1.09976079e+01    1.09950000e+01    1.92905567e+00    1.92905567e+00
 2.69902322e+02   1.09931880e+01    1.09900000e+01    1.93078023e+00    1.93078023e+00
 2.71100080e+02   1.09926219e+01    1.09900000e+01    1.93249149e+00    1.93249149e+00
 2.72297838e+02   1.09881923e+01    1.09850000e+01    1.93418987e+00    1.93418987e+00
 2.73495596e+02   1.09876205e+01    1.09850000e+01    1.93587548e+00    1.93587548e+00
 2.74693355e+02   1.09832099e+01    1.09800000e+01    1.93754845e+00    1.93754845e+00
 2.75891113e+02   1.09826410e+01    1.09800000e+01    1.93920862e+00    1.93920862e+00
 2.77088871e+02   1.09782205e+01    1.09750000e+01    1.94085642e+00    1.94085642e+00
 2.78286629e+02   1.09776568e+01    1.09750000e+01    1.94249194e+00    1.94249194e+00
 2.79484388e+02   1.09732337e+01    1.09700000e+01    1.94411530e+00    1.94411530e+00
 2.80682146e+02   1.09726775e+01    1.09700000e+01    1.94572635e+00    1.94572635e+00
 2.81879904e+02   1.09682559e+01    1.09650000e+01    1.94732550e+00    1.94732550e+00
 2.83077662e+02   1.09677008e+01    1.09650000e+01    1.94891286e+00    1.94891286e+00
 2.84275420e+02   1.09632846e+01    1.09600000e+01    1.95048847e+00    1.95048847e+00
 2.85473179e+02   1.09627147e+01    1.09600000e+01    1.95205224e+00    1.95205224e+00
 2.86670937e+02   1.09583084e+01    1.09550000e+01    1.95360457e+00    1.95360457e+00
 2.87868695e+02   1.09577533e+01    1.09550000e+01    1.95514556e+00    1.95514556e+00
 2.89066453e+02   1.09533408e+01    1.09500000e+01    1.95667518e+00    1.95667518e+00
 2.90264211e+02   1.09527789e+01    1.09500000e+01    1.95819345e+00    1.95819345e+00
 2.91461970e+02   1.09483620e+01    1.09450000e+01    1.95970070e+00    1.95970070e+00
 2.92659728e+02   1.09478231e+01    1.09450000e+01    1.96119708e+00    1.96119708e+00
 2.93857486e+02   1.09472830e+01    1.09450000e+01    1.96268240e+00    1.96268240e+00
 2.95055244e+02   1.09428492e+01    1.09400000e+01    1.96415691e+00    1.96415691e+00
 2.96253002e+02   1.09423158e+01    1.09400000e+01    1.96562079e+00    1.96562079e+00
 2.97450761e+02   1.09378941e+01    1.09350000e+01    1.96707423e+00    1.96707423e+00
 2.98648519e+02   1.09373610e+01    1.09350000e+01    1.96851695e+00    1.96851695e+00
 2.99846277e+02   1.09329311e+01    1.09300000e+01    1.96994936e+00    1.96994936e+00
 3.01044035e+02   1.09323988e+01    1.09300000e+01    1.97137156e+00    1.97137156e+00
 3.02241793e+02   1.09279880e+01    1.09250000e+01    1.97278363e+00    1.97278363e+00
 3.03439552e+02   1.09274426e+01    1.09250000e+01    1.97418540e+00    1.97418540e+00
 3.04637310e+02   1.09230300e+01    1.09200000e+01    1.97557727e+00    1.97557727e+00
 3.05835068e+02   1.09224957e+01    1.09200000e+01    1.97695936e+00    1.97695936e+00
 3.07032826e+02   1.09180849e+01    1.09150000e+01    1.97833151e+00    1.97833151e+00
 3.08230584e+02   1.09175495e+01    1.09150000e+01    1.97969388e+00    1.97969388e+00
 3.09428343e+02   1.09131340e+01    1.09100000e+01    1.98104666e+00    1.98104666e+00
 3.10626101e+02   1.09126098e+01    1.09100000e+01    1.98239004e+00    1.98239004e+00
 3.11823859e+02   1.09081941e+01    1.09050000e+01    1.98372369e+00    1.98372369e+00
 3.13021617e+02   1.09076621e+01    1.09050000e+01    1.98504802e+00    1.98504802e+00
 3.14219376e+02   1.09032630e+01    1.09000000e+01    1.98636312e+00    1.98636312e+00
 3.15417134e+02   1.09027286e+01    1.09000000e+01    1.98766900e+00    1.98766900e+00
 3.16614892e+02   1.09022125e+01    1.09000000e+01    1.98896556e+00    1.98896556e+00
 3.17812650e+02   1.08977876e+01    1.08950000e+01    1.99025313e+00    1.99025313e+00
 3.19010408e+02   1.08972842e+01    1.08950000e+01    1.99153187e+00    1.99153187e+00
 3.20208167e+02   1.08928633e+01    1.08900000e+01    1.99280147e+00    1.99280147e+00
 3.21405925e+02   1.08923422e+01    1.08900000e+01    1.99406227e+00    1.99406227e+00
 3.22603683e+02   1.08879299e+01    1.08850000e+01    1.99531439e+00    1.99531439e+00
 3.23801441e+02   1.08874225e+01    1.08850000e+01    1.99655790e+00    1.99655790e+00
 3.24999199e+02   1.08830086e+01    1.08800000e+01    1.99779260e+00    1.99779260e+00
 3.26196958e+02   1.08824903e+01    1.08800000e+01    1.99901887e+00    1.99901887e+00
 3.27394716e+02   1.08780899e+01    1.08750000e+01    2.00023684e+00    2.00023684e+00
 3.28592474e+02   1.08775680e+01    1.08750000e+01    2.00144624e+00    2.00144624e+00
 3.29790232e+02   1.08731742e+01    1.08700000e+01    2.00264736e+00    2.00264736e+00
 3.30987990e+02   1.08726513e+01    1.08700000e+01    2.00384032e+00    2.00384032e+00
 3.32185749e+02   1.08721608e+01    1.08700000e+01    2.00502522e+00    2.00502522e+00
 3.33383507e+02   1.08677303e+01    1.08650000e+01    2.00620181e+00    2.00620181e+00
 3.34581265e+02   1.08672366e+01    1.08650000e+01    2.00737048e+00    2.00737048e+00
 3.35779023e+02   1.08628369e+01    1.08600000e+01    2.00853135e+00    2.00853135e+00
 3.36976781e+02   1.08623236e+01    1.08600000e+01    2.00968414e+00    2.00968414e+00
 3.38174540e+02   1.08579144e+01    1.08550000e+01    2.01082914e+00    2.01082914e+00
 3.39372298e+02   1.08574113e+01    1.08550000e+01    2.01196645e+00    2.01196645e+00
 3.40570056e+02   1.08530243e+01    1.08500000e+01    2.01309615e+00    2.01309615e+00
 3.41767814e+02   1.08525106e+01    1.08500000e+01    2.01421801e+00    2.01421801e+00
 3.42965572e+02   1.08481093e+01    1.08450000e+01    2.01533238e+00    2.01533238e+00
 3.44163331e+02   1.08476087e+01    1.08450000e+01    2.01643941e+00    2.01643941e+00
 3.45361089e+02   1.08471272e+01    1.08450000e+01    2.01753877e+00    2.01753877e+00
 3.46558847e+02   1.08427098e+01    1.08400000e+01    2.01863078e+00    2.01863078e+00
 3.47756605e+02   1.08422219e+01    1.08400000e+01    2.01971555e+00    2.01971555e+00
 3.48954363e+02   1.08378139e+01    1.08350000e+01    2.02079307e+00    2.02079307e+00
 3.50152122e+02   1.08373212e+01    1.08350000e+01    2.02186322e+00    2.02186322e+00
 3.51349880e+02   1.08329288e+01    1.08300000e+01    2.02292629e+00    2.02292629e+00
 3.52547638e+02   1.08324369e+01    1.08300000e+01    2.02398243e+00    2.02398243e+00
 3.53745396e+02   1.08280345e+01    1.08250000e+01    2.02503129e+00    2.02503129e+00
 3.54943155e+02   1.08275355e+01    1.08250000e+01    2.02607325e+00    2.02607325e+00
 3.56140913e+02   1.08270773e+01    1.08250000e+01    2.02710839e+00    2.02710839e+00
 3.57338671e+02   1.08226642e+01    1.08200000e+01    2.02813663e+00    2.02813663e+00
 3.58536429e+02   1.08221757e+01    1.08200000e+01    2.02915796e+00    2.02915796e+00
 3.59734187e+02   1.08177697e+01    1.08150000e+01    2.03017262e+00    2.03017262e+00
 3.60931946e+02   1.08173032e+01    1.08150000e+01    2.03118074e+00    2.03118074e+00
 3.62129704e+02   1.08129015e+01    1.08100000e+01    2.03218198e+00    2.03218198e+00
 3.63327462e+02   1.08124098e+01    1.08100000e+01    2.03317673e+00    2.03317673e+00
 3.64525220e+02   1.08080241e+01    1.08050000e+01    2.03416510e+00    2.03416510e+00
 3.65722978e+02   1.08075405e+01    1.08050000e+01    2.03514685e+00    2.03514684e+00
 3.66920737e+02   1.08070803e+01    1.08050000e+01    2.03612216e+00    2.03612216e+00
 3.68118495e+02   1.08026657e+01    1.08000000e+01    2.03709118e+00    2.03709118e+00
 3.69316253e+02   1.08021977e+01    1.08000000e+01    2.03805398e+00    2.03805398e+00
 3.70514011e+02   1.07977980e+01    1.07950000e+01    2.03901031e+00    2.03901031e+00
 3.71711769e+02   1.07973257e+01    1.07950000e+01    2.03996050e+00    2.03996049e+00
 3.72909528e+02   1.07929439e+01    1.07900000e+01    2.04090469e+00    2.04090469e+00
 3.74107286e+02   1.07924514e+01    1.07900000e+01    2.04184252e+00    2.04184252e+00
 3.75305044e+02   1.07920048e+01    1.07900000e+01    2.04277435e+00    2.04277435e+00
 3.76502802e+02   1.07876025e+01    1.07850000e+01    2.04370025e+00    2.04370025e+00
 3.77700560e+02   1.07871413e+01    1.07850000e+01    2.04462013e+00    2.04462013e+00
 3.78898319e+02   1.07827323e+01    1.07800000e+01    2.04553398e+00    2.04553398e+00
 3.80096077e+02   1.07822673e+01    1.07800000e+01    2.04644199e+00    2.04644199e+00
 3.81293835e+02   1.07778960e+01    1.07750000e+01    2.04734431e+00    2.04734431e+00
 3.82491593e+02   1.07774159e+01    1.07750000e+01    2.04824058e+00    2.04824058e+00
 3.83689351e+02   1.07730288e+01    1.07700000e+01    2.04913118e+00    2.04913118e+00
 3.84887110e+02   1.07725628e+01    1.07700000e+01    2.05001621e+00    2.05001621e+00
 3.86084868e+02   1.07721170e+01    1.07700000e+01    2.05089540e+00    2.05089540e+00
 3.87282626e+02   1.07677143e+01    1.07650000e+01    2.05176897e+00    2.05176897e+00
 3.88480384e+02   1.07672495e+01    1.07650000e+01    2.05263701e+00    2.05263701e+00
 3.89678143e+02   1.07628746e+01    1.07600000e+01    2.05349959e+00    2.05349959e+00
 3.90875901e+02   1.07624097e+01    1.07600000e+01    2.05435648e+00    2.05435648e+00
 3.92073659e+02   1.07619737e+01    1.07600000e+01    2.05520798e+00    2.05520798e+00
 3.93271417e+02   1.07575638e+01    1.07550000e+01    2.05605423e+00    2.05605423e+00
 3.94469175e+02   1.07571162e+01    1.07550000e+01    2.05689486e+00    2.05689486e+00
 3.95666934e+02   1.07527306e+01    1.07500000e+01    2.05773022e+00    2.05773022e+00
 3.96864692e+02   1.07522761e+01    1.07500000e+01    2.05856039e+00    2.05856039e+00
 3.98062450e+02   1.07478931e+01    1.07450000e+01    2.05938524e+00    2.05938524e+00
 3.99260208e+02   1.07474334e+01    1.07450000e+01    2.06020480e+00    2.06020480e+00
 4.00457966e+02   1.07470058e+01    1.07450000e+01    2.06101922e+00    2.06101922e+00
 4.01655725e+02   1.07426075e+01    1.07400000e+01    2.06182866e+00    2.06182865e+00
 4.02853483e+02   1.07421536e+01    1.07400000e+01    2.06263275e+00    2.06263275e+00
 4.04051241e+02   1.07377742e+01    1.07350000e+01    2.06343186e+00    2.06343186e+00
 4.05248999e+02   1.07373353e+01    1.07350000e+01    2.06422611e+00    2.06422611e+00
 4.06446757e+02   1.07329548e+01    1.07300000e+01    2.06501517e+00    2.06501516e+00
 4.07644516e+02   1.07324904e+01    1.07300000e+01    2.06579931e+00    2.06579931e+00
 4.08842274e+02   1.07320702e+01    1.07300000e+01    2.06657861e+00    2.06657861e+00
 4.10040032e+02   1.07276819e+01    1.07250000e+01    2.06735307e+00    2.06735307e+00
 4.11237790e+02   1.07272294e+01    1.07250000e+01    2.06812254e+00    2.06812254e+00
 4.12435548e+02   1.07228548e+01    1.07200000e+01    2.06888726e+00    2.06888726e+00
 4.13633307e+02   1.07224216e+01    1.07200000e+01    2.06964740e+00    2.06964740e+00
 4.14831065e+02   1.07219949e+01    1.07200000e+01    2.07040254e+00    2.07040254e+00
 4.16028823e+02   1.07175879e+01    1.07150000e+01    2.07115307e+00    2.07115307e+00
 4.17226581e+02   1.07171653e+01    1.07150000e+01    2.07189907e+00    2.07189907e+00
 4.18424339e+02   1.07127949e+01    1.07100000e+01    2.07264031e+00    2.07264031e+00
 4.19622098e+02   1.07123435e+01    1.07100000e+01    2.07337694e+00    2.07337694e+00
 4.20819856e+02   1.07119301e+01    1.07100000e+01    2.07410904e+00    2.07410904e+00
 4.22017614e+02   1.07075427e+01    1.07050000e+01    2.07483674e+00    2.07483674e+00
 4.23215372e+02   1.07071103e+01    1.07050000e+01    2.07555974e+00    2.07555974e+00
 4.24413131e+02   1.07027230e+01    1.07000000e+01    2.07627833e+00    2.07627833e+00
 4.25610889e+02   1.07022973e+01    1.07000000e+01    2.07699267e+00    2.07699267e+00
 4.26808647e+02   1.07018996e+01    1.07000000e+01    2.07770237e+00    2.07770237e+00
 4.28006405e+02   1.06974905e+01    1.06950000e+01    2.07840777e+00    2.07840777e+00
 4.29204163e+02   1.06970678e+01    1.06950000e+01    2.07910890e+00    2.07910890e+00
 4.30401922e+02   1.06926963e+01    1.06900000e+01    2.07980572e+00    2.07980572e+00
 4.31599680e+02   1.06922674e+01    1.06900000e+01    2.08049815e+00    2.08049815e+00
 4.32797438e+02   1.06878968e+01    1.06850000e+01    2.08118636e+00    2.08118636e+00
 4.33995196e+02   1.06874646e+01    1.06850000e+01    2.08187054e+00    2.08187054e+00
 4.35192954e+02   1.06870548e+01    1.06850000e+01    2.08255027e+00    2.08255027e+00
 4.36390713e+02   1.06826687e+01    1.06800000e+01    2.08322591e+00    2.08322591e+00
 4.37588471e+02   1.06822450e+01    1.06800000e+01    2.08389756e+00    2.08389756e+00
 4.38786229e+02   1.06778902e+01    1.06750000e+01    2.08456496e+00    2.08456496e+00
 4.39983987e+02   1.06774555e+01    1.06750000e+01    2.08522828e+00    2.08522828e+00
 4.41181745e+02   1.06770416e+01    1.06750000e+01    2.08588758e+00    2.08588758e+00
 4.42379504e+02   1.06726704e+01    1.06700000e+01    2.08654299e+00    2.08654299e+00
 4.43577262e+02   1.06722494e+01    1.06700000e+01    2.08719420e+00    2.08719420e+00
 4.44775020e+02   1.06718652e+01    1.06700000e+01    2.08784150e+00    2.08784150e+00
 4.45972778e+02   1.06674609e+01    1.06650000e+01    2.08848505e+00    2.08848505e+00
 4.47170536e+02   1.06670562e+01    1.06650000e+01    2.08912446e+00    2.08912446e+00
 4.48368295e+02   1.06626866e+01    1.06600000e+01    2.08976005e+00    2.08976005e+00
 4.49566053e+02   1.06622611e+01    1.06600000e+01    2.09039185e+00    2.09039185e+00
 4.50763811e+02   1.06618831e+01    1.06600000e+01    2.09101986e+00    2.09101986e+00
 4.51961569e+02   1.06574894e+01    1.06550000e+01    2.09164394e+00    2.09164394e+00
 4.53159327e+02   1.06570755e+01    1.06550000e+01    2.09226428e+00    2.09226428e+00
 4.54357086e+02   1.06527149e+01    1.06500000e+01    2.09288107e+00    2.09288107e+00
 4.55554844e+02   1.06523001e+01    1.06500000e+01    2.09349389e+00    2.09349389e+00
 4.56752602e+02   1.06519131e+01    1.06500000e+01    2.09410310e+00    2.09410310e+00
 4.57950360e+02   1.06475200e+01    1.06450000e+01    2.09470875e+00    2.09470875e+00
 4.59148118e+02   1.06471249e+01    1.06450000e+01    2.09531070e+00    2.09531069e+00
 4.60345877e+02   1.06427632e+01    1.06400000e+01    2.09590897e+00    2.09590897e+00
 4.61543635e+02   1.06423393e+01    1.06400000e+01    2.09650368e+00    2.09650368e+00
 4.62741393e+02   1.06419638e+01    1.06400000e+01    2.09709500e+00    2.09709500e+00
 4.63939151e+02   1.06375835e+01    1.06350000e+01    2.09768254e+00    2.09768253e+00
 4.65136910e+02   1.06371755e+01    1.06350000e+01    2.09826663e+00    2.09826663e+00
 4.66334668e+02   1.06328236e+01    1.06300000e+01    2.09884738e+00    2.09884738e+00
 4.67532426e+02   1.06324142e+01    1.06300000e+01    2.09942451e+00    2.09942451e+00
 4.68730184e+02   1.06320242e+01    1.06300000e+01    2.09999821e+00    2.09999821e+00
 4.69927942e+02   1.06276477e+01    1.06250000e+01    2.10056850e+00    2.10056850e+00
 4.71125701e+02   1.06272557e+01    1.06250000e+01    2.10113554e+00    2.10113554e+00
 4.72323459e+02   1.06268852e+01    1.06250000e+01    2.10169899e+00    2.10169899e+00
 4.73521217e+02   1.06224849e+01    1.06200000e+01    2.10225913e+00    2.10225913e+00
 4.74718975e+02   1.06221036e+01    1.06200000e+01    2.10281613e+00    2.10281613e+00
 4.75916733e+02   1.06177505e+01    1.06150000e+01    2.10336961e+00    2.10336961e+00
 4.77114492e+02   1.06173334e+01    1.06150000e+01    2.10391984e+00    2.10391984e+00
 4.78312250e+02   1.06169586e+01    1.06150000e+01    2.10446683e+00    2.10446683e+00
 4.79510008e+02   1.06126007e+01    1.06100000e+01    2.10501068e+00    2.10501068e+00
 4.80707766e+02   1.06121905e+01    1.06100000e+01    2.10555113e+00    2.10555112e+00
 4.81905524e+02   1.06118343e+01    1.06100000e+01    2.10608840e+00    2.10608840e+00
 4.83103283e+02   1.06074554e+01    1.06050000e+01    2.10662268e+00    2.10662268e+00
 4.84301041e+02   1.06070582e+01    1.06050000e+01    2.10715358e+00    2.10715358e+00
 4.85498799e+02   1.06026987e+01    1.06000000e+01    2.10768139e+00    2.10768139e+00
 4.86696557e+02   1.06023109e+01    1.06000000e+01    2.10820611e+00    2.10820611e+00
 4.87894315e+02   1.06019409e+01    1.06000000e+01    2.10872780e+00    2.10872780e+00
 4.89092074e+02   1.05975601e+01    1.05950000e+01    2.10924626e+00    2.10924626e+00
 4.90289832e+02   1.05971792e+01    1.05950000e+01    2.10976168e+00    2.10976168e+00
 4.91487590e+02   1.05968342e+01    1.05950000e+01    2.11027425e+00    2.11027425e+00
 4.92685348e+02   1.05924291e+01    1.05900000e+01    2.11078356e+00    2.11078356e+00
 4.93883106e+02   1.05920615e+01    1.05900000e+01    2.11128993e+00    2.11128993e+00
 4.95080865e+02   1.05877064e+01    1.05850000e+01    2.11179336e+00    2.11179336e+00
 4.96278623e+02   1.05873102e+01    1.05850000e+01    2.11229388e+00    2.11229388e+00
 4.97476381e+02   1.05869532e+01    1.05850000e+01    2.11279131e+00    2.11279131e+00
 4.98674139e+02   1.05825808e+01    1.05800000e+01    2.11328583e+00    2.11328583e+00
 4.99871898e+02   1.05821971e+01    1.05800000e+01    2.11377763e+00    2.11377763e+00
 5.01069656e+02   1.05818552e+01    1.05800000e+01    2.11426632e+00    2.11426632e+00
 5.02267414e+02   1.05774670e+01    1.05750000e+01    2.11475219e+00    2.11475219e+00
 5.03465172e+02   1.05770848e+01    1.05750000e+01    2.11523524e+00    2.11523524e+00
 5.04662930e+02   1.05727564e+01    1.05700000e+01    2.11571552e+00    2.11571552e+00
 5.05860689e+02   1.05723592e+01    1.05700000e+01    2.11619284e+00    2.11619284e+00
 5.07058447e+02   1.05719851e+01    1.05700000e+01    2.11666737e+00    2.11666737e+00
 5.08256205e+02   1.05676488e+01    1.05650000e+01    2.11713931e+00    2.11713931e+00
 5.09453963e+02   1.05672577e+01    1.05650000e+01    2.11760827e+00    2.11760827e+00
 5.10651721e+02   1.05668990e+01    1.05650000e+01    2.11807453e+00    2.11807453e+00
 5.11849480e+02   1.05625390e+01    1.05600000e+01    2.11853809e+00    2.11853809e+00
 5.13047238e+02   1.05621668e+01    1.05600000e+01    2.11899903e+00    2.11899903e+00
 5.14244996e+02   1.05618211e+01    1.05600000e+01    2.11945710e+00    2.11945710e+00
 5.15442754e+02   1.05574417e+01    1.05550000e+01    2.11991252e+00    2.11991252e+00
 5.16640512e+02   1.05570791e+01    1.05550000e+01    2.12036546e+00    2.12036546e+00
 5.17838271e+02   1.05527271e+01    1.05500000e+01    2.12081556e+00    2.12081556e+00
 5.19036029e+02   1.05523558e+01    1.05500000e+01    2.12126307e+00    2.12126307e+00
 5.20233787e+02   1.05519920e+01    1.05500000e+01    2.12170796e+00    2.12170796e+00
 5.21431545e+02   1.05476434e+01    1.05450000e+01    2.12215041e+00    2.12215041e+00
 5.22629303e+02   1.05472736e+01    1.05450000e+01    2.12259007e+00    2.12259007e+00
 5.23827062e+02   1.05469181e+01    1.05450000e+01    2.12302722e+00    2.12302722e+00
 5.25024820e+02   1.05425596e+01    1.05400000e+01    2.12346196e+00    2.12346196e+00
 5.26222578e+02   1.05421994e+01    1.05400000e+01    2.12389404e+00    2.12389404e+00
 5.27420336e+02   1.05418538e+01    1.05400000e+01    2.12432361e+00    2.12432361e+00
 5.28618094e+02   1.05374764e+01    1.05350000e+01    2.12475065e+00    2.12475065e+00
 5.29815853e+02   1.05371331e+01    1.05350000e+01    2.12517541e+00    2.12517541e+00
 5.31013611e+02   1.05367955e+01    1.05350000e+01    2.12559745e+00    2.12559745e+00
 5.32211369e+02   1.05324071e+01    1.05300000e+01    2.12601711e+00    2.12601711e+00
 5.33409127e+02   1.05320644e+01    1.05300000e+01    2.12643442e+00    2.12643442e+00
 5.34606886e+02   1.05317505e+01    1.05300000e+01    2.12684928e+00    2.12684928e+00
 5.35804644e+02   1.05273462e+01    1.05250000e+01    2.12726165e+00    2.12726165e+00
 5.37002402e+02   1.05270013e+01    1.05250000e+01    2.12767162e+00    2.12767162e+00
 5.38200160e+02   1.05226580e+01    1.05200000e+01    2.12807941e+00    2.12807941e+00
 5.39397918e+02   1.05222890e+01    1.05200000e+01    2.12848461e+00    2.12848461e+00
 5.40595677e+02   1.05219510e+01    1.05200000e+01    2.12888752e+00    2.12888752e+00
 5.41793435e+02   1.05175906e+01    1.05150000e+01    2.12928811e+00    2.12928811e+00
 5.42991193e+02   1.05172412e+01    1.05150000e+01    2.12968648e+00    2.12968648e+00
 5.44188951e+02   1.05169040e+01    1.05150000e+01    2.13008237e+00    2.13008237e+00
 5.45386709e+02   1.05125337e+01    1.05100000e+01    2.13047599e+00    2.13047599e+00
 5.46584468e+02   1.05121927e+01    1.05100000e+01    2.13086749e+00    2.13086749e+00
 5.47782226e+02   1.05118617e+01    1.05100000e+01    2.13125657e+00    2.13125657e+00
 5.48979984e+02   1.05074924e+01    1.05050000e+01    2.13164342e+00    2.13164342e+00
 5.50177742e+02   1.05071415e+01    1.05050000e+01    2.13202799e+00    2.13202799e+00
 5.51375500e+02   1.05068268e+01    1.05050000e+01    2.13241054e+00    2.13241054e+00
 5.52573259e+02   1.05024549e+01    1.05000000e+01    2.13279063e+00    2.13279063e+00
 5.53771017e+02   1.05021030e+01    1.05000000e+01    2.13316859e+00    2.13316859e+00
 5.54968775e+02   1.05017908e+01    1.05000000e+01    2.13354442e+00    2.13354442e+00
 5.56166533e+02   1.04974249e+01    1.04950000e+01    2.13391810e+00    2.13391810e+00
 5.57364291e+02   1.04970673e+01    1.04950000e+01    2.13428950e+00    2.13428950e+00
 5.58562050e+02   1.04967636e+01    1.04950000e+01    2.13465876e+00    2.13465876e+00
 5.59759808e+02   1.04923942e+01    1.04900000e+01    2.13502606e+00    2.13502606e+00
 5.60957566e+02   1.04920364e+01    1.04900000e+01    2.13539105e+00    2.13539105e+00
 5.62155324e+02   1.04917474e+01    1.04900000e+01    2.13575397e+00    2.13575397e+00
 5.63353082e+02   1.04873568e+01    1.04850000e+01    2.13611477e+00    2.13611477e+00
 5.64550841e+02   1.04870181e+01    1.04850000e+01    2.13647366e+00    2.13647366e+00
 5.65748599e+02   1.04867344e+01    1.04850000e+01    2.13683025e+00    2.13683025e+00
 5.66946357e+02   1.04823329e+01    1.04800000e+01    2.13718484e+00    2.13718484e+00
 5.68144115e+02   1.04819917e+01    1.04800000e+01    2.13753744e+00    2.13753744e+00
 5.69341873e+02   1.04817248e+01    1.04800000e+01    2.13788802e+00    2.13788802e+00
 5.70539632e+02   1.04773111e+01    1.04750000e+01    2.13823647e+00    2.13823647e+00
 5.71737390e+02   1.04769783e+01    1.04750000e+01    2.13858290e+00    2.13858290e+00
 5.72935148e+02   1.04726573e+01    1.04700000e+01    2.13892752e+00    2.13892752e+00
 5.74132906e+02   1.04722938e+01    1.04700000e+01    2.13926996e+00    2.13926996e+00
 5.75330665e+02   1.04719769e+01    1.04700000e+01    2.13961046e+00    2.13961046e+00
 5.76528423e+02   1.04676321e+01    1.04650000e+01    2.13994896e+00    2.13994896e+00
 5.77726181e+02   1.04672901e+01    1.04650000e+01    2.14028570e+00    2.14028570e+00
 5.78923939e+02   1.04669711e+01    1.04650000e+01    2.14062025e+00    2.14062025e+00
 5.80121697e+02   1.04626248e+01    1.04600000e+01    2.14095295e+00    2.14095295e+00
 5.81319456e+02   1.04622828e+01    1.04600000e+01    2.14128375e+00    2.14128375e+00
 5.82517214e+02   1.04619710e+01    1.04600000e+01    2.14161272e+00    2.14161272e+00
 5.83714972e+02   1.04576228e+01    1.04550000e+01    2.14193964e+00    2.14193964e+00
 5.84912730e+02   1.04572851e+01    1.04550000e+01    2.14226469e+00    2.14226469e+00
 5.86110488e+02   1.04569660e+01    1.04550000e+01    2.14258800e+00    2.14258800e+00
 5.87308247e+02   1.04526324e+01    1.04500000e+01    2.14290934e+00    2.14290933e+00
 5.88506005e+02   1.04522912e+01    1.04500000e+01    2.14322881e+00    2.14322881e+00
 5.89703763e+02   1.04519602e+01    1.04500000e+01    2.14354639e+00    2.14354639e+00
 5.90901521e+02   1.04517135e+01    1.04500000e+01    2.14386236e+00    2.14386236e+00
 5.92099279e+02   1.04472931e+01    1.04450000e+01    2.14417627e+00    2.14417627e+00
 5.93297038e+02   1.04469727e+01    1.04450000e+01    2.14448844e+00    2.14448844e+00
 5.94494796e+02   1.04467163e+01    1.04450000e+01    2.14479877e+00    2.14479877e+00
 5.95692554e+02   1.04423102e+01    1.04400000e+01    2.14510749e+00    2.14510749e+00
 5.96890312e+02   1.04419925e+01    1.04400000e+01    2.14541420e+00    2.14541420e+00
 5.98088070e+02   1.04417254e+01    1.04400000e+01    2.14571921e+00    2.14571921e+00
 5.99285829e+02   1.04373200e+01    1.04350000e+01    2.14602249e+00    2.14602249e+00
 6.00483587e+02   1.04370148e+01    1.04350000e+01    2.14632408e+00    2.14632408e+00
 6.01681345e+02   1.04367349e+01    1.04350000e+01    2.14662379e+00    2.14662379e+00
 6.02879103e+02   1.04323492e+01    1.04300000e+01    2.14692179e+00    2.14692178e+00
 6.04076861e+02   1.04320296e+01    1.04300000e+01    2.14721820e+00    2.14721820e+00
 6.05274620e+02   1.04317521e+01    1.04300000e+01    2.14751279e+00    2.14751279e+00
 6.06472378e+02   1.04273833e+01    1.04250000e+01    2.14780568e+00    2.14780567e+00
 6.07670136e+02   1.04270454e+01    1.04250000e+01    2.14809682e+00    2.14809682e+00
 6.08867894e+02   1.04267808e+01    1.04250000e+01    2.14838649e+00    2.14838649e+00
 6.10065653e+02   1.04224101e+01    1.04200000e+01    2.14867427e+00    2.14867427e+00
 6.11263411e+02   1.04220786e+01    1.04200000e+01    2.14896046e+00    2.14896045e+00
 6.12461169e+02   1.04218003e+01    1.04200000e+01    2.14924493e+00    2.14924493e+00
 6.13658927e+02   1.04174419e+01    1.04150000e+01    2.14952796e+00    2.14952796e+00
 6.14856685e+02   1.04171217e+01    1.04150000e+01    2.14980912e+00    2.14980912e+00
 6.16054444e+02   1.04168270e+01    1.04150000e+01    2.15008874e+00    2.15008874e+00
 6.17252202e+02   1.04124706e+01    1.04100000e+01    2.15036671e+00    2.15036671e+00
 6.18449960e+02   1.04121691e+01    1.04100000e+01    2.15064323e+00    2.15064323e+00
 6.19647718e+02   1.04118580e+01    1.04100000e+01    2.15091793e+00    2.15091793e+00
 6.20845476e+02   1.04075244e+01    1.04050000e+01    2.15119111e+00    2.15119111e+00
 6.22043235e+02   1.04071994e+01    1.04050000e+01    2.15146274e+00    2.15146274e+00
 6.23240993e+02   1.04069022e+01    1.04050000e+01    2.15173286e+00    2.15173286e+00
 6.24438751e+02   1.04025735e+01    1.04000000e+01    2.15200128e+00    2.15200127e+00
 6.25636509e+02   1.04022383e+01    1.04000000e+01    2.15226815e+00    2.15226815e+00
 6.26834267e+02   1.04019518e+01    1.04000000e+01    2.15253358e+00    2.15253358e+00
 6.28032026e+02   1.04016986e+01    1.04000000e+01    2.15279743e+00    2.15279743e+00
 6.29229784e+02   1.03972970e+01    1.03950000e+01    2.15305969e+00    2.15305969e+00
 6.30427542e+02   1.03969950e+01    1.03950000e+01    2.15332040e+00    2.15332040e+00
 6.31625300e+02   1.03967333e+01    1.03950000e+01    2.15357976e+00    2.15357976e+00
 6.32823058e+02   1.03923599e+01    1.03900000e+01    2.15383748e+00    2.15383748e+00
 6.34020817e+02   1.03920431e+01    1.03900000e+01    2.15409372e+00    2.15409371e+00
 6.35218575e+02   1.03917766e+01    1.03900000e+01    2.15434840e+00    2.15434840e+00
 6.36416333e+02   1.03874168e+01    1.03850000e+01    2.15460181e+00    2.15460181e+00
 6.37614091e+02   1.03870994e+01    1.03850000e+01    2.15485354e+00    2.15485354e+00
 6.38811849e+02   1.03868323e+01    1.03850000e+01    2.15510387e+00    2.15510387e+00
 6.40009608e+02   1.03824685e+01    1.03800000e+01    2.15535266e+00    2.15535266e+00
 6.41207366e+02   1.03821759e+01    1.03800000e+01    2.15560023e+00    2.15560022e+00
 6.42405124e+02   1.03818780e+01    1.03800000e+01    2.15584612e+00    2.15584611e+00
 6.43602882e+02   1.03775527e+01    1.03750000e+01    2.15609065e+00    2.15609065e+00
 6.44800641e+02   1.03772284e+01    1.03750000e+01    2.15633370e+00    2.15633369e+00
 6.45998399e+02   1.03769412e+01    1.03750000e+01    2.15657553e+00    2.15657553e+00
 6.47196157e+02   1.03767079e+01    1.03750000e+01    2.15681571e+00    2.15681571e+00
 6.48393915e+02   1.03722993e+01    1.03700000e+01    2.15705458e+00    2.15705458e+00
 6.49591673e+02   1.03720074e+01    1.03700000e+01    2.15729199e+00    2.15729199e+00
 6.50789432e+02   1.03717548e+01    1.03700000e+01    2.15752821e+00    2.15752821e+00
 6.51987190e+02   1.03673838e+01    1.03650000e+01    2.15776281e+00    2.15776281e+00
 6.53184948e+02   1.03670793e+01    1.03650000e+01    2.15799613e+00    2.15799612e+00
 6.54382706e+02   1.03668043e+01    1.03650000e+01    2.15822803e+00    2.15822803e+00
 6.55580464e+02   1.03624822e+01    1.03600000e+01    2.15845875e+00    2.15845875e+00
 6.56778223e+02   1.03621517e+01    1.03600000e+01    2.15868789e+00    2.15868789e+00
 6.57975981e+02   1.03618817e+01    1.03600000e+01    2.15891577e+00    2.15891577e+00
 6.59173739e+02   1.03575498e+01    1.03550000e+01    2.15914228e+00    2.15914228e+00
 6.60371497e+02   1.03572504e+01    1.03550000e+01    2.15936761e+00    2.15936761e+00
 6.61569255e+02   1.03569533e+01    1.03550000e+01    2.15959141e+00    2.15959141e+00
 6.62767014e+02   1.03567121e+01    1.03550000e+01    2.15981396e+00    2.15981396e+00
 6.63964772e+02   1.03523392e+01    1.03500000e+01    2.16003519e+00    2.16003519e+00
 6.65162530e+02   1.03520363e+01    1.03500000e+01    2.16025525e+00    2.16025525e+00
 6.66360288e+02   1.03517827e+01    1.03500000e+01    2.16047382e+00    2.16047382e+00
 6.67558046e+02   1.03474248e+01    1.03450000e+01    2.16069116e+00    2.16069116e+00
 6.68755805e+02   1.03471276e+01    1.03450000e+01    2.16090721e+00    2.16090721e+00
 6.69953563e+02   1.03468569e+01    1.03450000e+01    2.16112212e+00    2.16112212e+00
 6.71151321e+02   1.03425241e+01    1.03400000e+01    2.16133556e+00    2.16133556e+00
 6.72349079e+02   1.03422285e+01    1.03400000e+01    2.16154780e+00    2.16154780e+00
 6.73546837e+02   1.03419325e+01    1.03400000e+01    2.16175878e+00    2.16175878e+00
 6.74744596e+02   1.03417145e+01    1.03400000e+01    2.16196864e+00    2.16196864e+00
 6.75942354e+02   1.03373212e+01    1.03350000e+01    2.16217706e+00    2.16217706e+00
 6.77140112e+02   1.03370390e+01    1.03350000e+01    2.16238430e+00    2.16238430e+00
 6.78337870e+02   1.03367733e+01    1.03350000e+01    2.16259031e+00    2.16259031e+00
 6.79535629e+02   1.03324377e+01    1.03300000e+01    2.16279523e+00    2.16279523e+00
 6.80733387e+02   1.03321375e+01    1.03300000e+01    2.16299873e+00    2.16299873e+00
 6.81931145e+02   1.03318605e+01    1.03300000e+01    2.16320109e+00    2.16320109e+00
 6.83128903e+02   1.03316659e+01    1.03300000e+01    2.16340222e+00    2.16340222e+00
 6.84326661e+02   1.03272432e+01    1.03250000e+01    2.16360230e+00    2.16360230e+00
 6.85524420e+02   1.03269699e+01    1.03250000e+01    2.16380098e+00    2.16380098e+00
 6.86722178e+02   1.03267225e+01    1.03250000e+01    2.16399855e+00    2.16399855e+00
 6.87919936e+02   1.03223575e+01    1.03200000e+01    2.16419490e+00    2.16419490e+00
 6.89117694e+02   1.03220724e+01    1.03200000e+01    2.16439024e+00    2.16439024e+00
 6.90315452e+02   1.03218133e+01    1.03200000e+01    2.16458420e+00    2.16458420e+00
 6.91513211e+02   1.03174741e+01    1.03150000e+01    2.16477708e+00    2.16477708e+00
 6.92710969e+02   1.03171757e+01    1.03150000e+01    2.16496875e+00    2.16496875e+00
 6.93908727e+02   1.03169205e+01    1.03150000e+01    2.16515946e+00    2.16515945e+00
 6.95106485e+02   1.03166908e+01    1.03150000e+01    2.16534878e+00    2.16534878e+00
 6.96304243e+02   1.03123058e+01    1.03100000e+01    2.16553707e+00    2.16553707e+00
 6.97502002e+02   1.03120136e+01    1.03100000e+01    2.16572415e+00    2.16572415e+00
 6.98699760e+02   1.03117867e+01    1.03100000e+01    2.16591031e+00    2.16591031e+00
 6.99897518e+02   1.03074234e+01    1.03050000e+01    2.16609511e+00    2.16609511e+00
 7.01095276e+02   1.03071451e+01    1.03050000e+01    2.16627889e+00    2.16627889e+00
 7.02293034e+02   1.03068730e+01    1.03050000e+01    2.16646147e+00    2.16646147e+00
 7.03490793e+02   1.03066801e+01    1.03050000e+01    2.16664317e+00    2.16664317e+00
 7.04688551e+02   1.03022660e+01    1.03000000e+01    2.16682354e+00    2.16682353e+00
 7.05886309e+02   1.03019920e+01    1.03000000e+01    2.16700290e+00    2.16700290e+00
 7.07084067e+02   1.03017562e+01    1.03000000e+01    2.16718108e+00    2.16718108e+00
 7.08281825e+02   1.02974040e+01    1.02950000e+01    2.16735840e+00    2.16735840e+00
 7.09479584e+02   1.02971212e+01    1.02950000e+01    2.16753443e+00    2.16753443e+00
 7.10677342e+02   1.02968576e+01    1.02950000e+01    2.16770946e+00    2.16770946e+00
 7.11875100e+02   1.02966708e+01    1.02950000e+01    2.16788334e+00    2.16788334e+00
 7.13072858e+02   1.02922512e+01    1.02900000e+01    2.16805634e+00    2.16805634e+00
 7.14270616e+02   1.02919867e+01    1.02900000e+01    2.16822815e+00    2.16822815e+00
 7.15468375e+02   1.02917491e+01    1.02900000e+01    2.16839892e+00    2.16839892e+00
 7.16666133e+02   1.02874001e+01    1.02850000e+01    2.16856859e+00    2.16856859e+00
 7.17863891e+02   1.02871099e+01    1.02850000e+01    2.16873736e+00    2.16873736e+00
 7.19061649e+02   1.02868634e+01    1.02850000e+01    2.16890504e+00    2.16890504e+00
 7.20259408e+02   1.02866701e+01    1.02850000e+01    2.16907162e+00    2.16907162e+00
 7.21457166e+02   1.02822538e+01    1.02800000e+01    2.16923718e+00    2.16923718e+00
 7.22654924e+02   1.02819858e+01    1.02800000e+01    2.16940178e+00    2.16940178e+00
 7.23852682e+02   1.02817566e+01    1.02800000e+01    2.16956542e+00    2.16956542e+00
 7.25050440e+02   1.02774152e+01    1.02750000e+01    2.16972791e+00    2.16972791e+00
 7.26248199e+02   1.02771222e+01    1.02750000e+01    2.16988944e+00    2.16988944e+00
 7.27445957e+02   1.02768728e+01    1.02750000e+01    2.17004996e+00    2.17004996e+00
 7.28643715e+02   1.02766790e+01    1.02750000e+01    2.17020964e+00    2.17020964e+00
 7.29841473e+02   1.02722875e+01    1.02700000e+01    2.17036811e+00    2.17036811e+00
 7.31039231e+02   1.02720045e+01    1.02700000e+01    2.17052569e+00    2.17052569e+00
 7.32236990e+02   1.02717747e+01    1.02700000e+01    2.17068222e+00    2.17068222e+00
 7.33434748e+02   1.02674438e+01    1.02650000e+01    2.17083799e+00    2.17083798e+00
 7.34632506e+02   1.02671681e+01    1.02650000e+01    2.17099255e+00    2.17099255e+00
 7.35830264e+02   1.02668986e+01    1.02650000e+01    2.17114624e+00    2.17114624e+00
 7.37028022e+02   1.02666970e+01    1.02650000e+01    2.17129888e+00    2.17129888e+00
 7.38225781e+02   1.02623250e+01    1.02600000e+01    2.17145078e+00    2.17145077e+00
 7.39423539e+02   1.02620549e+01    1.02600000e+01    2.17160154e+00    2.17160154e+00
 7.40621297e+02   1.02618064e+01    1.02600000e+01    2.17175140e+00    2.17175140e+00
 7.41819055e+02   1.02616560e+01    1.02600000e+01    2.17190025e+00    2.17190025e+00
 7.43016813e+02   1.02572116e+01    1.02550000e+01    2.17204831e+00    2.17204831e+00
 7.44214572e+02   1.02569515e+01    1.02550000e+01    2.17219538e+00    2.17219538e+00
 7.45412330e+02   1.02567315e+01    1.02550000e+01    2.17234146e+00    2.17234146e+00
 7.46610088e+02   1.02523741e+01    1.02500000e+01    2.17248663e+00    2.17248663e+00
 7.47807846e+02   1.02521098e+01    1.02500000e+01    2.17263090e+00    2.17263090e+00
 7.49005604e+02   1.02518609e+01    1.02500000e+01    2.17277437e+00    2.17277437e+00
 7.50203363e+02   1.02516756e+01    1.02500000e+01    2.17291675e+00    2.17291675e+00
 7.51401121e+02   1.02472709e+01    1.02450000e+01    2.17305830e+00    2.17305830e+00
 7.52598879e+02   1.02470162e+01    1.02450000e+01    2.17319889e+00    2.17319889e+00
 7.53796637e+02   1.02467839e+01    1.02450000e+01    2.17333878e+00    2.17333878e+00
 7.54994396e+02   1.02424582e+01    1.02400000e+01    2.17347755e+00    2.17347755e+00
 7.56192154e+02   1.02421786e+01    1.02400000e+01    2.17361554e+00    2.17361554e+00
 7.57389912e+02   1.02419318e+01    1.02400000e+01    2.17375254e+00    2.17375254e+00
 7.58587670e+02   1.02417183e+01    1.02400000e+01    2.17388887e+00    2.17388887e+00
 7.59785428e+02   1.02373667e+01    1.02350000e+01    2.17402416e+00    2.17402416e+00
 7.60983187e+02   1.02370932e+01    1.02350000e+01    2.17415861e+00    2.17415861e+00
 7.62180945e+02   1.02368585e+01    1.02350000e+01    2.17429215e+00    2.17429215e+00
 7.63378703e+02   1.02366707e+01    1.02350000e+01    2.17442491e+00    2.17442491e+00
 7.64576461e+02   1.02322832e+01    1.02300000e+01    2.17455685e+00    2.17455685e+00
 7.65774219e+02   1.02320150e+01    1.02300000e+01    2.17468780e+00    2.17468780e+00
 7.66971978e+02   1.02317952e+01    1.02300000e+01    2.17481796e+00    2.17481796e+00
 7.68169736e+02   1.02274549e+01    1.02250000e+01    2.17494723e+00    2.17494723e+00
 7.69367494e+02   1.02272052e+01    1.02250000e+01    2.17507585e+00    2.17507585e+00
 7.70565252e+02   1.02269454e+01    1.02250000e+01    2.17520341e+00    2.17520340e+00
 7.71763010e+02   1.02267411e+01    1.02250000e+01    2.17533024e+00    2.17533023e+00
 7.72960769e+02   1.02223764e+01    1.02200000e+01    2.17545613e+00    2.17545613e+00
 7.74158527e+02   1.02221304e+01    1.02200000e+01    2.17558140e+00    2.17558140e+00
 7.75356285e+02   1.02218845e+01    1.02200000e+01    2.17570569e+00    2.17570569e+00
 7.76554043e+02   1.02216965e+01    1.02200000e+01    2.17582919e+00    2.17582919e+00
 7.77751801e+02   1.02173070e+01    1.02150000e+01    2.17595184e+00    2.17595184e+00
 7.78949560e+02   1.02170592e+01    1.02150000e+01    2.17607374e+00    2.17607374e+00
 7.80147318e+02   1.02168318e+01    1.02150000e+01    2.17619491e+00    2.17619491e+00
 7.81345076e+02   1.02166661e+01    1.02150000e+01    2.17631511e+00    2.17631511e+00
 7.82542834e+02   1.02122450e+01    1.02100000e+01    2.17643460e+00    2.17643460e+00
 7.83740592e+02   1.02119974e+01    1.02100000e+01    2.17655322e+00    2.17655322e+00
 7.84938351e+02   1.02117848e+01    1.02100000e+01    2.17667126e+00    2.17667126e+00
 7.86136109e+02   1.02116596e+01    1.02100000e+01    2.17678828e+00    2.17678828e+00
 7.87333867e+02   1.02071874e+01    1.02050000e+01    2.17690462e+00    2.17690462e+00
 7.88531625e+02   1.02069454e+01    1.02050000e+01    2.17702008e+00    2.17702008e+00
 7.89729384e+02   1.02067415e+01    1.02050000e+01    2.17713492e+00    2.17713492e+00
 7.90927142e+02   1.02024107e+01    1.02000000e+01    2.17724894e+00    2.17724894e+00
 7.92124900e+02   1.02021329e+01    1.02000000e+01    2.17736211e+00    2.17736211e+00
 7.93322658e+02   1.02019021e+01    1.02000000e+01    2.17747456e+00    2.17747455e+00
 7.94520416e+02   1.02017059e+01    1.02000000e+01    2.17758622e+00    2.17758622e+00
 7.95718175e+02   1.01973626e+01    1.01950000e+01    2.17769729e+00    2.17769728e+00
 7.96915933e+02   1.01970858e+01    1.01950000e+01    2.17780738e+00    2.17780738e+00
 7.98113691e+02   1.01968644e+01    1.01950000e+01    2.17791683e+00    2.17791683e+00
 7.99311449e+02   1.01966810e+01    1.01950000e+01    2.17802543e+00    2.17802543e+00
 8.00509207e+02   1.01923143e+01    1.01900000e+01    2.17813348e+00    2.17813348e+00
 8.01706966e+02   1.01920473e+01    1.01900000e+01    2.17824066e+00    2.17824066e+00
 8.02904724e+02   1.01918290e+01    1.01900000e+01    2.17834710e+00    2.17834710e+00
 8.04102482e+02   1.01916656e+01    1.01900000e+01    2.17845279e+00    2.17845279e+00
 8.05300240e+02   1.01872675e+01    1.01850000e+01    2.17855777e+00    2.17855777e+00
 8.06497998e+02   1.01870152e+01    1.01850000e+01    2.17866216e+00    2.17866216e+00
 8.07695757e+02   1.01867992e+01    1.01850000e+01    2.17876562e+00    2.17876562e+00
 8.08893515e+02   1.01866588e+01    1.01850000e+01    2.17886847e+00    2.17886847e+00
 8.10091273e+02   1.01822310e+01    1.01800000e+01    2.17897049e+00    2.17897049e+00
 8.11289031e+02   1.01819837e+01    1.01800000e+01    2.17907201e+00    2.17907201e+00
 8.12486789e+02   1.01817779e+01    1.01800000e+01    2.17917266e+00    2.17917266e+00
 8.13684548e+02   1.01816666e+01    1.01800000e+01    2.17927262e+00    2.17927262e+00
 8.14882306e+02   1.01772038e+01    1.01750000e+01    2.17937186e+00    2.17937186e+00
 8.16080064e+02   1.01769524e+01    1.01750000e+01    2.17947042e+00    2.17947042e+00
 8.17277822e+02   1.01767610e+01    1.01750000e+01    2.17956842e+00    2.17956842e+00
 8.18475580e+02   1.01724231e+01    1.01700000e+01    2.17966551e+00    2.17966551e+00
 8.19673339e+02   1.01721816e+01    1.01700000e+01    2.17976203e+00    2.17976203e+00
 8.20871097e+02   1.01719302e+01    1.01700000e+01    2.17985775e+00    2.17985774e+00
 8.22068855e+02   1.01717431e+01    1.01700000e+01    2.17995298e+00    2.17995298e+00
 8.23266613e+02   1.01674074e+01    1.01650000e+01    2.18004740e+00    2.18004740e+00
 8.24464371e+02   1.01671588e+01    1.01650000e+01    2.18014113e+00    2.18014113e+00
 8.25662130e+02   1.01669198e+01    1.01650000e+01    2.18023419e+00    2.18023419e+00
 8.26859888e+02   1.01667248e+01    1.01650000e+01    2.18032658e+00    2.18032658e+00
 8.28057646e+02   1.01623969e+01    1.01600000e+01    2.18041845e+00    2.18041845e+00
 8.29255404e+02   1.01621440e+01    1.01600000e+01    2.18050944e+00    2.18050944e+00
 8.30453163e+02   1.01619153e+01    1.01600000e+01    2.18059989e+00    2.18059988e+00
 8.31650921e+02   1.01617136e+01    1.01600000e+01    2.18068956e+00    2.18068955e+00
 8.32848679e+02   1.01573822e+01    1.01550000e+01    2.18077874e+00    2.18077874e+00
 8.34046437e+02   1.01571372e+01    1.01550000e+01    2.18086721e+00    2.18086721e+00
 8.35244195e+02   1.01569090e+01    1.01550000e+01    2.18095495e+00    2.18095495e+00
 8.36441954e+02   1.01567124e+01    1.01550000e+01    2.18104210e+00    2.18104210e+00
 8.37639712e+02   1.01523697e+01    1.01500000e+01    2.18112855e+00    2.18112854e+00
 8.38837470e+02   1.01521310e+01    1.01500000e+01    2.18121455e+00    2.18121455e+00
 8.40035228e+02   1.01519078e+01    1.01500000e+01    2.18129969e+00    2.18129969e+00
 8.41232986e+02   1.01517127e+01    1.01500000e+01    2.18138430e+00    2.18138430e+00
 8.42430745e+02   1.01473713e+01    1.01450000e+01    2.18146818e+00    2.18146818e+00
 8.43628503e+02   1.01471208e+01    1.01450000e+01    2.18155154e+00    2.18155154e+00
 8.44826261e+02   1.01469111e+01    1.01450000e+01    2.18163432e+00    2.18163432e+00
 8.46024019e+02   1.01467134e+01    1.01450000e+01    2.18171632e+00    2.18171632e+00
 8.47221777e+02   1.01423776e+01    1.01400000e+01    2.18179779e+00    2.18179779e+00
 8.48419536e+02   1.01421244e+01    1.01400000e+01    2.18187854e+00    2.18187854e+00
 8.49617294e+02   1.01419137e+01    1.01400000e+01    2.18195888e+00    2.18195888e+00
 8.50815052e+02   1.01417224e+01    1.01400000e+01    2.18203845e+00    2.18203845e+00
 8.52012810e+02   1.01373763e+01    1.01350000e+01    2.18211742e+00    2.18211742e+00
 8.53210568e+02   1.01371395e+01    1.01350000e+01    2.18219579e+00    2.18219579e+00
 8.54408327e+02   1.01369157e+01    1.01350000e+01    2.18227353e+00    2.18227353e+00
 8.55606085e+02   1.01367362e+01    1.01350000e+01    2.18235085e+00    2.18235085e+00
 8.56803843e+02   1.01323887e+01    1.01300000e+01    2.18242734e+00    2.18242734e+00
 8.58001601e+02   1.01321573e+01    1.01300000e+01    2.18250335e+00    2.18250335e+00
 8.59199359e+02   1.01319250e+01    1.01300000e+01    2.18257866e+00    2.18257866e+00
 8.60397118e+02   1.01317442e+01    1.01300000e+01    2.18265350e+00    2.18265350e+00
 8.61594876e+02   1.01316478e+01    1.01300000e+01    2.18272778e+00    2.18272778e+00
 8.62792634e+02   1.01271749e+01    1.01250000e+01    2.18280133e+00    2.18280133e+00
 8.63990392e+02   1.01269448e+01    1.01250000e+01    2.18287440e+00    2.18287440e+00
 8.65188151e+02   1.01267531e+01    1.01250000e+01    2.18294677e+00    2.18294677e+00
 8.66385909e+02   1.01266820e+01    1.01250000e+01    2.18301877e+00    2.18301877e+00
 8.67583667e+02   1.01221938e+01    1.01200000e+01    2.18309005e+00    2.18309005e+00
 8.68781425e+02   1.01219684e+01    1.01200000e+01    2.18316075e+00    2.18316075e+00
 8.69979183e+02   1.01217750e+01    1.01200000e+01    2.18323091e+00    2.18323091e+00
 8.71176942e+02   1.01216624e+01    1.01200000e+01    2.18330045e+00    2.18330045e+00
 8.72374700e+02   1.01172215e+01    1.01150000e+01    2.18336962e+00    2.18336962e+00
 8.73572458e+02   1.01169966e+01    1.01150000e+01    2.18343800e+00    2.18343800e+00
 8.74770216e+02   1.01167946e+01    1.01150000e+01    2.18350592e+00    2.18350592e+00
 8.75967974e+02   1.01166633e+01    1.01150000e+01    2.18357321e+00    2.18357321e+00
 8.77165733e+02   1.01122459e+01    1.01100000e+01    2.18364001e+00    2.18364000e+00
 8.78363491e+02   1.01120343e+01    1.01100000e+01    2.18370636e+00    2.18370636e+00
 8.79561249e+02   1.01118181e+01    1.01100000e+01    2.18377196e+00    2.18377196e+00
 8.80759007e+02   1.01116746e+01    1.01100000e+01    2.18383713e+00    2.18383713e+00
 8.81956765e+02   1.01072841e+01    1.01050000e+01    2.18390164e+00    2.18390164e+00
 8.83154524e+02   1.01070554e+01    1.01050000e+01    2.18396576e+00    2.18396575e+00
 8.84352282e+02   1.01068567e+01    1.01050000e+01    2.18402932e+00    2.18402932e+00
 8.85550040e+02   1.01066917e+01    1.01050000e+01    2.18409222e+00    2.18409222e+00
 8.86747798e+02   1.01023393e+01    1.01000000e+01    2.18415468e+00    2.18415468e+00
 8.87945556e+02   1.01020904e+01    1.01000000e+01    2.18421650e+00    2.18421650e+00
 8.89143315e+02   1.01018949e+01    1.01000000e+01    2.18427798e+00    2.18427798e+00
 8.90341073e+02   1.01017140e+01    1.01000000e+01    2.18433881e+00    2.18433881e+00
 8.91538831e+02   1.00973844e+01    1.00950000e+01    2.18439909e+00    2.18439909e+00
 8.92736589e+02   1.00971421e+01    1.00950000e+01    2.18445888e+00    2.18445888e+00
 8.93934347e+02   1.00969259e+01    1.00950000e+01    2.18451808e+00    2.18451808e+00
 8.95132106e+02   1.00967496e+01    1.00950000e+01    2.18457696e+00    2.18457696e+00
 8.96329864e+02   1.00966841e+01    1.00950000e+01    2.18463513e+00    2.18463513e+00
 8.97527622e+02   1.00921997e+01    1.00900000e+01    2.18469284e+00    2.18469284e+00
 8.98725380e+02   1.00919696e+01    1.00900000e+01    2.18475001e+00    2.18475001e+00
 8.99923139e+02   1.00917824e+01    1.00900000e+01    2.18480666e+00    2.18480666e+00
 9.01120897e+02   1.00916625e+01    1.00900000e+01    2.18486298e+00    2.18486298e+00
 9.02318655e+02   1.00872580e+01    1.00850000e+01    2.18491857e+00    2.18491857e+00
 9.03516413e+02   1.00870258e+01    1.00850000e+01    2.18497375e+00    2.18497375e+00
 9.04714171e+02   1.00868277e+01    1.00850000e+01    2.18502836e+00    2.18502836e+00
 9.05911930e+02   1.00866768e+01    1.00850000e+01    2.18508252e+00    2.18508252e+00
 9.07109688e+02   1.00823231e+01    1.00800000e+01    2.18513631e+00    2.18513631e+00
 9.08307446e+02   1.00820871e+01    1.00800000e+01    2.18518939e+00    2.18518939e+00
 9.09505204e+02   1.00818754e+01    1.00800000e+01    2.18524210e+00    2.18524210e+00
 9.10702962e+02   1.00817101e+01    1.00800000e+01    2.18529421e+00    2.18529421e+00
 9.11900721e+02   1.00773728e+01    1.00750000e+01    2.18534593e+00    2.18534593e+00
 9.13098479e+02   1.00771600e+01    1.00750000e+01    2.18539724e+00    2.18539724e+00
 9.14296237e+02   1.00769317e+01    1.00750000e+01    2.18544788e+00    2.18544788e+00
 9.15493995e+02   1.00767564e+01    1.00750000e+01    2.18549816e+00    2.18549816e+00
 9.16691753e+02   1.00766799e+01    1.00750000e+01    2.18554783e+00    2.18554783e+00
 9.17889512e+02   1.00722209e+01    1.00700000e+01    2.18559716e+00    2.18559716e+00
 9.19087270e+02   1.00720063e+01    1.00700000e+01    2.18564604e+00    2.18564604e+00
 9.20285028e+02   1.00718011e+01    1.00700000e+01    2.18569429e+00    2.18569429e+00
 9.21482786e+02   1.00716717e+01    1.00700000e+01    2.18574218e+00    2.18574218e+00
 9.22680544e+02   1.00672821e+01    1.00650000e+01    2.18578948e+00    2.18578948e+00
 9.23878303e+02   1.00670739e+01    1.00650000e+01    2.18583646e+00    2.18583646e+00
 9.25076061e+02   1.00668677e+01    1.00650000e+01    2.18588297e+00    2.18588297e+00
 9.26273819e+02   1.00667038e+01    1.00650000e+01    2.18592888e+00    2.18592888e+00
 9.27471577e+02   1.00623694e+01    1.00600000e+01    2.18597444e+00    2.18597444e+00
 9.28669335e+02   1.00621444e+01    1.00600000e+01    2.18601942e+00    2.18601942e+00
 9.29867094e+02   1.00619399e+01    1.00600000e+01    2.18606410e+00    2.18606410e+00
 9.31064852e+02   1.00617551e+01    1.00600000e+01    2.18610829e+00    2.18610829e+00
 9.32262610e+02   1.00616663e+01    1.00600000e+01    2.18615193e+00    2.18615193e+00
 9.33460368e+02   1.00572233e+01    1.00550000e+01    2.18619521e+00    2.18619520e+00
 9.34658127e+02   1.00570095e+01    1.00550000e+01    2.18623791e+00    2.18623791e+00
 9.35855885e+02   1.00568181e+01    1.00550000e+01    2.18628034e+00    2.18628034e+00
 9.37053643e+02   1.00566762e+01    1.00550000e+01    2.18632228e+00    2.18632228e+00
 9.38251401e+02   1.00523115e+01    1.00500000e+01    2.18636367e+00    2.18636367e+00
 9.39449159e+02   1.00520969e+01    1.00500000e+01    2.18640472e+00    2.18640472e+00
 9.40646918e+02   1.00518930e+01    1.00500000e+01    2.18644521e+00    2.18644521e+00
 9.41844676e+02   1.00517226e+01    1.00500000e+01    2.18648544e+00    2.18648543e+00
 9.43042434e+02   1.00516480e+01    1.00500000e+01    2.18652517e+00    2.18652517e+00
 9.44240192e+02   1.00471787e+01    1.00450000e+01    2.18656438e+00    2.18656438e+00
 9.45437950e+02   1.00469802e+01    1.00450000e+01    2.18660325e+00    2.18660325e+00
 9.46635709e+02   1.00467863e+01    1.00450000e+01    2.18664157e+00    2.18664157e+00
 9.47833467e+02   1.00466649e+01    1.00450000e+01    2.18667963e+00    2.18667963e+00
 9.49031225e+02   1.00422843e+01    1.00400000e+01    2.18671723e+00    2.18671723e+00
 9.50228983e+02   1.00420582e+01    1.00400000e+01    2.18675430e+00    2.18675430e+00
 9.51426741e+02   1.00418715e+01    1.00400000e+01    2.18679104e+00    2.18679104e+00
 9.52624500e+02   1.00417031e+01    1.00400000e+01    2.18682724e+00    2.18682724e+00
 9.53822258e+02   1.00415920e+01    1.00400000e+01    2.18686318e+00    2.18686318e+00
 9.55020016e+02   1.00371635e+01    1.00350000e+01    2.18689869e+00    2.18689869e+00
 9.56217774e+02   1.00369561e+01    1.00350000e+01    2.18693366e+00    2.18693366e+00
 9.57415532e+02   1.00367816e+01    1.00350000e+01    2.18696833e+00    2.18696833e+00
 9.58613291e+02   1.00366633e+01    1.00350000e+01    2.18700246e+00    2.18700246e+00
 9.59811049e+02   1.00322627e+01    1.00300000e+01    2.18703632e+00    2.18703632e+00
 9.61008807e+02   1.00320540e+01    1.00300000e+01    2.18706980e+00    2.18706980e+00
 9.62206565e+02   1.00318625e+01    1.00300000e+01    2.18710272e+00    2.18710272e+00
 9.63404323e+02   1.00317066e+01    1.00300000e+01    2.18713535e+00    2.18713535e+00
 9.64602082e+02   1.00315774e+01    1.00300000e+01    2.18716746e+00    2.18716746e+00
 9.65799840e+02   1.00271563e+01    1.00250000e+01    2.18719928e+00    2.18719927e+00
 9.66997598e+02   1.00269550e+01    1.00250000e+01    2.18723077e+00    2.18723077e+00
 9.68195356e+02   1.00267784e+01    1.00250000e+01    2.18726168e+00    2.18726168e+00
 9.69393114e+02   1.00266642e+01    1.00250000e+01    2.18729231e+00    2.18729231e+00
 9.70590873e+02   1.00222563e+01    1.00200000e+01    2.18732245e+00    2.18732244e+00
 9.71788631e+02   1.00220556e+01    1.00200000e+01    2.18735226e+00    2.18735226e+00
 9.72986389e+02   1.00218697e+01    1.00200000e+01    2.18738181e+00    2.18738181e+00
 9.74184147e+02   1.00217133e+01    1.00200000e+01    2.18741075e+00    2.18741075e+00
 9.75381906e+02   1.00216092e+01    1.00200000e+01    2.18743942e+00    2.18743942e+00
 9.76579664e+02   1.00171639e+01    1.00150000e+01    2.18746763e+00    2.18746763e+00
 9.77777422e+02   1.00169646e+01    1.00150000e+01    2.18749548e+00    2.18749548e+00
 9.78975180e+02   1.00167985e+01    1.00150000e+01    2.18752311e+00    2.18752311e+00
 9.80172938e+02   1.00166704e+01    1.00150000e+01    2.18755015e+00    2.18755015e+00
 9.81370697e+02   1.00122874e+01    1.00100000e+01    2.18757688e+00    2.18757688e+00
 9.82568455e+02   1.00120824e+01    1.00100000e+01    2.18760322e+00    2.18760321e+00
 9.83766213e+02   1.00118842e+01    1.00100000e+01    2.18762914e+00    2.18762914e+00
 9.84963971e+02   1.00117368e+01    1.00100000e+01    2.18765487e+00    2.18765487e+00
 9.86161729e+02   1.00116694e+01    1.00100000e+01    2.18768005e+00    2.18768005e+00
 9.87359488e+02   1.00071983e+01    1.00050000e+01    2.18770488e+00    2.18770488e+00
 9.88557246e+02   1.00070059e+01    1.00050000e+01    2.18772937e+00    2.18772937e+00
 9.89755004e+02   1.00068143e+01    1.00050000e+01    2.18775340e+00    2.18775340e+00
 9.90952762e+02   1.00066882e+01    1.00050000e+01    2.18777726e+00    2.18777726e+00
 9.92150520e+02   1.00023388e+01    1.00000000e+01    2.18780063e+00    2.18780063e+00
 9.93348279e+02   1.00021192e+01    1.00000000e+01    2.18782359e+00    2.18782359e+00
 9.94546037e+02   1.00019360e+01    1.00000000e+01    2.18784627e+00    2.18784627e+00
 9.95743795e+02   1.00017572e+01    1.00000000e+01    2.18786846e+00    2.18786846e+00
 9.96941553e+02   1.00016642e+01    1.00000000e+01    2.18789044e+00    2.18789044e+00
 9.98139311e+02   9.99726170e+00    9.99500000e+00    2.18791207e+00    2.18791207e+00
 9.99337070e+02   9.99704768e+00    9.99500000e+00    2.18793319e+00    2.18793319e+00
 1.00053483e+03   9.99687283e+00    9.99500000e+00    2.18795407e+00    2.18795407e+00
 1.00173259e+03   9.99671173e+00    9.99500000e+00    2.18797448e+00    2.18797448e+00
 1.00293034e+03   9.99663363e+00    9.99500000e+00    2.18799462e+00    2.18799461e+00
 1.00412810e+03   9.99219122e+00    9.99000000e+00    2.18801451e+00    2.18801451e+00
 1.00532586e+03   9.99198385e+00    9.99000000e+00    2.18803385e+00    2.18803385e+00
 1.00652362e+03   9.99181651e+00    9.99000000e+00    2.18805294e+00    2.18805294e+00
 1.00772138e+03   9.99168034e+00    9.99000000e+00    2.18807163e+00    2.18807163e+00
 1.00891914e+03   9.98733040e+00    9.98500000e+00    2.18808996e+00    2.18808995e+00
 1.01011689e+03   9.98712666e+00    9.98500000e+00    2.18810812e+00    2.18810812e+00
 1.01131465e+03   9.98692887e+00    9.98500000e+00    2.18812574e+00    2.18812574e+00
 1.01251241e+03   9.98676820e+00    9.98500000e+00    2.18814306e+00    2.18814306e+00
 1.01371017e+03   9.98666496e+00    9.98500000e+00    2.18816006e+00    2.18816006e+00
 1.01490793e+03   9.98226965e+00    9.98000000e+00    2.18817663e+00    2.18817663e+00
 1.01610568e+03   9.98206761e+00    9.98000000e+00    2.18819304e+00    2.18819304e+00
 1.01730344e+03   9.98188227e+00    9.98000000e+00    2.18820903e+00    2.18820903e+00
 1.01850120e+03   9.98172919e+00    9.98000000e+00    2.18822461e+00    2.18822461e+00
 1.01969896e+03   9.98167739e+00    9.98000000e+00    2.18823995e+00    2.18823995e+00
 1.02089672e+03   9.97721654e+00    9.97500000e+00    2.18825482e+00    2.18825482e+00
 1.02209448e+03   9.97701429e+00    9.97500000e+00    2.18826948e+00    2.18826948e+00
 1.02329223e+03   9.97684176e+00    9.97500000e+00    2.18828388e+00    2.18828388e+00
 1.02448999e+03   9.97669973e+00    9.97500000e+00    2.18829776e+00    2.18829776e+00
 1.02568775e+03   9.97660337e+00    9.97500000e+00    2.18831143e+00    2.18831142e+00
 1.02688551e+03   9.97217116e+00    9.97000000e+00    2.18832469e+00    2.18832469e+00
 1.02808327e+03   9.97196875e+00    9.97000000e+00    2.18833763e+00    2.18833763e+00
 1.02928102e+03   9.97180528e+00    9.97000000e+00    2.18835042e+00    2.18835042e+00
 1.03047878e+03   9.97167963e+00    9.97000000e+00    2.18836270e+00    2.18836270e+00
 1.03167654e+03   9.97153510e+00    9.97000000e+00    2.18837469e+00    2.18837469e+00
 1.03287430e+03   9.96713211e+00    9.96500000e+00    2.18838639e+00    2.18838639e+00
 1.03407206e+03   9.96693105e+00    9.96500000e+00    2.18839767e+00    2.18839767e+00
 1.03526982e+03   9.96677158e+00    9.96500000e+00    2.18840881e+00    2.18840881e+00
 1.03646757e+03   9.96666831e+00    9.96500000e+00    2.18841958e+00    2.18841958e+00
 1.03766533e+03   9.96228953e+00    9.96000000e+00    2.18842993e+00    2.18842993e+00
 1.03886309e+03   9.96209705e+00    9.96000000e+00    2.18844007e+00    2.18844007e+00
 1.04006085e+03   9.96190085e+00    9.96000000e+00    2.18844978e+00    2.18844978e+00
 1.04125861e+03   9.96174347e+00    9.96000000e+00    2.18845926e+00    2.18845926e+00
 1.04245637e+03   9.96166558e+00    9.96000000e+00    2.18846855e+00    2.18846855e+00
 1.04365412e+03   9.95725550e+00    9.95500000e+00    2.18847733e+00    2.18847733e+00
 1.04485188e+03   9.95706425e+00    9.95500000e+00    2.18848589e+00    2.18848588e+00
 1.04604964e+03   9.95687686e+00    9.95500000e+00    2.18849412e+00    2.18849412e+00
 1.04724740e+03   9.95672252e+00    9.95500000e+00    2.18850199e+00    2.18850199e+00
 1.04844516e+03   9.95668833e+00    9.95500000e+00    2.18850973e+00    2.18850973e+00
 1.04964291e+03   9.95222818e+00    9.95000000e+00    2.18851707e+00    2.18851707e+00
 1.05084067e+03   9.95203728e+00    9.95000000e+00    2.18852404e+00    2.18852404e+00
 1.05203843e+03   9.95185767e+00    9.95000000e+00    2.18853082e+00    2.18853082e+00
 1.05323619e+03   9.95170899e+00    9.95000000e+00    2.18853716e+00    2.18853716e+00
 1.05443395e+03   9.95164445e+00    9.95000000e+00    2.18854331e+00    2.18854331e+00
 1.05563171e+03   9.94720820e+00    9.94500000e+00    2.18854927e+00    2.18854927e+00
 1.05682946e+03   9.94701858e+00    9.94500000e+00    2.18855473e+00    2.18855473e+00
 1.05802722e+03   9.94684098e+00    9.94500000e+00    2.18855999e+00    2.18855999e+00
 1.05922498e+03   9.94670116e+00    9.94500000e+00    2.18856493e+00    2.18856493e+00
 1.06042274e+03   9.94661373e+00    9.94500000e+00    2.18856954e+00    2.18856954e+00
 1.06162050e+03   9.94218824e+00    9.94000000e+00    2.18857403e+00    2.18857403e+00
 1.06281825e+03   9.94200812e+00    9.94000000e+00    2.18857811e+00    2.18857811e+00
 1.06401601e+03   9.94182915e+00    9.94000000e+00    2.18858186e+00    2.18858186e+00
 1.06521377e+03   9.94169557e+00    9.94000000e+00    2.18858542e+00    2.18858542e+00
 1.06641153e+03   9.94159588e+00    9.94000000e+00    2.18858857e+00    2.18858857e+00
 1.06760929e+03   9.93716921e+00    9.93500000e+00    2.18859153e+00    2.18859153e+00
 1.06880705e+03   9.93700135e+00    9.93500000e+00    2.18859431e+00    2.18859431e+00
 1.07000480e+03   9.93682353e+00    9.93500000e+00    2.18859661e+00    2.18859661e+00
 1.07120256e+03   9.93669072e+00    9.93500000e+00    2.18859873e+00    2.18859873e+00
 1.07240032e+03   9.93658715e+00    9.93500000e+00    2.18860054e+00    2.18860054e+00
 1.07359808e+03   9.93216013e+00    9.93000000e+00    2.18860202e+00    2.18860202e+00
 1.07479584e+03   9.93199204e+00    9.93000000e+00    2.18860340e+00    2.18860340e+00
 1.07599359e+03   9.93182353e+00    9.93000000e+00    2.18860441e+00    2.18860441e+00
 1.07719135e+03   9.93168854e+00    9.93000000e+00    2.18860507e+00    2.18860507e+00
 1.07838911e+03   9.93157948e+00    9.93000000e+00    2.18860556e+00    2.18860556e+00
 1.07958687e+03   9.92716100e+00    9.92500000e+00    2.18860566e+00    2.18860566e+00
 1.08078463e+03   9.92698274e+00    9.92500000e+00    2.18860556e+00    2.18860556e+00
 1.08198239e+03   9.92682582e+00    9.92500000e+00    2.18860533e+00    2.18860533e+00
 1.08318014e+03   9.92668935e+00    9.92500000e+00    2.18860463e+00    2.18860463e+00
 1.08437790e+03   9.92657203e+00    9.92500000e+00    2.18860372e+00    2.18860372e+00
 1.08557566e+03   9.92217164e+00    9.92000000e+00    2.18860257e+00    2.18860257e+00
 1.08677342e+03   9.92197958e+00    9.92000000e+00    2.18860106e+00    2.18860106e+00
 1.08797118e+03   9.92182521e+00    9.92000000e+00    2.18859943e+00    2.18859943e+00
 1.08916894e+03   9.92169504e+00    9.92000000e+00    2.18859755e+00    2.18859755e+00
 1.09036669e+03   9.92158306e+00    9.92000000e+00    2.18859525e+00    2.18859525e+00
 1.09156445e+03   9.91718090e+00    9.91500000e+00    2.18859281e+00    2.18859281e+00
 1.09276221e+03   9.91699050e+00    9.91500000e+00    2.18859003e+00    2.18859003e+00
 1.09395997e+03   9.91683042e+00    9.91500000e+00    2.18858698e+00    2.18858698e+00
 1.09515773e+03   9.91670262e+00    9.91500000e+00    2.18858386e+00    2.18858386e+00
 1.09635548e+03   9.91660816e+00    9.91500000e+00    2.18858032e+00    2.18858032e+00
 1.09755324e+03   9.91218845e+00    9.91000000e+00    2.18857651e+00    2.18857651e+00
 1.09875100e+03   9.91200699e+00    9.91000000e+00    2.18857254e+00    2.18857254e+00
 1.09994876e+03   9.91184336e+00    9.91000000e+00    2.18856818e+00    2.18856818e+00
 1.10114652e+03   9.91170734e+00    9.91000000e+00    2.18856367e+00    2.18856367e+00
 1.10234428e+03   9.91164036e+00    9.91000000e+00    2.18855902e+00    2.18855902e+00
 1.10354203e+03   9.90720108e+00    9.90500000e+00    2.18855391e+00    2.18855391e+00
 1.10473979e+03   9.90702420e+00    9.90500000e+00    2.18854864e+00    2.18854864e+00
 1.10593755e+03   9.90685918e+00    9.90500000e+00    2.18854313e+00    2.18854313e+00
 1.10713531e+03   9.90671824e+00    9.90500000e+00    2.18853727e+00    2.18853727e+00
 1.10833307e+03   9.90665972e+00    9.90500000e+00    2.18853133e+00    2.18853133e+00
 1.10953082e+03   9.90222672e+00    9.90000000e+00    2.18852513e+00    2.18852513e+00
 1.11072858e+03   9.90204727e+00    9.90000000e+00    2.18851855e+00    2.18851855e+00
 1.11192634e+03   9.90187711e+00    9.90000000e+00    2.18851183e+00    2.18851183e+00
 1.11312410e+03   9.90173922e+00    9.90000000e+00    2.18850481e+00    2.18850481e+00
 1.11432186e+03   9.90167861e+00    9.90000000e+00    2.18849752e+00    2.18849752e+00
 1.11551962e+03   9.89725416e+00    9.89500000e+00    2.18849016e+00    2.18849016e+00
 1.11671737e+03   9.89707517e+00    9.89500000e+00    2.18848245e+00    2.18848244e+00
 1.11791513e+03   9.89689926e+00    9.89500000e+00    2.18847444e+00    2.18847444e+00
 1.11911289e+03   9.89676181e+00    9.89500000e+00    2.18846630e+00    2.18846630e+00
 1.12031065e+03   9.89666708e+00    9.89500000e+00    2.18845780e+00    2.18845780e+00
 1.12150841e+03   9.89227819e+00    9.89000000e+00    2.18844912e+00    2.18844912e+00
 1.12270616e+03   9.89210178e+00    9.89000000e+00    2.18844036e+00    2.18844036e+00
 1.12390392e+03   9.89193425e+00    9.89000000e+00    2.18843117e+00    2.18843117e+00
 1.12510168e+03   9.89177866e+00    9.89000000e+00    2.18842178e+00    2.18842178e+00
 1.12629944e+03   9.89167697e+00    9.89000000e+00    2.18841222e+00    2.18841222e+00
 1.12749720e+03   9.89151732e+00    9.89000000e+00    2.18840231e+00    2.18840231e+00
 1.12869496e+03   9.88713105e+00    9.88500000e+00    2.18839227e+00    2.18839227e+00
 1.12989271e+03   9.88697348e+00    9.88500000e+00    2.18838210e+00    2.18838210e+00
 1.13109047e+03   9.88680791e+00    9.88500000e+00    2.18837150e+00    2.18837150e+00
 1.13228823e+03   9.88669379e+00    9.88500000e+00    2.18836076e+00    2.18836076e+00
 1.13348599e+03   9.88659544e+00    9.88500000e+00    2.18834980e+00    2.18834980e+00
 1.13468375e+03   9.88217155e+00    9.88000000e+00    2.18833852e+00    2.18833852e+00
 1.13588151e+03   9.88200000e+00    9.88000000e+00    2.18832715e+00    2.18832715e+00
 1.13707926e+03   9.88185071e+00    9.88000000e+00    2.18831559e+00    2.18831559e+00
 1.13827702e+03   9.88171444e+00    9.88000000e+00    2.18830363e+00    2.18830363e+00
 1.13947478e+03   9.88166663e+00    9.88000000e+00    2.18829156e+00    2.18829156e+00
 1.14067254e+03   9.87722224e+00    9.87500000e+00    2.18827923e+00    2.18827923e+00
 1.14187030e+03   9.87703808e+00    9.87500000e+00    2.18826662e+00    2.18826662e+00
 1.14306805e+03   9.87688855e+00    9.87500000e+00    2.18825394e+00    2.18825394e+00
 1.14426581e+03   9.87674688e+00    9.87500000e+00    2.18824101e+00    2.18824101e+00
 1.14546357e+03   9.87666753e+00    9.87500000e+00    2.18822774e+00    2.18822774e+00
 1.14666133e+03   9.87228083e+00    9.87000000e+00    2.18821436e+00    2.18821435e+00
 1.14785909e+03   9.87209472e+00    9.87000000e+00    2.18820069e+00    2.18820069e+00
 1.14905685e+03   9.87192284e+00    9.87000000e+00    2.18818678e+00    2.18818678e+00
 1.15025460e+03   9.87178609e+00    9.87000000e+00    2.18817282e+00    2.18817282e+00
 1.15145236e+03   9.87167886e+00    9.87000000e+00    2.18815855e+00    2.18815855e+00
 1.15265012e+03   9.87155061e+00    9.87000000e+00    2.18814399e+00    2.18814399e+00
 1.15384788e+03   9.86715220e+00    9.86500000e+00    2.18812933e+00    2.18812932e+00
 1.15504564e+03   9.86697655e+00    9.86500000e+00    2.18811436e+00    2.18811435e+00
 1.15624339e+03   9.86682584e+00    9.86500000e+00    2.18809918e+00    2.18809918e+00
 1.15744115e+03   9.86670505e+00    9.86500000e+00    2.18808395e+00    2.18808395e+00
 1.15863891e+03   9.86665267e+00    9.86500000e+00    2.18806839e+00    2.18806839e+00
 1.15983667e+03   9.86221381e+00    9.86000000e+00    2.18805257e+00    2.18805257e+00
 1.16103443e+03   9.86203939e+00    9.86000000e+00    2.18803664e+00    2.18803664e+00
 1.16223219e+03   9.86187305e+00    9.86000000e+00    2.18802040e+00    2.18802040e+00
 1.16342994e+03   9.86174069e+00    9.86000000e+00    2.18800398e+00    2.18800398e+00
 1.16462770e+03   9.86166804e+00    9.86000000e+00    2.18798751e+00    2.18798751e+00
 1.16582546e+03   9.85728927e+00    9.85500000e+00    2.18797069e+00    2.18797069e+00
 1.16702322e+03   9.85710052e+00    9.85500000e+00    2.18795364e+00    2.18795364e+00
 1.16822098e+03   9.85693670e+00    9.85500000e+00    2.18793648e+00    2.18793648e+00
 1.16941873e+03   9.85678989e+00    9.85500000e+00    2.18791901e+00    2.18791901e+00
 1.17061649e+03   9.85667971e+00    9.85500000e+00    2.18790137e+00    2.18790137e+00
 1.17181425e+03   9.85658715e+00    9.85500000e+00    2.18788368e+00    2.18788368e+00
 1.17301201e+03   9.85217657e+00    9.85000000e+00    2.18786564e+00    2.18786564e+00
 1.17420977e+03   9.85199774e+00    9.85000000e+00    2.18784738e+00    2.18784738e+00
 1.17540753e+03   9.85184483e+00    9.85000000e+00    2.18782902e+00    2.18782902e+00
 1.17660528e+03   9.85172076e+00    9.85000000e+00    2.18781035e+00    2.18781035e+00
 1.17780304e+03   9.85167296e+00    9.85000000e+00    2.18779151e+00    2.18779151e+00
 1.17900080e+03   9.84725944e+00    9.84500000e+00    2.18777263e+00    2.18777263e+00
 1.18019856e+03   9.84707727e+00    9.84500000e+00    2.18775341e+00    2.18775341e+00
 1.18139632e+03   9.84690935e+00    9.84500000e+00    2.18773397e+00    2.18773397e+00
 1.18259408e+03   9.84677104e+00    9.84500000e+00    2.18771443e+00    2.18771443e+00
 1.18379183e+03   9.84667395e+00    9.84500000e+00    2.18769459e+00    2.18769459e+00
 1.18498959e+03   9.84653045e+00    9.84500000e+00    2.18767458e+00    2.18767458e+00
 1.18618735e+03   9.84216224e+00    9.84000000e+00    2.18765454e+00    2.18765454e+00
 1.18738511e+03   9.84198649e+00    9.84000000e+00    2.18763417e+00    2.18763416e+00
 1.18858287e+03   9.84183022e+00    9.84000000e+00    2.18761357e+00    2.18761357e+00
 1.18978062e+03   9.84171339e+00    9.84000000e+00    2.18759288e+00    2.18759288e+00
 1.19097838e+03   9.84165671e+00    9.84000000e+00    2.18757190e+00    2.18757190e+00
 1.19217614e+03   9.83723613e+00    9.83500000e+00    2.18755075e+00    2.18755075e+00
 1.19337390e+03   9.83706986e+00    9.83500000e+00    2.18752957e+00    2.18752957e+00
 1.19457166e+03   9.83690550e+00    9.83500000e+00    2.18750808e+00    2.18750808e+00
 1.19576942e+03   9.83676262e+00    9.83500000e+00    2.18748636e+00    2.18748636e+00
 1.19696717e+03   9.83667490e+00    9.83500000e+00    2.18746455e+00    2.18746455e+00
 1.19816493e+03   9.83652982e+00    9.83500000e+00    2.18744247e+00    2.18744247e+00
 1.19936269e+03   9.83215313e+00    9.83000000e+00    2.18742019e+00    2.18742019e+00
 1.20056045e+03   9.83198990e+00    9.83000000e+00    2.18739789e+00    2.18739789e+00
 1.20175821e+03   9.83183876e+00    9.83000000e+00    2.18737533e+00    2.18737533e+00
 1.20295596e+03   9.83171045e+00    9.83000000e+00    2.18735250e+00    2.18735250e+00
 1.20415372e+03   9.83168116e+00    9.83000000e+00    2.18732959e+00    2.18732959e+00
 1.20535148e+03   9.82724324e+00    9.82500000e+00    2.18730644e+00    2.18730644e+00
 1.20654924e+03   9.82707637e+00    9.82500000e+00    2.18728307e+00    2.18728307e+00
 1.20774700e+03   9.82691770e+00    9.82500000e+00    2.18725967e+00    2.18725967e+00
 1.20894476e+03   9.82678044e+00    9.82500000e+00    2.18723607e+00    2.18723607e+00
 1.21014251e+03   9.82667735e+00    9.82500000e+00    2.18721216e+00    2.18721216e+00
 1.21134027e+03   9.82656532e+00    9.82500000e+00    2.18718817e+00    2.18718817e+00
 1.21253803e+03   9.82217271e+00    9.82000000e+00    2.18716399e+00    2.18716398e+00
 1.21373579e+03   9.82200668e+00    9.82000000e+00    2.18713955e+00    2.18713955e+00
 1.21493355e+03   9.82185373e+00    9.82000000e+00    2.18711507e+00    2.18711507e+00
 1.21613131e+03   9.82173218e+00    9.82000000e+00    2.18709045e+00    2.18709045e+00
 1.21732906e+03   9.82167325e+00    9.82000000e+00    2.18706549e+00    2.18706549e+00
 1.21852682e+03   9.81727274e+00    9.81500000e+00    2.18704045e+00    2.18704045e+00
 1.21972458e+03   9.81711137e+00    9.81500000e+00    2.18701525e+00    2.18701525e+00
 1.22092234e+03   9.81694332e+00    9.81500000e+00    2.18698978e+00    2.18698978e+00
 1.22212010e+03   9.81679827e+00    9.81500000e+00    2.18696424e+00    2.18696424e+00
 1.22331785e+03   9.81669544e+00    9.81500000e+00    2.18693863e+00    2.18693863e+00
 1.22451561e+03   9.81662248e+00    9.81500000e+00    2.18691266e+00    2.18691266e+00
 1.22571337e+03   9.81220723e+00    9.81000000e+00    2.18688657e+00    2.18688657e+00
 1.22691113e+03   9.81205454e+00    9.81000000e+00    2.18686039e+00    2.18686038e+00
 1.22810889e+03   9.81189076e+00    9.81000000e+00    2.18683391e+00    2.18683391e+00
 1.22930665e+03   9.81175424e+00    9.81000000e+00    2.18680733e+00    2.18680733e+00
 1.23050440e+03   9.81167247e+00    9.81000000e+00    2.18678073e+00    2.18678073e+00
 1.23170216e+03   9.81153942e+00    9.81000000e+00    2.18675380e+00    2.18675380e+00
 1.23289992e+03   9.80715092e+00    9.80500000e+00    2.18672669e+00    2.18672669e+00
 1.23409768e+03   9.80700273e+00    9.80500000e+00    2.18669952e+00    2.18669952e+00
 1.23529544e+03   9.80684640e+00    9.80500000e+00    2.18667208e+00    2.18667208e+00
 1.23649319e+03   9.80671966e+00    9.80500000e+00    2.18664449e+00    2.18664449e+00
 1.23769095e+03   9.80668045e+00    9.80500000e+00    2.18661689e+00    2.18661689e+00
 1.23888871e+03   9.80646469e+00    9.80500000e+00    2.18658904e+00    2.18658904e+00
 1.24008647e+03   9.80210146e+00    9.80000000e+00    2.18656095e+00    2.18656095e+00
 1.24128423e+03   9.80195614e+00    9.80000000e+00    2.18653279e+00    2.18653279e+00
 1.24248199e+03   9.80180882e+00    9.80000000e+00    2.18650443e+00    2.18650443e+00
 1.24367974e+03   9.80169389e+00    9.80000000e+00    2.18647586e+00    2.18647586e+00
 1.24487750e+03   9.80162139e+00    9.80000000e+00    2.18644726e+00    2.18644725e+00
 1.24607526e+03   9.79723251e+00    9.79500000e+00    2.18641852e+00    2.18641852e+00
 1.24727302e+03   9.79705898e+00    9.79500000e+00    2.18638947e+00    2.18638947e+00
 1.24847078e+03   9.79691553e+00    9.79500000e+00    2.18636034e+00    2.18636034e+00
 1.24966853e+03   9.79677748e+00    9.79500000e+00    2.18633108e+00    2.18633108e+00
 1.25086629e+03   9.79667718e+00    9.79500000e+00    2.18630156e+00    2.18630156e+00
 1.25206405e+03   9.79655338e+00    9.79500000e+00    2.18627197e+00    2.18627197e+00
 1.25326181e+03   9.79219177e+00    9.79000000e+00    2.18624235e+00    2.18624235e+00
 1.25445957e+03   9.79202353e+00    9.79000000e+00    2.18621239e+00    2.18621239e+00
 1.25565733e+03   9.79188136e+00    9.79000000e+00    2.18618230e+00    2.18618230e+00
 1.25685508e+03   9.79175110e+00    9.79000000e+00    2.18615215e+00    2.18615215e+00
 1.25805284e+03   9.79166984e+00    9.79000000e+00    2.18612173e+00    2.18612173e+00
 1.25925060e+03   9.79149640e+00    9.79000000e+00    2.18609118e+00    2.18609118e+00
 1.26044836e+03   9.78715369e+00    9.78500000e+00    2.18606063e+00    2.18606063e+00
 1.26164612e+03   9.78699454e+00    9.78500000e+00    2.18602984e+00    2.18602984e+00
 1.26284388e+03   9.78685364e+00    9.78500000e+00    2.18599881e+00    2.18599881e+00
 1.26404163e+03   9.78672900e+00    9.78500000e+00    2.18596774e+00    2.18596774e+00
 1.26523939e+03   9.78667371e+00    9.78500000e+00    2.18593648e+00    2.18593648e+00
 1.26643715e+03   9.78226751e+00    9.78000000e+00    2.18590500e+00    2.18590500e+00
 1.26763491e+03   9.78211979e+00    9.78000000e+00    2.18587350e+00    2.18587350e+00
 1.26883267e+03   9.78197011e+00    9.78000000e+00    2.18584191e+00    2.18584191e+00
 1.27003042e+03   9.78183231e+00    9.78000000e+00    2.18580999e+00    2.18580999e+00
 1.27122818e+03   9.78171214e+00    9.78000000e+00    2.18577800e+00    2.18577800e+00
 1.27242594e+03   9.78167845e+00    9.78000000e+00    2.18574591e+00    2.18574591e+00
 1.27362370e+03   9.77724558e+00    9.77500000e+00    2.18571356e+00    2.18571356e+00
 1.27482146e+03   9.77709318e+00    9.77500000e+00    2.18568113e+00    2.18568113e+00
 1.27601922e+03   9.77694753e+00    9.77500000e+00    2.18564869e+00    2.18564869e+00
 1.27721697e+03   9.77681706e+00    9.77500000e+00    2.18561597e+00    2.18561597e+00
 1.27841473e+03   9.77670041e+00    9.77500000e+00    2.18558307e+00    2.18558307e+00
 1.27961249e+03   9.77664521e+00    9.77500000e+00    2.18555013e+00    2.18555013e+00
 1.28081025e+03   9.77223109e+00    9.77000000e+00    2.18551698e+00    2.18551698e+00
 1.28200801e+03   9.77207401e+00    9.77000000e+00    2.18548364e+00    2.18548364e+00
 1.28320576e+03   9.77192627e+00    9.77000000e+00    2.18545030e+00    2.18545030e+00
 1.28440352e+03   9.77180565e+00    9.77000000e+00    2.18541684e+00    2.18541684e+00
 1.28560128e+03   9.77169310e+00    9.77000000e+00    2.18538308e+00    2.18538308e+00
 1.28679904e+03   9.77161786e+00    9.77000000e+00    2.18534926e+00    2.18534926e+00
 1.28799680e+03   9.76722041e+00    9.76500000e+00    2.18531534e+00    2.18531534e+00
 1.28919456e+03   9.76706192e+00    9.76500000e+00    2.18528116e+00    2.18528116e+00
 1.29039231e+03   9.76691222e+00    9.76500000e+00    2.18524692e+00    2.18524692e+00
 1.29159007e+03   9.76679466e+00    9.76500000e+00    2.18521268e+00    2.18521268e+00
 1.29278783e+03   9.76669141e+00    9.76500000e+00    2.18517815e+00    2.18517815e+00
 1.29398559e+03   9.76660274e+00    9.76500000e+00    2.18514346e+00    2.18514346e+00
 1.29518335e+03   9.76221108e+00    9.76000000e+00    2.18510873e+00    2.18510872e+00
 1.29638110e+03   9.76205567e+00    9.76000000e+00    2.18507380e+00    2.18507380e+00
 1.29757886e+03   9.76190766e+00    9.76000000e+00    2.18503869e+00    2.18503869e+00
 1.29877662e+03   9.76178301e+00    9.76000000e+00    2.18500357e+00    2.18500357e+00
 1.29997438e+03   9.76169222e+00    9.76000000e+00    2.18496837e+00    2.18496836e+00
 1.30117214e+03   9.76160134e+00    9.76000000e+00    2.18493285e+00    2.18493285e+00
 1.30236990e+03   9.75720628e+00    9.75500000e+00    2.18489728e+00    2.18489728e+00
 1.30356765e+03   9.75705380e+00    9.75500000e+00    2.18486163e+00    2.18486163e+00
 1.30476541e+03   9.75690987e+00    9.75500000e+00    2.18482573e+00    2.18482573e+00
 1.30596317e+03   9.75677798e+00    9.75500000e+00    2.18478974e+00    2.18478974e+00
 1.30716093e+03   9.75669161e+00    9.75500000e+00    2.18475377e+00    2.18475377e+00
 1.30835869e+03   9.75661091e+00    9.75500000e+00    2.18471756e+00    2.18471756e+00
 1.30955645e+03   9.75220763e+00    9.75000000e+00    2.18468116e+00    2.18468115e+00
 1.31075420e+03   9.75205003e+00    9.75000000e+00    2.18464472e+00    2.18464471e+00
 1.31195196e+03   9.75191701e+00    9.75000000e+00    2.18460812e+00    2.18460812e+00
 1.31314972e+03   9.75178089e+00    9.75000000e+00    2.18457132e+00    2.18457132e+00
 1.31434748e+03   9.75169080e+00    9.75000000e+00    2.18453450e+00    2.18453450e+00
 1.31554524e+03   9.75162466e+00    9.75000000e+00    2.18449764e+00    2.18449764e+00
 1.31674299e+03   9.74721552e+00    9.74500000e+00    2.18446048e+00    2.18446048e+00
 1.31794075e+03   9.74705816e+00    9.74500000e+00    2.18442323e+00    2.18442323e+00
 1.31913851e+03   9.74692422e+00    9.74500000e+00    2.18438593e+00    2.18438593e+00
 1.32033627e+03   9.74679016e+00    9.74500000e+00    2.18434841e+00    2.18434841e+00
 1.32153403e+03   9.74669362e+00    9.74500000e+00    2.18431076e+00    2.18431076e+00
 1.32273179e+03   9.74663509e+00    9.74500000e+00    2.18427313e+00    2.18427313e+00
 1.32392954e+03   9.74223138e+00    9.74000000e+00    2.18423535e+00    2.18423535e+00
 1.32512730e+03   9.74207211e+00    9.74000000e+00    2.18419732e+00    2.18419731e+00
 1.32632506e+03   9.74193054e+00    9.74000000e+00    2.18415924e+00    2.18415924e+00
 1.32752282e+03   9.74180712e+00    9.74000000e+00    2.18412107e+00    2.18412107e+00
 1.32872058e+03   9.74169939e+00    9.74000000e+00    2.18408268e+00    2.18408267e+00
 1.32991833e+03   9.74165849e+00    9.74000000e+00    2.18404422e+00    2.18404422e+00
 1.33111609e+03   9.73724956e+00    9.73500000e+00    2.18400578e+00    2.18400577e+00
 1.33231385e+03   9.73709552e+00    9.73500000e+00    2.18396709e+00    2.18396709e+00
 1.33351161e+03   9.73694211e+00    9.73500000e+00    2.18392823e+00    2.18392823e+00
 1.33470937e+03   9.73682178e+00    9.73500000e+00    2.18388935e+00    2.18388934e+00
 1.33590713e+03   9.73671255e+00    9.73500000e+00    2.18385032e+00    2.18385032e+00
 1.33710488e+03   9.73669257e+00    9.73500000e+00    2.18381109e+00    2.18381109e+00
 1.33830264e+03   9.73644833e+00    9.73500000e+00    2.18377185e+00    2.18377185e+00
 1.33950040e+03   9.73211822e+00    9.73000000e+00    2.18373258e+00    2.18373258e+00
 1.34069816e+03   9.73196761e+00    9.73000000e+00    2.18369303e+00    2.18369303e+00
 1.34189592e+03   9.73183778e+00    9.73000000e+00    2.18365338e+00    2.18365338e+00
 1.34309367e+03   9.73172795e+00    9.73000000e+00    2.18361370e+00    2.18361370e+00
 1.34429143e+03   9.73167144e+00    9.73000000e+00    2.18357383e+00    2.18357383e+00
 1.34548919e+03   9.73148985e+00    9.73000000e+00    2.18353381e+00    2.18353381e+00
 1.34668695e+03   9.72713731e+00    9.72500000e+00    2.18349380e+00    2.18349379e+00
 1.34788471e+03   9.72700044e+00    9.72500000e+00    2.18345371e+00    2.18345371e+00
 1.34908247e+03   9.72685994e+00    9.72500000e+00    2.18341334e+00    2.18341334e+00
 1.35028022e+03   9.72674755e+00    9.72500000e+00    2.18337292e+00    2.18337292e+00
 1.35147798e+03   9.72667313e+00    9.72500000e+00    2.18333245e+00    2.18333245e+00
 1.35267574e+03   9.72655337e+00    9.72500000e+00    2.18329176e+00    2.18329176e+00
 1.35387350e+03   9.72216717e+00    9.72000000e+00    2.18325098e+00    2.18325098e+00
 1.35507126e+03   9.72202633e+00    9.72000000e+00    2.18321022e+00    2.18321022e+00
 1.35626902e+03   9.72189063e+00    9.72000000e+00    2.18316931e+00    2.18316931e+00
 1.35746677e+03   9.72177169e+00    9.72000000e+00    2.18312817e+00    2.18312817e+00
 1.35866453e+03   9.72168233e+00    9.72000000e+00    2.18308699e+00    2.18308699e+00
 1.35986229e+03   9.72161417e+00    9.72000000e+00    2.18304575e+00    2.18304575e+00
 1.36106005e+03   9.71720902e+00    9.71500000e+00    2.18300428e+00    2.18300428e+00
 1.36225781e+03   9.71705344e+00    9.71500000e+00    2.18296275e+00    2.18296275e+00
 1.36345556e+03   9.71692472e+00    9.71500000e+00    2.18292124e+00    2.18292124e+00
 1.36465332e+03   9.71680212e+00    9.71500000e+00    2.18287955e+00    2.18287955e+00
 1.36585108e+03   9.71670202e+00    9.71500000e+00    2.18283765e+00    2.18283765e+00
 1.36704884e+03   9.71666242e+00    9.71500000e+00    2.18279574e+00    2.18279574e+00
 1.36824660e+03   9.71645078e+00    9.71500000e+00    2.18275373e+00    2.18275373e+00
 1.36944436e+03   9.71209941e+00    9.71000000e+00    2.18271151e+00    2.18271151e+00
 1.37064211e+03   9.71195749e+00    9.71000000e+00    2.18266925e+00    2.18266925e+00
 1.37183987e+03   9.71183367e+00    9.71000000e+00    2.18262702e+00    2.18262702e+00
 1.37303763e+03   9.71173076e+00    9.71000000e+00    2.18258455e+00    2.18258455e+00
 1.37423539e+03   9.71167257e+00    9.71000000e+00    2.18254193e+00    2.18254193e+00
 1.37543315e+03   9.71151679e+00    9.71000000e+00    2.18249929e+00    2.18249929e+00
 1.37663090e+03   9.70715582e+00    9.70500000e+00    2.18245654e+00    2.18245654e+00
 1.37782866e+03   9.70699972e+00    9.70500000e+00    2.18241359e+00    2.18241359e+00
 1.37902642e+03   9.70686929e+00    9.70500000e+00    2.18237062e+00    2.18237062e+00
 1.38022418e+03   9.70676159e+00    9.70500000e+00    2.18232767e+00    2.18232767e+00
 1.38142194e+03   9.70668099e+00    9.70500000e+00    2.18228447e+00    2.18228447e+00
 1.38261970e+03   9.70658227e+00    9.70500000e+00    2.18224113e+00    2.18224113e+00
 1.38381745e+03   9.70221404e+00    9.70000000e+00    2.18219779e+00    2.18219779e+00
 1.38501521e+03   9.70205945e+00    9.70000000e+00    2.18215432e+00    2.18215431e+00
 1.38621297e+03   9.70191570e+00    9.70000000e+00    2.18211066e+00    2.18211066e+00
 1.38741073e+03   9.70179275e+00    9.70000000e+00    2.18206699e+00    2.18206699e+00
 1.38860849e+03   9.70170607e+00    9.70000000e+00    2.18202333e+00    2.18202333e+00
 1.38980624e+03   9.70167551e+00    9.70000000e+00    2.18197942e+00    2.18197942e+00
 1.39100400e+03   9.70144991e+00    9.70000000e+00    2.18193539e+00    2.18193539e+00
 1.39220176e+03   9.69712091e+00    9.69500000e+00    2.18189135e+00    2.18189135e+00
 1.39339952e+03   9.69697439e+00    9.69500000e+00    2.18184718e+00    2.18184718e+00
 1.39459728e+03   9.69684181e+00    9.69500000e+00    2.18180284e+00    2.18180284e+00
 1.39579504e+03   9.69673147e+00    9.69500000e+00    2.18175848e+00    2.18175848e+00
 1.39699279e+03   9.69667333e+00    9.69500000e+00    2.18171414e+00    2.18171414e+00
 1.39819055e+03   9.69654468e+00    9.69500000e+00    2.18166954e+00    2.18166954e+00
 1.39938831e+03   9.69218343e+00    9.69000000e+00    2.18162484e+00    2.18162483e+00
 1.40058607e+03   9.69203412e+00    9.69000000e+00    2.18158012e+00    2.18158011e+00
 1.40178383e+03   9.69189844e+00    9.69000000e+00    2.18153527e+00    2.18153527e+00
 1.40298159e+03   9.69177669e+00    9.69000000e+00    2.18149025e+00    2.18149025e+00
 1.40417934e+03   9.69168996e+00    9.69000000e+00    2.18144522e+00    2.18144522e+00
 1.40537710e+03   9.69165409e+00    9.69000000e+00    2.18140021e+00    2.18140021e+00
 1.40657486e+03   9.68724731e+00    9.68500000e+00    2.18135496e+00    2.18135496e+00
 1.40777262e+03   9.68710637e+00    9.68500000e+00    2.18130958e+00    2.18130958e+00
 1.40897038e+03   9.68696173e+00    9.68500000e+00    2.18126420e+00    2.18126420e+00
 1.41016813e+03   9.68683644e+00    9.68500000e+00    2.18121870e+00    2.18121870e+00
 1.41136589e+03   9.68672488e+00    9.68500000e+00    2.18117303e+00    2.18117303e+00
 1.41256365e+03   9.68667196e+00    9.68500000e+00    2.18112734e+00    2.18112734e+00
 1.41376141e+03   9.68653780e+00    9.68500000e+00    2.18108167e+00    2.18108167e+00
 1.41495917e+03   9.68217702e+00    9.68000000e+00    2.18103578e+00    2.18103578e+00
 1.41615693e+03   9.68203411e+00    9.68000000e+00    2.18098976e+00    2.18098976e+00
 1.41735468e+03   9.68189725e+00    9.68000000e+00    2.18094372e+00    2.18094372e+00
 1.41855244e+03   9.68178325e+00    9.68000000e+00    2.18089760e+00    2.18089760e+00
 1.41975020e+03   9.68168742e+00    9.68000000e+00    2.18085129e+00    2.18085128e+00
 1.42094796e+03   9.68164014e+00    9.68000000e+00    2.18080495e+00    2.18080495e+00
 1.42214572e+03   9.68143131e+00    9.68000000e+00    2.18075864e+00    2.18075864e+00
 1.42334347e+03   9.67711557e+00    9.67500000e+00    2.18071214e+00    2.18071214e+00
 1.42454123e+03   9.67696887e+00    9.67500000e+00    2.18066548e+00    2.18066548e+00
 1.42573899e+03   9.67684071e+00    9.67500000e+00    2.18061881e+00    2.18061881e+00
 1.42693675e+03   9.67673861e+00    9.67500000e+00    2.18057208e+00    2.18057207e+00
 1.42813451e+03   9.67667214e+00    9.67500000e+00    2.18052514e+00    2.18052514e+00
 1.42933227e+03   9.67654516e+00    9.67500000e+00    2.18047817e+00    2.18047817e+00
 1.43053002e+03   9.67218833e+00    9.67000000e+00    2.18043123e+00    2.18043123e+00
 1.43172778e+03   9.67205948e+00    9.67000000e+00    2.18038415e+00    2.18038415e+00
 1.43292554e+03   9.67191278e+00    9.67000000e+00    2.18033687e+00    2.18033687e+00
 1.43412330e+03   9.67179341e+00    9.67000000e+00    2.18028958e+00    2.18028958e+00
 1.43532106e+03   9.67170358e+00    9.67000000e+00    2.18024224e+00    2.18024224e+00
 1.43651882e+03   9.67167318e+00    9.67000000e+00    2.18019472e+00    2.18019472e+00
 1.43771657e+03   9.67145837e+00    9.67000000e+00    2.18014712e+00    2.18014712e+00
 1.43891433e+03   9.66713039e+00    9.66500000e+00    2.18009956e+00    2.18009956e+00
 1.44011209e+03   9.66700903e+00    9.66500000e+00    2.18005192e+00    2.18005192e+00
 1.44130985e+03   9.66686733e+00    9.66500000e+00    2.18000404e+00    2.18000404e+00
 1.44250761e+03   9.66675577e+00    9.66500000e+00    2.17995614e+00    2.17995614e+00
 1.44370536e+03   9.66668054e+00    9.66500000e+00    2.17990821e+00    2.17990821e+00
 1.44490312e+03   9.66659866e+00    9.66500000e+00    2.17986012e+00    2.17986012e+00
 1.44610088e+03   9.66221784e+00    9.66000000e+00    2.17981192e+00    2.17981192e+00
 1.44729864e+03   9.66207933e+00    9.66000000e+00    2.17976375e+00    2.17976374e+00
 1.44849640e+03   9.66196427e+00    9.66000000e+00    2.17971555e+00    2.17971555e+00
 1.44969416e+03   9.66182916e+00    9.66000000e+00    2.17966711e+00    2.17966711e+00
 1.45089191e+03   9.66172542e+00    9.66000000e+00    2.17961860e+00    2.17961860e+00
 1.45208967e+03   9.66167256e+00    9.66000000e+00    2.17957010e+00    2.17957010e+00
 1.45328743e+03   9.66153317e+00    9.66000000e+00    2.17952146e+00    2.17952146e+00
 1.45448519e+03   9.65717301e+00    9.65500000e+00    2.17947268e+00    2.17947268e+00
 1.45568295e+03   9.65703626e+00    9.65500000e+00    2.17942390e+00    2.17942390e+00
 1.45688070e+03   9.65692431e+00    9.65500000e+00    2.17937515e+00    2.17937515e+00
 1.45807846e+03   9.65679765e+00    9.65500000e+00    2.17932618e+00    2.17932618e+00
 1.45927622e+03   9.65670240e+00    9.65500000e+00    2.17927709e+00    2.17927709e+00
 1.46047398e+03   9.65667664e+00    9.65500000e+00    2.17922801e+00    2.17922801e+00
 1.46167174e+03   9.65647584e+00    9.65500000e+00    2.17917885e+00    2.17917885e+00
 1.46286950e+03   9.65213562e+00    9.65000000e+00    2.17912951e+00    2.17912951e+00
 1.46406725e+03   9.65200023e+00    9.65000000e+00    2.17908015e+00    2.17908015e+00
 1.46526501e+03   9.65188850e+00    9.65000000e+00    2.17903082e+00    2.17903082e+00
 1.46646277e+03   9.65177221e+00    9.65000000e+00    2.17898136e+00    2.17898136e+00
 1.46766053e+03   9.65168655e+00    9.65000000e+00    2.17893172e+00    2.17893171e+00
 1.46885829e+03   9.65162143e+00    9.65000000e+00    2.17888206e+00    2.17888206e+00
 1.47005604e+03   9.65142501e+00    9.65000000e+00    2.17883238e+00    2.17883238e+00
 1.47125380e+03   9.64710554e+00    9.64500000e+00    2.17878252e+00    2.17878252e+00
 1.47245156e+03   9.64697042e+00    9.64500000e+00    2.17873259e+00    2.17873259e+00
 1.47364932e+03   9.64685815e+00    9.64500000e+00    2.17868268e+00    2.17868268e+00
 1.47484708e+03   9.64675150e+00    9.64500000e+00    2.17863275e+00    2.17863275e+00
 1.47604484e+03   9.64667723e+00    9.64500000e+00    2.17858258e+00    2.17858258e+00
 1.47724259e+03   9.64657641e+00    9.64500000e+00    2.17853237e+00    2.17853237e+00
 1.47844035e+03   9.64221678e+00    9.64000000e+00    2.17848215e+00    2.17848215e+00
 1.47963811e+03   9.64208190e+00    9.64000000e+00    2.17843181e+00    2.17843181e+00
 1.48083587e+03   9.64194653e+00    9.64000000e+00    2.17838134e+00    2.17838133e+00
 1.48203363e+03   9.64183477e+00    9.64000000e+00    2.17833087e+00    2.17833086e+00
 1.48323139e+03   9.64173398e+00    9.64000000e+00    2.17828043e+00    2.17828043e+00
 1.48442914e+03   9.64167324e+00    9.64000000e+00    2.17822979e+00    2.17822979e+00
 1.48562690e+03   9.64154213e+00    9.64000000e+00    2.17817903e+00    2.17817903e+00
 1.48682466e+03   9.63719149e+00    9.63500000e+00    2.17812828e+00    2.17812828e+00
 1.48802242e+03   9.63706313e+00    9.63500000e+00    2.17807747e+00    2.17807747e+00
 1.48922018e+03   9.63692901e+00    9.63500000e+00    2.17802650e+00    2.17802649e+00
 1.49041793e+03   9.63681828e+00    9.63500000e+00    2.17797548e+00    2.17797547e+00
 1.49161569e+03   9.63671918e+00    9.63500000e+00    2.17792449e+00    2.17792449e+00
 1.49281345e+03   9.63667333e+00    9.63500000e+00    2.17787344e+00    2.17787344e+00
 1.49401121e+03   9.63651896e+00    9.63500000e+00    2.17782217e+00    2.17782217e+00
 1.49520897e+03   9.63217252e+00    9.63000000e+00    2.17777088e+00    2.17777088e+00
 1.49640673e+03   9.63204729e+00    9.63000000e+00    2.17771959e+00    2.17771959e+00
 1.49760448e+03   9.63191790e+00    9.63000000e+00    2.17766817e+00    2.17766816e+00
 1.49880224e+03   9.63180793e+00    9.63000000e+00    2.17761662e+00    2.17761662e+00
 1.50000000e+03   9.63170885e+00    9.63000000e+00    2.17756509e+00    2.17756509e+00
