Stellar Sequence
Central Pressure Range = 1.5 to 450.0 MeVfm^3
Number of Stars = 1250
h = 5 meters
r0 = 10.0 meters
P_MeV/fm3         R_km using LE     R_km not using LE M_M_solar using LE M_M_solar not using LE
 1.50000000e+00   1.49403913e+01    1.49400000e+01    1.56957730e-01    1.56957730e-01
 1.85908727e+00   1.41074482e+01    1.41100000e+01    1.86712539e-01    1.86712540e-01
 2.21817454e+00   1.36484394e+01    1.36500000e+01    2.14936998e-01    2.14936999e-01
 2.57726181e+00   1.33708002e+01    1.33700000e+01    2.41856313e-01    2.41856313e-01
 2.93634908e+00   1.31934049e+01    1.31950000e+01    2.67609088e-01    2.67609089e-01
 3.29543635e+00   1.30760431e+01    1.30750000e+01    2.92348983e-01    2.92348983e-01
 3.65452362e+00   1.29970062e+01    1.30000000e+01    3.16160022e-01    3.16160022e-01
 4.01361089e+00   1.29434888e+01    1.29450000e+01    3.39142063e-01    3.39142063e-01
 4.37269816e+00   1.29075907e+01    1.29100000e+01    3.61351690e-01    3.61351690e-01
 4.73178543e+00   1.28842440e+01    1.28850000e+01    3.82865104e-01    3.82865104e-01
 5.09087270e+00   1.28697732e+01    1.28700000e+01    4.03715062e-01    4.03715062e-01
 5.44995997e+00   1.28620266e+01    1.28650000e+01    4.23965082e-01    4.23965083e-01
 5.80904724e+00   1.28590659e+01    1.28600000e+01    4.43641891e-01    4.43641891e-01
 6.16813451e+00   1.28597926e+01    1.28600000e+01    4.62782370e-01    4.62782370e-01
 6.52722178e+00   1.28632563e+01    1.28650000e+01    4.81427458e-01    4.81427458e-01
 6.88630905e+00   1.28686743e+01    1.28700000e+01    4.99593340e-01    4.99593340e-01
 7.24539632e+00   1.28758222e+01    1.28750000e+01    5.17308931e-01    5.17308931e-01
 7.60448359e+00   1.28840460e+01    1.28850000e+01    5.34603804e-01    5.34603805e-01
 7.96357086e+00   1.28930833e+01    1.28950000e+01    5.51489110e-01    5.51489111e-01
 8.32265813e+00   1.29027149e+01    1.29050000e+01    5.67985747e-01    5.67985747e-01
 8.68174540e+00   1.29127598e+01    1.29150000e+01    5.84120346e-01    5.84120346e-01
 9.04083267e+00   1.29231419e+01    1.29250000e+01    5.99901791e-01    5.99901791e-01
 9.39991994e+00   1.29337026e+01    1.29350000e+01    6.15342911e-01    6.15342911e-01
 9.75900721e+00   1.29442725e+01    1.29450000e+01    6.30463564e-01    6.30463565e-01
 1.01180945e+01   1.29547930e+01    1.29550000e+01    6.45276269e-01    6.45276269e-01
 1.04771817e+01   1.29653624e+01    1.29650000e+01    6.59789178e-01    6.59789178e-01
 1.08362690e+01   1.29758850e+01    1.29750000e+01    6.74014435e-01    6.74014434e-01
 1.11953563e+01   1.29861577e+01    1.29850000e+01    6.87965860e-01    6.87965860e-01
 1.15544436e+01   1.29963234e+01    1.29950000e+01    7.01652808e-01    7.01652807e-01
 1.19135308e+01   1.30062817e+01    1.30050000e+01    7.15081735e-01    7.15081735e-01
 1.22726181e+01   1.30159962e+01    1.30150000e+01    7.28261743e-01    7.28261743e-01
 1.26317054e+01   1.30255638e+01    1.30250000e+01    7.41204225e-01    7.41204225e-01
 1.29907926e+01   1.30347920e+01    1.30350000e+01    7.53916842e-01    7.53916842e-01
 1.33498799e+01   1.30439339e+01    1.30450000e+01    7.66405287e-01    7.66405287e-01
 1.37089672e+01   1.30527824e+01    1.30550000e+01    7.78675154e-01    7.78675155e-01
 1.40680544e+01   1.30613643e+01    1.30600000e+01    7.90735029e-01    7.90735029e-01
 1.44271417e+01   1.30697648e+01    1.30700000e+01    8.02593249e-01    8.02593249e-01
 1.47862290e+01   1.30779523e+01    1.30800000e+01    8.14254774e-01    8.14254775e-01
 1.51453163e+01   1.30856988e+01    1.30850000e+01    8.25723957e-01    8.25723957e-01
 1.55044035e+01   1.30933953e+01    1.30950000e+01    8.37006525e-01    8.37006525e-01
 1.58634908e+01   1.31008367e+01    1.31000000e+01    8.48108435e-01    8.48108435e-01
 1.62225781e+01   1.31081471e+01    1.31100000e+01    8.59035426e-01    8.59035426e-01
 1.65816653e+01   1.31151144e+01    1.31150000e+01    8.69791726e-01    8.69791726e-01
 1.69407526e+01   1.31218787e+01    1.31200000e+01    8.80381105e-01    8.80381104e-01
 1.72998399e+01   1.31282948e+01    1.31300000e+01    8.90808042e-01    8.90808042e-01
 1.76589271e+01   1.31346314e+01    1.31350000e+01    9.01077820e-01    9.01077820e-01
 1.80180144e+01   1.31407652e+01    1.31400000e+01    9.11194678e-01    9.11194678e-01
 1.83771017e+01   1.31466415e+01    1.31450000e+01    9.21162136e-01    9.21162135e-01
 1.87361890e+01   1.31524858e+01    1.31550000e+01    9.30983563e-01    9.30983564e-01
 1.90952762e+01   1.31579832e+01    1.31600000e+01    9.40662309e-01    9.40662309e-01
 1.94543635e+01   1.31633219e+01    1.31650000e+01    9.50202105e-01    9.50202105e-01
 1.98134508e+01   1.31684038e+01    1.31700000e+01    9.59606618e-01    9.59606619e-01
 2.01725380e+01   1.31734059e+01    1.31750000e+01    9.68879348e-01    9.68879349e-01
 2.05316253e+01   1.31782704e+01    1.31800000e+01    9.78022995e-01    9.78022996e-01
 2.08907126e+01   1.31828493e+01    1.31850000e+01    9.87040063e-01    9.87040063e-01
 2.12497998e+01   1.31873087e+01    1.31900000e+01    9.95933507e-01    9.95933508e-01
 2.16088871e+01   1.31915392e+01    1.31900000e+01    1.00470660e+00    1.00470660e+00
 2.19679744e+01   1.31956724e+01    1.31950000e+01    1.01336234e+00    1.01336234e+00
 2.23270616e+01   1.31995645e+01    1.32000000e+01    1.02190319e+00    1.02190319e+00
 2.26861489e+01   1.32034081e+01    1.32050000e+01    1.03033137e+00    1.03033137e+00
 2.30452362e+01   1.32071413e+01    1.32050000e+01    1.03864908e+00    1.03864908e+00
 2.34043235e+01   1.32105862e+01    1.32100000e+01    1.04685883e+00    1.04685883e+00
 2.37634107e+01   1.32140109e+01    1.32150000e+01    1.05496312e+00    1.05496312e+00
 2.41224980e+01   1.32172849e+01    1.32200000e+01    1.06296412e+00    1.06296412e+00
 2.44815853e+01   1.32202403e+01    1.32200000e+01    1.07086384e+00    1.07086384e+00
 2.48406725e+01   1.32232578e+01    1.32250000e+01    1.07866450e+00    1.07866451e+00
 2.51997598e+01   1.32261873e+01    1.32250000e+01    1.08636794e+00    1.08636794e+00
 2.55588471e+01   1.32289053e+01    1.32300000e+01    1.09397606e+00    1.09397606e+00
 2.59179343e+01   1.32315032e+01    1.32300000e+01    1.10149080e+00    1.10149080e+00
 2.62770216e+01   1.32339226e+01    1.32350000e+01    1.10891407e+00    1.10891407e+00
 2.66361089e+01   1.32364110e+01    1.32350000e+01    1.11624768e+00    1.11624768e+00
 2.69951962e+01   1.32386246e+01    1.32400000e+01    1.12349334e+00    1.12349334e+00
 2.73542834e+01   1.32407363e+01    1.32400000e+01    1.13065264e+00    1.13065264e+00
 2.77133707e+01   1.32428530e+01    1.32450000e+01    1.13772738e+00    1.13772738e+00
 2.80724580e+01   1.32448333e+01    1.32450000e+01    1.14471884e+00    1.14471884e+00
 2.84315452e+01   1.32465768e+01    1.32450000e+01    1.15162874e+00    1.15162874e+00
 2.87906325e+01   1.32483789e+01    1.32500000e+01    1.15845861e+00    1.15845862e+00
 2.91497198e+01   1.32500695e+01    1.32500000e+01    1.16520996e+00    1.16520996e+00
 2.95088070e+01   1.32514730e+01    1.32500000e+01    1.17188414e+00    1.17188414e+00
 2.98678943e+01   1.32529889e+01    1.32550000e+01    1.17848267e+00    1.17848267e+00
 3.02269816e+01   1.32544325e+01    1.32550000e+01    1.18500666e+00    1.18500666e+00
 3.05860689e+01   1.32557310e+01    1.32550000e+01    1.19145751e+00    1.19145751e+00
 3.09451561e+01   1.32569682e+01    1.32550000e+01    1.19783646e+00    1.19783646e+00
 3.13042434e+01   1.32579809e+01    1.32600000e+01    1.20414474e+00    1.20414474e+00
 3.16633307e+01   1.32591782e+01    1.32600000e+01    1.21038388e+00    1.21038388e+00
 3.20224179e+01   1.32600888e+01    1.32600000e+01    1.21655478e+00    1.21655478e+00
 3.23815052e+01   1.32610112e+01    1.32600000e+01    1.22265868e+00    1.22265868e+00
 3.27405925e+01   1.32616784e+01    1.32600000e+01    1.22869655e+00    1.22869655e+00
 3.30996797e+01   1.32625361e+01    1.32650000e+01    1.23466972e+00    1.23466972e+00
 3.34587670e+01   1.32632495e+01    1.32650000e+01    1.24057907e+00    1.24057907e+00
 3.38178543e+01   1.32637843e+01    1.32650000e+01    1.24642571e+00    1.24642571e+00
 3.41769416e+01   1.32642585e+01    1.32650000e+01    1.25221070e+00    1.25221070e+00
 3.45360288e+01   1.32647016e+01    1.32650000e+01    1.25793508e+00    1.25793508e+00
 3.48951161e+01   1.32651565e+01    1.32650000e+01    1.26359979e+00    1.26359979e+00
 3.52542034e+01   1.32655299e+01    1.32650000e+01    1.26920576e+00    1.26920576e+00
 3.56132906e+01   1.32657496e+01    1.32650000e+01    1.27475391e+00    1.27475391e+00
 3.59723779e+01   1.32659826e+01    1.32650000e+01    1.28024516e+00    1.28024516e+00
 3.63314652e+01   1.32661942e+01    1.32650000e+01    1.28568037e+00    1.28568037e+00
 3.66905524e+01   1.32662736e+01    1.32650000e+01    1.29106043e+00    1.29106043e+00
 3.70496397e+01   1.32661912e+01    1.32650000e+01    1.29638616e+00    1.29638616e+00
 3.74087270e+01   1.32663256e+01    1.32650000e+01    1.30165857e+00    1.30165857e+00
 3.77678143e+01   1.32662766e+01    1.32650000e+01    1.30687830e+00    1.30687830e+00
 3.81269015e+01   1.32660715e+01    1.32650000e+01    1.31204615e+00    1.31204615e+00
 3.84859888e+01   1.32659943e+01    1.32650000e+01    1.31716296e+00    1.31716296e+00
 3.88450761e+01   1.32656264e+01    1.32650000e+01    1.32222938e+00    1.32222938e+00
 3.92041633e+01   1.32655436e+01    1.32650000e+01    1.32724636e+00    1.32724636e+00
 3.95632506e+01   1.32651648e+01    1.32650000e+01    1.33221442e+00    1.33221442e+00
 3.99223379e+01   1.32647404e+01    1.32650000e+01    1.33713430e+00    1.33713430e+00
 4.02814251e+01   1.32644162e+01    1.32650000e+01    1.34200692e+00    1.34200692e+00
 4.06405124e+01   1.32640195e+01    1.32650000e+01    1.34683272e+00    1.34683272e+00
 4.09995997e+01   1.32633409e+01    1.32650000e+01    1.35161240e+00    1.35161240e+00
 4.13586869e+01   1.32629059e+01    1.32650000e+01    1.35634678e+00    1.35634678e+00
 4.17177742e+01   1.32622725e+01    1.32600000e+01    1.36103634e+00    1.36103634e+00
 4.20768615e+01   1.32617569e+01    1.32600000e+01    1.36568182e+00    1.36568182e+00
 4.24359488e+01   1.32611546e+01    1.32600000e+01    1.37028374e+00    1.37028374e+00
 4.27950360e+01   1.32603848e+01    1.32600000e+01    1.37484277e+00    1.37484277e+00
 4.31541233e+01   1.32596355e+01    1.32600000e+01    1.37935947e+00    1.37935947e+00
 4.35132106e+01   1.32588848e+01    1.32600000e+01    1.38383447e+00    1.38383447e+00
 4.38722978e+01   1.32580393e+01    1.32600000e+01    1.38826829e+00    1.38826829e+00
 4.42313851e+01   1.32572112e+01    1.32550000e+01    1.39266154e+00    1.39266154e+00
 4.45904724e+01   1.32563546e+01    1.32550000e+01    1.39701469e+00    1.39701469e+00
 4.49495596e+01   1.32554075e+01    1.32550000e+01    1.40132837e+00    1.40132837e+00
 4.53086469e+01   1.32542987e+01    1.32550000e+01    1.40560298e+00    1.40560298e+00
 4.56677342e+01   1.32535131e+01    1.32550000e+01    1.40983929e+00    1.40983929e+00
 4.60268215e+01   1.32524713e+01    1.32500000e+01    1.41403757e+00    1.41403757e+00
 4.63859087e+01   1.32513870e+01    1.32500000e+01    1.41819838e+00    1.41819838e+00
 4.67449960e+01   1.32503509e+01    1.32500000e+01    1.42232225e+00    1.42232225e+00
 4.71040833e+01   1.32492313e+01    1.32500000e+01    1.42640967e+00    1.42640967e+00
 4.74631705e+01   1.32481569e+01    1.32500000e+01    1.43046110e+00    1.43046110e+00
 4.78222578e+01   1.32468684e+01    1.32450000e+01    1.43447695e+00    1.43447695e+00
 4.81813451e+01   1.32457545e+01    1.32450000e+01    1.43845776e+00    1.43845776e+00
 4.85404323e+01   1.32445304e+01    1.32450000e+01    1.44240388e+00    1.44240388e+00
 4.88995196e+01   1.32432743e+01    1.32450000e+01    1.44631583e+00    1.44631583e+00
 4.92586069e+01   1.32420783e+01    1.32400000e+01    1.45019401e+00    1.45019401e+00
 4.96176942e+01   1.32406795e+01    1.32400000e+01    1.45403873e+00    1.45403873e+00
 4.99767814e+01   1.32394496e+01    1.32400000e+01    1.45785068e+00    1.45785068e+00
 5.03358687e+01   1.32379951e+01    1.32400000e+01    1.46163003e+00    1.46163003e+00
 5.06949560e+01   1.32366888e+01    1.32350000e+01    1.46537731e+00    1.46537731e+00
 5.10540432e+01   1.32352719e+01    1.32350000e+01    1.46909281e+00    1.46909281e+00
 5.14131305e+01   1.32338264e+01    1.32350000e+01    1.47277703e+00    1.47277703e+00
 5.17722178e+01   1.32324422e+01    1.32300000e+01    1.47643036e+00    1.47643036e+00
 5.21313050e+01   1.32309097e+01    1.32300000e+01    1.48005304e+00    1.48005304e+00
 5.24903923e+01   1.32295856e+01    1.32300000e+01    1.48364559e+00    1.48364559e+00
 5.28494796e+01   1.32279904e+01    1.32250000e+01    1.48720824e+00    1.48720824e+00
 5.32085669e+01   1.32263160e+01    1.32250000e+01    1.49074134e+00    1.49074134e+00
 5.35676541e+01   1.32249852e+01    1.32250000e+01    1.49424547e+00    1.49424547e+00
 5.39267414e+01   1.32234367e+01    1.32250000e+01    1.49772075e+00    1.49772075e+00
 5.42858287e+01   1.32218169e+01    1.32200000e+01    1.50116754e+00    1.50116754e+00
 5.46449159e+01   1.32201828e+01    1.32200000e+01    1.50458621e+00    1.50458621e+00
 5.50040032e+01   1.32186304e+01    1.32200000e+01    1.50797715e+00    1.50797715e+00
 5.53630905e+01   1.32169512e+01    1.32150000e+01    1.51134058e+00    1.51134058e+00
 5.57221777e+01   1.32152391e+01    1.32150000e+01    1.51467686e+00    1.51467686e+00
 5.60812650e+01   1.32134921e+01    1.32150000e+01    1.51798629e+00    1.51798629e+00
 5.64403523e+01   1.32117785e+01    1.32100000e+01    1.52126926e+00    1.52126926e+00
 5.67994396e+01   1.32101652e+01    1.32100000e+01    1.52452608e+00    1.52452608e+00
 5.71585268e+01   1.32085364e+01    1.32100000e+01    1.52775698e+00    1.52775698e+00
 5.75176141e+01   1.32067714e+01    1.32050000e+01    1.53096224e+00    1.53096224e+00
 5.78767014e+01   1.32050050e+01    1.32050000e+01    1.53414216e+00    1.53414216e+00
 5.82357886e+01   1.32032295e+01    1.32050000e+01    1.53729703e+00    1.53729703e+00
 5.85948759e+01   1.32013855e+01    1.32000000e+01    1.54042711e+00    1.54042711e+00
 5.89539632e+01   1.31995524e+01    1.32000000e+01    1.54353269e+00    1.54353269e+00
 5.93130504e+01   1.31977000e+01    1.31950000e+01    1.54661403e+00    1.54661403e+00
 5.96721377e+01   1.31958582e+01    1.31950000e+01    1.54967141e+00    1.54967141e+00
 6.00312250e+01   1.31940645e+01    1.31950000e+01    1.55270508e+00    1.55270508e+00
 6.03903122e+01   1.31921455e+01    1.31900000e+01    1.55571531e+00    1.55571531e+00
 6.07493995e+01   1.31902473e+01    1.31900000e+01    1.55870236e+00    1.55870236e+00
 6.11084868e+01   1.31884116e+01    1.31900000e+01    1.56166649e+00    1.56166649e+00
 6.14675741e+01   1.31864833e+01    1.31850000e+01    1.56460794e+00    1.56460794e+00
 6.18266613e+01   1.31846447e+01    1.31850000e+01    1.56752697e+00    1.56752697e+00
 6.21857486e+01   1.31827816e+01    1.31800000e+01    1.57042381e+00    1.57042381e+00
 6.25448359e+01   1.31808079e+01    1.31800000e+01    1.57329870e+00    1.57329870e+00
 6.29039231e+01   1.31788578e+01    1.31800000e+01    1.57615187e+00    1.57615187e+00
 6.32630104e+01   1.31768702e+01    1.31750000e+01    1.57898356e+00    1.57898356e+00
 6.36220977e+01   1.31749118e+01    1.31750000e+01    1.58179399e+00    1.58179399e+00
 6.39811849e+01   1.31729393e+01    1.31700000e+01    1.58458337e+00    1.58458337e+00
 6.43402722e+01   1.31708635e+01    1.31700000e+01    1.58735192e+00    1.58735192e+00
 6.46993595e+01   1.31688838e+01    1.31700000e+01    1.59009986e+00    1.59009986e+00
 6.50584468e+01   1.31667269e+01    1.31650000e+01    1.59282739e+00    1.59282739e+00
 6.54175340e+01   1.31647034e+01    1.31650000e+01    1.59553482e+00    1.59553482e+00
 6.57766213e+01   1.31628477e+01    1.31600000e+01    1.59822228e+00    1.59822228e+00
 6.61357086e+01   1.31608185e+01    1.31600000e+01    1.60088995e+00    1.60088995e+00
 6.64947958e+01   1.31587457e+01    1.31600000e+01    1.60353803e+00    1.60353803e+00
 6.68538831e+01   1.31567000e+01    1.31550000e+01    1.60616672e+00    1.60616672e+00
 6.72129704e+01   1.31546021e+01    1.31550000e+01    1.60877622e+00    1.60877622e+00
 6.75720576e+01   1.31525689e+01    1.31500000e+01    1.61136680e+00    1.61136680e+00
 6.79311449e+01   1.31504925e+01    1.31500000e+01    1.61393858e+00    1.61393858e+00
 6.82902322e+01   1.31483777e+01    1.31450000e+01    1.61649174e+00    1.61649174e+00
 6.86493195e+01   1.31460796e+01    1.31450000e+01    1.61902645e+00    1.61902645e+00
 6.90084067e+01   1.31440496e+01    1.31450000e+01    1.62154300e+00    1.62154300e+00
 6.93674940e+01   1.31420239e+01    1.31400000e+01    1.62404158e+00    1.62404158e+00
 6.97265813e+01   1.31398898e+01    1.31400000e+01    1.62652225e+00    1.62652225e+00
 7.00856685e+01   1.31377949e+01    1.31350000e+01    1.62898521e+00    1.62898521e+00
 7.04447558e+01   1.31355608e+01    1.31350000e+01    1.63143069e+00    1.63143069e+00
 7.08038431e+01   1.31335686e+01    1.31350000e+01    1.63385884e+00    1.63385884e+00
 7.11629303e+01   1.31312395e+01    1.31300000e+01    1.63626977e+00    1.63626977e+00
 7.15220176e+01   1.31289258e+01    1.31300000e+01    1.63866366e+00    1.63866366e+00
 7.18811049e+01   1.31269454e+01    1.31250000e+01    1.64104087e+00    1.64104087e+00
 7.22401922e+01   1.31247980e+01    1.31250000e+01    1.64340135e+00    1.64340135e+00
 7.25992794e+01   1.31226823e+01    1.31200000e+01    1.64574526e+00    1.64574526e+00
 7.29583667e+01   1.31204127e+01    1.31200000e+01    1.64807286e+00    1.64807286e+00
 7.33174540e+01   1.31182467e+01    1.31150000e+01    1.65038421e+00    1.65038421e+00
 7.36765412e+01   1.31157995e+01    1.31150000e+01    1.65267944e+00    1.65267944e+00
 7.40356285e+01   1.31138176e+01    1.31150000e+01    1.65495891e+00    1.65495891e+00
 7.43947158e+01   1.31116112e+01    1.31100000e+01    1.65722259e+00    1.65722259e+00
 7.47538030e+01   1.31093231e+01    1.31100000e+01    1.65947061e+00    1.65947061e+00
 7.51128903e+01   1.31072086e+01    1.31050000e+01    1.66170324e+00    1.66170324e+00
 7.54719776e+01   1.31049489e+01    1.31050000e+01    1.66392048e+00    1.66392048e+00
 7.58310649e+01   1.31025511e+01    1.31000000e+01    1.66612254e+00    1.66612254e+00
 7.61901521e+01   1.31004586e+01    1.31000000e+01    1.66830972e+00    1.66830972e+00
 7.65492394e+01   1.30981459e+01    1.30950000e+01    1.67048191e+00    1.67048191e+00
 7.69083267e+01   1.30960405e+01    1.30950000e+01    1.67263939e+00    1.67263939e+00
 7.72674139e+01   1.30936361e+01    1.30950000e+01    1.67478222e+00    1.67478222e+00
 7.76265012e+01   1.30912541e+01    1.30900000e+01    1.67691053e+00    1.67691053e+00
 7.79855885e+01   1.30891226e+01    1.30900000e+01    1.67902467e+00    1.67902467e+00
 7.83446757e+01   1.30870211e+01    1.30850000e+01    1.68112449e+00    1.68112449e+00
 7.87037630e+01   1.30846532e+01    1.30850000e+01    1.68321028e+00    1.68321028e+00
 7.90628503e+01   1.30823547e+01    1.30800000e+01    1.68528206e+00    1.68528206e+00
 7.94219376e+01   1.30799688e+01    1.30800000e+01    1.68734003e+00    1.68734003e+00
 7.97810248e+01   1.30778558e+01    1.30750000e+01    1.68938439e+00    1.68938439e+00
 8.01401121e+01   1.30754541e+01    1.30750000e+01    1.69141508e+00    1.69141508e+00
 8.04991994e+01   1.30731924e+01    1.30700000e+01    1.69343238e+00    1.69343238e+00
 8.08582866e+01   1.30707999e+01    1.30700000e+01    1.69543623e+00    1.69543623e+00
 8.12173739e+01   1.30685685e+01    1.30650000e+01    1.69742702e+00    1.69742702e+00
 8.15764612e+01   1.30663484e+01    1.30650000e+01    1.69940462e+00    1.69940462e+00
 8.19355484e+01   1.30640108e+01    1.30650000e+01    1.70136925e+00    1.70136925e+00
 8.22946357e+01   1.30617033e+01    1.30600000e+01    1.70332093e+00    1.70332093e+00
 8.26537230e+01   1.30593563e+01    1.30600000e+01    1.70525992e+00    1.70525992e+00
 8.30128102e+01   1.30571014e+01    1.30550000e+01    1.70718626e+00    1.70718626e+00
 8.33718975e+01   1.30548504e+01    1.30550000e+01    1.70910003e+00    1.70910003e+00
 8.37309848e+01   1.30523782e+01    1.30500000e+01    1.71100132e+00    1.71100132e+00
 8.40900721e+01   1.30500222e+01    1.30500000e+01    1.71289032e+00    1.71289032e+00
 8.44491593e+01   1.30478113e+01    1.30450000e+01    1.71476714e+00    1.71476714e+00
 8.48082466e+01   1.30454797e+01    1.30450000e+01    1.71663182e+00    1.71663182e+00
 8.51673339e+01   1.30430672e+01    1.30400000e+01    1.71848444e+00    1.71848444e+00
 8.55264211e+01   1.30406885e+01    1.30400000e+01    1.72032520e+00    1.72032520e+00
 8.58855084e+01   1.30384965e+01    1.30350000e+01    1.72215419e+00    1.72215419e+00
 8.62445957e+01   1.30361931e+01    1.30350000e+01    1.72397146e+00    1.72397146e+00
 8.66036829e+01   1.30336193e+01    1.30300000e+01    1.72577706e+00    1.72577706e+00
 8.69627702e+01   1.30315331e+01    1.30300000e+01    1.72757124e+00    1.72757124e+00
 8.73218575e+01   1.30290765e+01    1.30300000e+01    1.72935400e+00    1.72935400e+00
 8.76809448e+01   1.30268230e+01    1.30250000e+01    1.73112546e+00    1.73112546e+00
 8.80400320e+01   1.30243097e+01    1.30250000e+01    1.73288560e+00    1.73288560e+00
 8.83991193e+01   1.30220539e+01    1.30200000e+01    1.73463478e+00    1.73463478e+00
 8.87582066e+01   1.30196302e+01    1.30200000e+01    1.73637284e+00    1.73637284e+00
 8.91172938e+01   1.30173982e+01    1.30150000e+01    1.73810001e+00    1.73810001e+00
 8.94763811e+01   1.30147482e+01    1.30150000e+01    1.73981624e+00    1.73981624e+00
 8.98354684e+01   1.30126286e+01    1.30100000e+01    1.74152189e+00    1.74152188e+00
 9.01945556e+01   1.30103089e+01    1.30100000e+01    1.74321678e+00    1.74321678e+00
 9.05536429e+01   1.30077878e+01    1.30050000e+01    1.74490106e+00    1.74490106e+00
 9.09127302e+01   1.30055168e+01    1.30050000e+01    1.74657492e+00    1.74657492e+00
 9.12718175e+01   1.30031633e+01    1.30000000e+01    1.74823837e+00    1.74823837e+00
 9.16309047e+01   1.30008662e+01    1.30000000e+01    1.74989150e+00    1.74989150e+00
 9.19899920e+01   1.29982055e+01    1.29950000e+01    1.75153429e+00    1.75153429e+00
 9.23490793e+01   1.29961661e+01    1.29950000e+01    1.75316713e+00    1.75316713e+00
 9.27081665e+01   1.29937132e+01    1.29900000e+01    1.75478981e+00    1.75478981e+00
 9.30672538e+01   1.29913516e+01    1.29900000e+01    1.75640246e+00    1.75640246e+00
 9.34263411e+01   1.29889517e+01    1.29900000e+01    1.75800526e+00    1.75800526e+00
 9.37854283e+01   1.29866326e+01    1.29850000e+01    1.75959822e+00    1.75959822e+00
 9.41445156e+01   1.29842543e+01    1.29850000e+01    1.76118143e+00    1.76118143e+00
 9.45036029e+01   1.29817400e+01    1.29800000e+01    1.76275487e+00    1.76275487e+00
 9.48626902e+01   1.29794658e+01    1.29800000e+01    1.76431888e+00    1.76431888e+00
 9.52217774e+01   1.29771612e+01    1.29750000e+01    1.76587330e+00    1.76587329e+00
 9.55808647e+01   1.29746284e+01    1.29750000e+01    1.76741818e+00    1.76741818e+00
 9.59399520e+01   1.29723172e+01    1.29700000e+01    1.76895382e+00    1.76895382e+00
 9.62990392e+01   1.29699505e+01    1.29700000e+01    1.77048009e+00    1.77048009e+00
 9.66581265e+01   1.29675869e+01    1.29650000e+01    1.77199714e+00    1.77199714e+00
 9.70172138e+01   1.29651416e+01    1.29650000e+01    1.77350504e+00    1.77350504e+00
 9.73763010e+01   1.29628141e+01    1.29600000e+01    1.77500389e+00    1.77500389e+00
 9.77353883e+01   1.29605814e+01    1.29600000e+01    1.77649371e+00    1.77649371e+00
 9.80944756e+01   1.29578766e+01    1.29550000e+01    1.77797451e+00    1.77797451e+00
 9.84535629e+01   1.29557647e+01    1.29550000e+01    1.77944660e+00    1.77944660e+00
 9.88126501e+01   1.29534451e+01    1.29500000e+01    1.78090981e+00    1.78090981e+00
 9.91717374e+01   1.29508247e+01    1.29500000e+01    1.78236419e+00    1.78236419e+00
 9.95308247e+01   1.29485446e+01    1.29450000e+01    1.78381009e+00    1.78381009e+00
 9.98899119e+01   1.29463500e+01    1.29450000e+01    1.78524731e+00    1.78524731e+00
 1.00248999e+02   1.29436941e+01    1.29400000e+01    1.78667594e+00    1.78667593e+00
 1.00608086e+02   1.29414229e+01    1.29400000e+01    1.78809620e+00    1.78809620e+00
 1.00967174e+02   1.29390702e+01    1.29400000e+01    1.78950802e+00    1.78950802e+00
 1.01326261e+02   1.29366402e+01    1.29350000e+01    1.79091147e+00    1.79091147e+00
 1.01685348e+02   1.29342258e+01    1.29350000e+01    1.79230670e+00    1.79230670e+00
 1.02044436e+02   1.29318786e+01    1.29300000e+01    1.79369369e+00    1.79369369e+00
 1.02403523e+02   1.29294926e+01    1.29300000e+01    1.79507254e+00    1.79507254e+00
 1.02762610e+02   1.29271121e+01    1.29250000e+01    1.79644329e+00    1.79644329e+00
 1.03121697e+02   1.29247324e+01    1.29250000e+01    1.79780605e+00    1.79780605e+00
 1.03480785e+02   1.29223507e+01    1.29200000e+01    1.79916082e+00    1.79916082e+00
 1.03839872e+02   1.29199956e+01    1.29200000e+01    1.80050765e+00    1.80050765e+00
 1.04198959e+02   1.29175914e+01    1.29150000e+01    1.80184671e+00    1.80184671e+00
 1.04558046e+02   1.29152715e+01    1.29150000e+01    1.80317793e+00    1.80317793e+00
 1.04917134e+02   1.29127537e+01    1.29100000e+01    1.80450138e+00    1.80450137e+00
 1.05276221e+02   1.29105942e+01    1.29100000e+01    1.80581726e+00    1.80581726e+00
 1.05635308e+02   1.29080898e+01    1.29050000e+01    1.80712548e+00    1.80712548e+00
 1.05994396e+02   1.29056402e+01    1.29050000e+01    1.80842605e+00    1.80842605e+00
 1.06353483e+02   1.29033939e+01    1.29000000e+01    1.80971928e+00    1.80971928e+00
 1.06712570e+02   1.29010785e+01    1.29000000e+01    1.81100498e+00    1.81100498e+00
 1.07071657e+02   1.28983780e+01    1.28950000e+01    1.81228320e+00    1.81228320e+00
 1.07430745e+02   1.28962807e+01    1.28950000e+01    1.81355425e+00    1.81355424e+00
 1.07789832e+02   1.28938951e+01    1.28900000e+01    1.81481793e+00    1.81481793e+00
 1.08148919e+02   1.28912968e+01    1.28900000e+01    1.81607428e+00    1.81607428e+00
 1.08508006e+02   1.28890223e+01    1.28850000e+01    1.81732363e+00    1.81732363e+00
 1.08867094e+02   1.28868280e+01    1.28850000e+01    1.81856577e+00    1.81856577e+00
 1.09226181e+02   1.28840875e+01    1.28800000e+01    1.81980073e+00    1.81980073e+00
 1.09585268e+02   1.28819597e+01    1.28800000e+01    1.82102885e+00    1.82102885e+00
 1.09944355e+02   1.28796846e+01    1.28800000e+01    1.82224990e+00    1.82224990e+00
 1.10303443e+02   1.28770271e+01    1.28750000e+01    1.82346393e+00    1.82346393e+00
 1.10662530e+02   1.28749764e+01    1.28750000e+01    1.82467127e+00    1.82467127e+00
 1.11021617e+02   1.28725058e+01    1.28700000e+01    1.82587169e+00    1.82587168e+00
 1.11380705e+02   1.28699577e+01    1.28700000e+01    1.82706524e+00    1.82706524e+00
 1.11739792e+02   1.28678743e+01    1.28650000e+01    1.82825222e+00    1.82825222e+00
 1.12098879e+02   1.28655170e+01    1.28650000e+01    1.82943243e+00    1.82943243e+00
 1.12457966e+02   1.28628251e+01    1.28600000e+01    1.83060594e+00    1.83060594e+00
 1.12817054e+02   1.28608036e+01    1.28600000e+01    1.83177300e+00    1.83177300e+00
 1.13176141e+02   1.28583346e+01    1.28550000e+01    1.83293343e+00    1.83293343e+00
 1.13535228e+02   1.28558975e+01    1.28550000e+01    1.83408731e+00    1.83408731e+00
 1.13894315e+02   1.28535475e+01    1.28500000e+01    1.83523485e+00    1.83523485e+00
 1.14253403e+02   1.28512492e+01    1.28500000e+01    1.83637592e+00    1.83637592e+00
 1.14612490e+02   1.28487734e+01    1.28450000e+01    1.83751058e+00    1.83751058e+00
 1.14971577e+02   1.28465236e+01    1.28450000e+01    1.83863901e+00    1.83863901e+00
 1.15330665e+02   1.28440184e+01    1.28400000e+01    1.83976111e+00    1.83976111e+00
 1.15689752e+02   1.28417493e+01    1.28400000e+01    1.84087697e+00    1.84087697e+00
 1.16048839e+02   1.28395027e+01    1.28400000e+01    1.84198668e+00    1.84198668e+00
 1.16407926e+02   1.28370534e+01    1.28350000e+01    1.84309021e+00    1.84309021e+00
 1.16767014e+02   1.28347172e+01    1.28350000e+01    1.84418764e+00    1.84418764e+00
 1.17126101e+02   1.28323564e+01    1.28300000e+01    1.84527902e+00    1.84527902e+00
 1.17485188e+02   1.28301563e+01    1.28300000e+01    1.84636436e+00    1.84636436e+00
 1.17844275e+02   1.28276756e+01    1.28250000e+01    1.84744375e+00    1.84744375e+00
 1.18203363e+02   1.28253620e+01    1.28250000e+01    1.84851718e+00    1.84851718e+00
 1.18562450e+02   1.28229551e+01    1.28200000e+01    1.84958469e+00    1.84958469e+00
 1.18921537e+02   1.28207440e+01    1.28200000e+01    1.85064641e+00    1.85064641e+00
 1.19280624e+02   1.28182991e+01    1.28150000e+01    1.85170227e+00    1.85170227e+00
 1.19639712e+02   1.28158684e+01    1.28150000e+01    1.85275230e+00    1.85275230e+00
 1.19998799e+02   1.28135731e+01    1.28100000e+01    1.85379670e+00    1.85379669e+00
 1.20357886e+02   1.28114158e+01    1.28100000e+01    1.85483535e+00    1.85483535e+00
 1.20716974e+02   1.28087167e+01    1.28050000e+01    1.85586825e+00    1.85586825e+00
 1.21076061e+02   1.28065863e+01    1.28050000e+01    1.85689567e+00    1.85689567e+00
 1.21435148e+02   1.28042612e+01    1.28000000e+01    1.85791745e+00    1.85791745e+00
 1.21794235e+02   1.28017138e+01    1.28000000e+01    1.85893357e+00    1.85893357e+00
 1.22153323e+02   1.27997106e+01    1.28000000e+01    1.85994437e+00    1.85994437e+00
 1.22512410e+02   1.27972761e+01    1.27950000e+01    1.86094960e+00    1.86094960e+00
 1.22871497e+02   1.27948253e+01    1.27950000e+01    1.86194932e+00    1.86194932e+00
 1.23230584e+02   1.27927383e+01    1.27900000e+01    1.86294379e+00    1.86294379e+00
 1.23589672e+02   1.27903695e+01    1.27900000e+01    1.86393279e+00    1.86393279e+00
 1.23948759e+02   1.27878374e+01    1.27850000e+01    1.86491646e+00    1.86491646e+00
 1.24307846e+02   1.27857128e+01    1.27850000e+01    1.86589489e+00    1.86589489e+00
 1.24666934e+02   1.27832498e+01    1.27800000e+01    1.86686800e+00    1.86686800e+00
 1.25026021e+02   1.27810226e+01    1.27800000e+01    1.86783592e+00    1.86783592e+00
 1.25385108e+02   1.27785583e+01    1.27750000e+01    1.86879863e+00    1.86879863e+00
 1.25744195e+02   1.27762486e+01    1.27750000e+01    1.86975617e+00    1.86975617e+00
 1.26103283e+02   1.27740237e+01    1.27700000e+01    1.87070863e+00    1.87070863e+00
 1.26462370e+02   1.27717646e+01    1.27700000e+01    1.87165598e+00    1.87165598e+00
 1.26821457e+02   1.27691651e+01    1.27650000e+01    1.87259820e+00    1.87259820e+00
 1.27180544e+02   1.27671199e+01    1.27650000e+01    1.87353552e+00    1.87353552e+00
 1.27539632e+02   1.27649415e+01    1.27650000e+01    1.87446779e+00    1.87446779e+00
 1.27898719e+02   1.27623624e+01    1.27600000e+01    1.87539500e+00    1.87539500e+00
 1.28257806e+02   1.27602645e+01    1.27600000e+01    1.87631746e+00    1.87631746e+00
 1.28616894e+02   1.27578498e+01    1.27550000e+01    1.87723493e+00    1.87723493e+00
 1.28975981e+02   1.27554663e+01    1.27550000e+01    1.87814747e+00    1.87814747e+00
 1.29335068e+02   1.27532688e+01    1.27500000e+01    1.87905532e+00    1.87905532e+00
 1.29694155e+02   1.27509506e+01    1.27500000e+01    1.87995828e+00    1.87995828e+00
 1.30053243e+02   1.27484852e+01    1.27450000e+01    1.88085646e+00    1.88085645e+00
 1.30412330e+02   1.27463541e+01    1.27450000e+01    1.88174995e+00    1.88174995e+00
 1.30771417e+02   1.27440192e+01    1.27400000e+01    1.88263867e+00    1.88263867e+00
 1.31130504e+02   1.27417381e+01    1.27400000e+01    1.88352275e+00    1.88352275e+00
 1.31489592e+02   1.27393305e+01    1.27350000e+01    1.88440216e+00    1.88440216e+00
 1.31848679e+02   1.27371155e+01    1.27350000e+01    1.88527693e+00    1.88527693e+00
 1.32207766e+02   1.27350242e+01    1.27350000e+01    1.88614716e+00    1.88614716e+00
 1.32566853e+02   1.27326711e+01    1.27300000e+01    1.88701280e+00    1.88701280e+00
 1.32925941e+02   1.27302225e+01    1.27300000e+01    1.88787383e+00    1.88787383e+00
 1.33285028e+02   1.27280155e+01    1.27250000e+01    1.88873048e+00    1.88873048e+00
 1.33644115e+02   1.27259005e+01    1.27250000e+01    1.88958259e+00    1.88958259e+00
 1.34003203e+02   1.27232291e+01    1.27200000e+01    1.89043016e+00    1.89043016e+00
 1.34362290e+02   1.27211870e+01    1.27200000e+01    1.89127348e+00    1.89127348e+00
 1.34721377e+02   1.27188557e+01    1.27150000e+01    1.89211231e+00    1.89211231e+00
 1.35080464e+02   1.27165218e+01    1.27150000e+01    1.89294674e+00    1.89294674e+00
 1.35439552e+02   1.27143656e+01    1.27100000e+01    1.89377692e+00    1.89377692e+00
 1.35798639e+02   1.27120539e+01    1.27100000e+01    1.89460271e+00    1.89460271e+00
 1.36157726e+02   1.27098492e+01    1.27100000e+01    1.89542424e+00    1.89542424e+00
 1.36516813e+02   1.27076019e+01    1.27050000e+01    1.89624150e+00    1.89624150e+00
 1.36875901e+02   1.27053120e+01    1.27050000e+01    1.89705451e+00    1.89705451e+00
 1.37234988e+02   1.27029728e+01    1.27000000e+01    1.89786337e+00    1.89786337e+00
 1.37594075e+02   1.27008248e+01    1.27000000e+01    1.89866801e+00    1.89866801e+00
 1.37953163e+02   1.26982947e+01    1.26950000e+01    1.89946843e+00    1.89946843e+00
 1.38312250e+02   1.26963515e+01    1.26950000e+01    1.90026484e+00    1.90026484e+00
 1.38671337e+02   1.26939433e+01    1.26900000e+01    1.90105708e+00    1.90105708e+00
 1.39030424e+02   1.26914513e+01    1.26900000e+01    1.90184515e+00    1.90184515e+00
 1.39389512e+02   1.26894325e+01    1.26850000e+01    1.90262935e+00    1.90262935e+00
 1.39748599e+02   1.26872994e+01    1.26850000e+01    1.90340940e+00    1.90340940e+00
 1.40107686e+02   1.26849505e+01    1.26850000e+01    1.90418542e+00    1.90418542e+00
 1.40466773e+02   1.26827315e+01    1.26800000e+01    1.90495755e+00    1.90495755e+00
 1.40825861e+02   1.26804765e+01    1.26800000e+01    1.90572565e+00    1.90572565e+00
 1.41184948e+02   1.26782341e+01    1.26750000e+01    1.90648984e+00    1.90648983e+00
 1.41544035e+02   1.26759850e+01    1.26750000e+01    1.90725011e+00    1.90725011e+00
 1.41903122e+02   1.26735680e+01    1.26700000e+01    1.90800647e+00    1.90800647e+00
 1.42262210e+02   1.26715558e+01    1.26700000e+01    1.90875902e+00    1.90875902e+00
 1.42621297e+02   1.26692715e+01    1.26650000e+01    1.90950770e+00    1.90950770e+00
 1.42980384e+02   1.26669801e+01    1.26650000e+01    1.91025250e+00    1.91025250e+00
 1.43339472e+02   1.26649192e+01    1.26650000e+01    1.91099362e+00    1.91099362e+00
 1.43698559e+02   1.26626020e+01    1.26600000e+01    1.91173090e+00    1.91173090e+00
 1.44057646e+02   1.26602415e+01    1.26600000e+01    1.91246434e+00    1.91246434e+00
 1.44416733e+02   1.26581400e+01    1.26550000e+01    1.91319424e+00    1.91319424e+00
 1.44775821e+02   1.26558793e+01    1.26550000e+01    1.91392032e+00    1.91392032e+00
 1.45134908e+02   1.26534737e+01    1.26500000e+01    1.91464268e+00    1.91464268e+00
 1.45493995e+02   1.26515245e+01    1.26500000e+01    1.91536148e+00    1.91536148e+00
 1.45853082e+02   1.26491850e+01    1.26450000e+01    1.91607656e+00    1.91607656e+00
 1.46212170e+02   1.26469899e+01    1.26450000e+01    1.91678804e+00    1.91678804e+00
 1.46571257e+02   1.26444913e+01    1.26400000e+01    1.91749593e+00    1.91749593e+00
 1.46930344e+02   1.26425749e+01    1.26400000e+01    1.91820021e+00    1.91820021e+00
 1.47289432e+02   1.26404510e+01    1.26400000e+01    1.91890099e+00    1.91890099e+00
 1.47648519e+02   1.26381322e+01    1.26350000e+01    1.91959821e+00    1.91959821e+00
 1.48007606e+02   1.26358236e+01    1.26350000e+01    1.92029184e+00    1.92029184e+00
 1.48366693e+02   1.26337490e+01    1.26300000e+01    1.92098210e+00    1.92098210e+00
 1.48725781e+02   1.26316821e+01    1.26300000e+01    1.92166882e+00    1.92166882e+00
 1.49084868e+02   1.26290495e+01    1.26250000e+01    1.92235199e+00    1.92235199e+00
 1.49443955e+02   1.26272016e+01    1.26250000e+01    1.92303192e+00    1.92303192e+00
 1.49803042e+02   1.26251039e+01    1.26250000e+01    1.92370832e+00    1.92370832e+00
 1.50162130e+02   1.26226241e+01    1.26200000e+01    1.92438128e+00    1.92438128e+00
 1.50521217e+02   1.26205938e+01    1.26200000e+01    1.92505099e+00    1.92505099e+00
 1.50880304e+02   1.26182872e+01    1.26150000e+01    1.92571725e+00    1.92571725e+00
 1.51239392e+02   1.26161479e+01    1.26150000e+01    1.92638020e+00    1.92638020e+00
 1.51598479e+02   1.26139956e+01    1.26100000e+01    1.92703983e+00    1.92703983e+00
 1.51957566e+02   1.26117556e+01    1.26100000e+01    1.92769614e+00    1.92769614e+00
 1.52316653e+02   1.26093551e+01    1.26050000e+01    1.92834922e+00    1.92834922e+00
 1.52675741e+02   1.26075446e+01    1.26050000e+01    1.92899902e+00    1.92899902e+00
 1.53034828e+02   1.26052167e+01    1.26050000e+01    1.92964551e+00    1.92964551e+00
 1.53393915e+02   1.26030481e+01    1.26000000e+01    1.93028889e+00    1.93028889e+00
 1.53753002e+02   1.26009725e+01    1.26000000e+01    1.93092901e+00    1.93092901e+00
 1.54112090e+02   1.25984381e+01    1.25950000e+01    1.93156584e+00    1.93156584e+00
 1.54471177e+02   1.25967180e+01    1.25950000e+01    1.93219969e+00    1.93219969e+00
 1.54830264e+02   1.25942081e+01    1.25900000e+01    1.93283029e+00    1.93283029e+00
 1.55189351e+02   1.25920463e+01    1.25900000e+01    1.93345769e+00    1.93345769e+00
 1.55548439e+02   1.25902236e+01    1.25900000e+01    1.93408212e+00    1.93408212e+00
 1.55907526e+02   1.25878782e+01    1.25850000e+01    1.93470335e+00    1.93470335e+00
 1.56266613e+02   1.25856597e+01    1.25850000e+01    1.93532151e+00    1.93532151e+00
 1.56625701e+02   1.25835240e+01    1.25800000e+01    1.93593664e+00    1.93593664e+00
 1.56984788e+02   1.25813880e+01    1.25800000e+01    1.93654868e+00    1.93654868e+00
 1.57343875e+02   1.25791440e+01    1.25750000e+01    1.93715774e+00    1.93715774e+00
 1.57702962e+02   1.25771349e+01    1.25750000e+01    1.93776376e+00    1.93776376e+00
 1.58062050e+02   1.25744108e+01    1.25700000e+01    1.93836674e+00    1.93836674e+00
 1.58421137e+02   1.25728682e+01    1.25700000e+01    1.93896683e+00    1.93896683e+00
 1.58780224e+02   1.25707566e+01    1.25700000e+01    1.93956392e+00    1.93956392e+00
 1.59139311e+02   1.25682705e+01    1.25650000e+01    1.94015797e+00    1.94015797e+00
 1.59498399e+02   1.25664554e+01    1.25650000e+01    1.94074925e+00    1.94074925e+00
 1.59857486e+02   1.25641039e+01    1.25600000e+01    1.94133754e+00    1.94133753e+00
 1.60216573e+02   1.25619838e+01    1.25600000e+01    1.94192284e+00    1.94192284e+00
 1.60575661e+02   1.25594489e+01    1.25550000e+01    1.94250544e+00    1.94250544e+00
 1.60934748e+02   1.25577757e+01    1.25550000e+01    1.94308507e+00    1.94308506e+00
 1.61293835e+02   1.25556297e+01    1.25550000e+01    1.94366181e+00    1.94366181e+00
 1.61652922e+02   1.25535600e+01    1.25500000e+01    1.94423582e+00    1.94423582e+00
 1.62012010e+02   1.25513864e+01    1.25500000e+01    1.94480694e+00    1.94480694e+00
 1.62371097e+02   1.25490727e+01    1.25450000e+01    1.94537527e+00    1.94537527e+00
 1.62730184e+02   1.25471878e+01    1.25450000e+01    1.94594082e+00    1.94594082e+00
 1.63089271e+02   1.25444332e+01    1.25400000e+01    1.94650358e+00    1.94650358e+00
 1.63448359e+02   1.25428808e+01    1.25400000e+01    1.94706362e+00    1.94706362e+00
 1.63807446e+02   1.25408476e+01    1.25400000e+01    1.94762090e+00    1.94762090e+00
 1.64166533e+02   1.25386258e+01    1.25350000e+01    1.94817539e+00    1.94817539e+00
 1.64525620e+02   1.25366571e+01    1.25350000e+01    1.94872727e+00    1.94872727e+00
 1.64884708e+02   1.25342005e+01    1.25300000e+01    1.94927640e+00    1.94927640e+00
 1.65243795e+02   1.25321900e+01    1.25300000e+01    1.94982277e+00    1.94982277e+00
 1.65602882e+02   1.25303515e+01    1.25300000e+01    1.95036663e+00    1.95036663e+00
 1.65961970e+02   1.25281207e+01    1.25250000e+01    1.95090774e+00    1.95090774e+00
 1.66321057e+02   1.25258039e+01    1.25250000e+01    1.95144614e+00    1.95144614e+00
 1.66680144e+02   1.25238753e+01    1.25200000e+01    1.95198208e+00    1.95198208e+00
 1.67039231e+02   1.25219426e+01    1.25200000e+01    1.95251531e+00    1.95251531e+00
 1.67398319e+02   1.25192049e+01    1.25150000e+01    1.95304590e+00    1.95304590e+00
 1.67757406e+02   1.25176315e+01    1.25150000e+01    1.95357402e+00    1.95357402e+00
 1.68116493e+02   1.25156088e+01    1.25150000e+01    1.95409949e+00    1.95409949e+00
 1.68475580e+02   1.25133628e+01    1.25100000e+01    1.95462240e+00    1.95462240e+00
 1.68834668e+02   1.25113594e+01    1.25100000e+01    1.95514281e+00    1.95514281e+00
 1.69193755e+02   1.25090079e+01    1.25050000e+01    1.95566065e+00    1.95566065e+00
 1.69552842e+02   1.25071915e+01    1.25050000e+01    1.95617600e+00    1.95617600e+00
 1.69911930e+02   1.25044028e+01    1.25000000e+01    1.95668884e+00    1.95668884e+00
 1.70271017e+02   1.25028848e+01    1.25000000e+01    1.95719916e+00    1.95719916e+00
 1.70630104e+02   1.25009613e+01    1.25000000e+01    1.95770706e+00    1.95770706e+00
 1.70989191e+02   1.24988444e+01    1.24950000e+01    1.95821248e+00    1.95821247e+00
 1.71348279e+02   1.24967066e+01    1.24950000e+01    1.95871538e+00    1.95871538e+00
 1.71707366e+02   1.24942246e+01    1.24900000e+01    1.95921595e+00    1.95921594e+00
 1.72066453e+02   1.24927194e+01    1.24900000e+01    1.95971404e+00    1.95971404e+00
 1.72425540e+02   1.24904123e+01    1.24900000e+01    1.96020964e+00    1.96020964e+00
 1.72784628e+02   1.24884830e+01    1.24850000e+01    1.96070300e+00    1.96070300e+00
 1.73143715e+02   1.24865320e+01    1.24850000e+01    1.96119389e+00    1.96119389e+00
 1.73502802e+02   1.24839207e+01    1.24800000e+01    1.96168232e+00    1.96168232e+00
 1.73861890e+02   1.24823757e+01    1.24800000e+01    1.96216857e+00    1.96216857e+00
 1.74220977e+02   1.24794149e+01    1.24750000e+01    1.96265236e+00    1.96265236e+00
 1.74580064e+02   1.24779435e+01    1.24750000e+01    1.96313377e+00    1.96313377e+00
 1.74939151e+02   1.24763118e+01    1.24750000e+01    1.96361299e+00    1.96361299e+00
 1.75298239e+02   1.24738714e+01    1.24700000e+01    1.96408980e+00    1.96408979e+00
 1.75657326e+02   1.24719071e+01    1.24700000e+01    1.96456430e+00    1.96456430e+00
 1.76016413e+02   1.24693230e+01    1.24650000e+01    1.96503657e+00    1.96503657e+00
 1.76375500e+02   1.24678960e+01    1.24650000e+01    1.96550652e+00    1.96550652e+00
 1.76734588e+02   1.24658215e+01    1.24650000e+01    1.96597421e+00    1.96597421e+00
 1.77093675e+02   1.24637145e+01    1.24600000e+01    1.96643966e+00    1.96643966e+00
 1.77452762e+02   1.24617959e+01    1.24600000e+01    1.96690284e+00    1.96690284e+00
 1.77811849e+02   1.24591881e+01    1.24550000e+01    1.96736383e+00    1.96736383e+00
 1.78170937e+02   1.24576800e+01    1.24550000e+01    1.96782257e+00    1.96782257e+00
 1.78530024e+02   1.24556113e+01    1.24550000e+01    1.96827909e+00    1.96827909e+00
 1.78889111e+02   1.24536459e+01    1.24500000e+01    1.96873347e+00    1.96873347e+00
 1.79248199e+02   1.24516861e+01    1.24500000e+01    1.96918563e+00    1.96918563e+00
 1.79607286e+02   1.24490455e+01    1.24450000e+01    1.96963557e+00    1.96963557e+00
 1.79966373e+02   1.24476455e+01    1.24450000e+01    1.97008343e+00    1.97008343e+00
 1.80325460e+02   1.24456194e+01    1.24450000e+01    1.97052910e+00    1.97052910e+00
 1.80684548e+02   1.24432986e+01    1.24400000e+01    1.97097257e+00    1.97097256e+00
 1.81043635e+02   1.24416208e+01    1.24400000e+01    1.97141402e+00    1.97141402e+00
 1.81402722e+02   1.24390711e+01    1.24350000e+01    1.97185330e+00    1.97185330e+00
 1.81761809e+02   1.24372496e+01    1.24350000e+01    1.97229038e+00    1.97229038e+00
 1.82120897e+02   1.24344410e+01    1.24300000e+01    1.97272553e+00    1.97272553e+00
 1.82479984e+02   1.24334630e+01    1.24300000e+01    1.97315851e+00    1.97315851e+00
 1.82839071e+02   1.24312885e+01    1.24300000e+01    1.97358932e+00    1.97358932e+00
 1.83198159e+02   1.24290149e+01    1.24250000e+01    1.97401826e+00    1.97401825e+00
 1.83557246e+02   1.24273986e+01    1.24250000e+01    1.97444502e+00    1.97444502e+00
 1.83916333e+02   1.24243286e+01    1.24200000e+01    1.97486969e+00    1.97486969e+00
 1.84275420e+02   1.24234225e+01    1.24200000e+01    1.97529247e+00    1.97529247e+00
 1.84634508e+02   1.24214314e+01    1.24200000e+01    1.97571313e+00    1.97571313e+00
 1.84993595e+02   1.24189140e+01    1.24150000e+01    1.97613172e+00    1.97613172e+00
 1.85352682e+02   1.24174508e+01    1.24150000e+01    1.97654845e+00    1.97654845e+00
 1.85711769e+02   1.24143568e+01    1.24100000e+01    1.97696309e+00    1.97696309e+00
 1.86070857e+02   1.24132490e+01    1.24100000e+01    1.97737572e+00    1.97737572e+00
 1.86429944e+02   1.24115433e+01    1.24100000e+01    1.97778647e+00    1.97778647e+00
 1.86789031e+02   1.24089582e+01    1.24050000e+01    1.97819518e+00    1.97819518e+00
 1.87148118e+02   1.24073182e+01    1.24050000e+01    1.97860193e+00    1.97860193e+00
 1.87507206e+02   1.24043958e+01    1.24000000e+01    1.97900680e+00    1.97900680e+00
 1.87866293e+02   1.24034267e+01    1.24000000e+01    1.97940967e+00    1.97940967e+00
 1.88225380e+02   1.24014543e+01    1.24000000e+01    1.97981063e+00    1.97981063e+00
 1.88584468e+02   1.23989939e+01    1.23950000e+01    1.98020970e+00    1.98020970e+00
 1.88943555e+02   1.23975462e+01    1.23950000e+01    1.98060683e+00    1.98060682e+00
 1.89302642e+02   1.23943765e+01    1.23900000e+01    1.98100207e+00    1.98100207e+00
 1.89661729e+02   1.23934685e+01    1.23900000e+01    1.98139543e+00    1.98139543e+00
 1.90020817e+02   1.23916761e+01    1.23900000e+01    1.98178689e+00    1.98178689e+00
 1.90379904e+02   1.23890185e+01    1.23850000e+01    1.98217650e+00    1.98217650e+00
 1.90738991e+02   1.23876007e+01    1.23850000e+01    1.98256424e+00    1.98256424e+00
 1.91098078e+02   1.23857300e+01    1.23850000e+01    1.98295012e+00    1.98295012e+00
 1.91457166e+02   1.23835886e+01    1.23800000e+01    1.98333418e+00    1.98333418e+00
 1.91816253e+02   1.23817548e+01    1.23800000e+01    1.98371638e+00    1.98371638e+00
 1.92175340e+02   1.23790710e+01    1.23750000e+01    1.98409675e+00    1.98409675e+00
 1.92534428e+02   1.23778735e+01    1.23750000e+01    1.98447535e+00    1.98447535e+00
 1.92893515e+02   1.23759233e+01    1.23750000e+01    1.98485210e+00    1.98485210e+00
 1.93252602e+02   1.23736633e+01    1.23700000e+01    1.98522704e+00    1.98522704e+00
 1.93611689e+02   1.23720364e+01    1.23700000e+01    1.98560024e+00    1.98560024e+00
 1.93970777e+02   1.23691748e+01    1.23650000e+01    1.98597163e+00    1.98597163e+00
 1.94329864e+02   1.23680004e+01    1.23650000e+01    1.98634122e+00    1.98634122e+00
 1.94688951e+02   1.23662393e+01    1.23650000e+01    1.98670911e+00    1.98670911e+00
 1.95048038e+02   1.23638497e+01    1.23600000e+01    1.98707521e+00    1.98707521e+00
 1.95407126e+02   1.23621673e+01    1.23600000e+01    1.98743953e+00    1.98743953e+00
 1.95766213e+02   1.23592678e+01    1.23550000e+01    1.98780217e+00    1.98780217e+00
 1.96125300e+02   1.23584065e+01    1.23550000e+01    1.98816305e+00    1.98816305e+00
 1.96484388e+02   1.23564106e+01    1.23550000e+01    1.98852218e+00    1.98852218e+00
 1.96843475e+02   1.23539353e+01    1.23500000e+01    1.98887966e+00    1.98887966e+00
 1.97202562e+02   1.23526936e+01    1.23500000e+01    1.98923540e+00    1.98923540e+00
 1.97561649e+02   1.23493433e+01    1.23450000e+01    1.98958941e+00    1.98958941e+00
 1.97920737e+02   1.23485472e+01    1.23450000e+01    1.98994180e+00    1.98994180e+00
 1.98279824e+02   1.23469267e+01    1.23450000e+01    1.99029247e+00    1.99029247e+00
 1.98638911e+02   1.23440339e+01    1.23400000e+01    1.99064143e+00    1.99064143e+00
 1.98997998e+02   1.23429430e+01    1.23400000e+01    1.99098881e+00    1.99098881e+00
 1.99357086e+02   1.23411920e+01    1.23400000e+01    1.99133448e+00    1.99133448e+00
 1.99716173e+02   1.23387241e+01    1.23350000e+01    1.99167847e+00    1.99167847e+00
 2.00075260e+02   1.23371918e+01    1.23350000e+01    1.99202090e+00    1.99202090e+00
 2.00434347e+02   1.23342381e+01    1.23300000e+01    1.99236165e+00    1.99236165e+00
 2.00793435e+02   1.23332701e+01    1.23300000e+01    1.99270074e+00    1.99270074e+00
 2.01152522e+02   1.23315033e+01    1.23300000e+01    1.99303828e+00    1.99303828e+00
 2.01511609e+02   1.23289312e+01    1.23250000e+01    1.99337418e+00    1.99337418e+00
 2.01870697e+02   1.23275740e+01    1.23250000e+01    1.99370844e+00    1.99370844e+00
 2.02229784e+02   1.23243788e+01    1.23200000e+01    1.99404117e+00    1.99404117e+00
 2.02588871e+02   1.23236162e+01    1.23200000e+01    1.99437228e+00    1.99437228e+00
 2.02947958e+02   1.23218853e+01    1.23200000e+01    1.99470178e+00    1.99470178e+00
 2.03307046e+02   1.23190995e+01    1.23150000e+01    1.99502977e+00    1.99502976e+00
 2.03666133e+02   1.23181601e+01    1.23150000e+01    1.99535615e+00    1.99535615e+00
 2.04025220e+02   1.23162410e+01    1.23150000e+01    1.99568096e+00    1.99568096e+00
 2.04384307e+02   1.23138234e+01    1.23100000e+01    1.99600427e+00    1.99600427e+00
 2.04743395e+02   1.23124527e+01    1.23100000e+01    1.99632600e+00    1.99632600e+00
 2.05102482e+02   1.23092619e+01    1.23050000e+01    1.99664618e+00    1.99664618e+00
 2.05461569e+02   1.23085129e+01    1.23050000e+01    1.99696487e+00    1.99696487e+00
 2.05820657e+02   1.23067914e+01    1.23050000e+01    1.99728201e+00    1.99728201e+00
 2.06179744e+02   1.23039947e+01    1.23000000e+01    1.99759763e+00    1.99759763e+00
 2.06538831e+02   1.23030830e+01    1.23000000e+01    1.99791177e+00    1.99791177e+00
 2.06897918e+02   1.23011824e+01    1.23000000e+01    1.99822438e+00    1.99822438e+00
 2.07257006e+02   1.22987312e+01    1.22950000e+01    1.99853550e+00    1.99853550e+00
 2.07616093e+02   1.22974365e+01    1.22950000e+01    1.99884515e+00    1.99884515e+00
 2.07975180e+02   1.22942406e+01    1.22900000e+01    1.99915331e+00    1.99915331e+00
 2.08334267e+02   1.22934132e+01    1.22900000e+01    1.99945999e+00    1.99945999e+00
 2.08693355e+02   1.22918247e+01    1.22900000e+01    1.99976521e+00    1.99976521e+00
 2.09052442e+02   1.22889996e+01    1.22850000e+01    2.00006898e+00    2.00006898e+00
 2.09411529e+02   1.22879950e+01    1.22850000e+01    2.00037127e+00    2.00037127e+00
 2.09770616e+02   1.22862445e+01    1.22850000e+01    2.00067212e+00    2.00067212e+00
 2.10129704e+02   1.22837620e+01    1.22800000e+01    2.00097156e+00    2.00097156e+00
 2.10488791e+02   1.22824106e+01    1.22800000e+01    2.00126953e+00    2.00126953e+00
 2.10847878e+02   1.22792425e+01    1.22750000e+01    2.00156606e+00    2.00156606e+00
 2.11206966e+02   1.22785159e+01    1.22750000e+01    2.00186124e+00    2.00186124e+00
 2.11566053e+02   1.22768678e+01    1.22750000e+01    2.00215495e+00    2.00215495e+00
 2.11925140e+02   1.22739877e+01    1.22700000e+01    2.00244722e+00    2.00244722e+00
 2.12284227e+02   1.22731663e+01    1.22700000e+01    2.00273819e+00    2.00273819e+00
 2.12643315e+02   1.22713631e+01    1.22700000e+01    2.00302769e+00    2.00302769e+00
 2.13002402e+02   1.22687433e+01    1.22650000e+01    2.00331577e+00    2.00331576e+00
 2.13361489e+02   1.22676907e+01    1.22650000e+01    2.00360259e+00    2.00360259e+00
 2.13720576e+02   1.22643142e+01    1.22600000e+01    2.00388795e+00    2.00388794e+00
 2.14079664e+02   1.22634979e+01    1.22600000e+01    2.00417188e+00    2.00417188e+00
 2.14438751e+02   1.22621658e+01    1.22600000e+01    2.00445460e+00    2.00445460e+00
 2.14797838e+02   1.22591072e+01    1.22550000e+01    2.00473587e+00    2.00473587e+00
 2.15156926e+02   1.22581560e+01    1.22550000e+01    2.00501572e+00    2.00501572e+00
 2.15516013e+02   1.22566686e+01    1.22550000e+01    2.00529440e+00    2.00529440e+00
 2.15875100e+02   1.22539034e+01    1.22500000e+01    2.00557163e+00    2.00557163e+00
 2.16234187e+02   1.22528060e+01    1.22500000e+01    2.00584749e+00    2.00584749e+00
 2.16593275e+02   1.22512027e+01    1.22500000e+01    2.00612214e+00    2.00612214e+00
 2.16952362e+02   1.22487006e+01    1.22450000e+01    2.00639540e+00    2.00639540e+00
 2.17311449e+02   1.22473853e+01    1.22450000e+01    2.00666731e+00    2.00666731e+00
 2.17670536e+02   1.22442322e+01    1.22400000e+01    2.00693800e+00    2.00693800e+00
 2.18029624e+02   1.22434972e+01    1.22400000e+01    2.00720733e+00    2.00720733e+00
 2.18388711e+02   1.22419746e+01    1.22400000e+01    2.00747534e+00    2.00747534e+00
 2.18747798e+02   1.22390337e+01    1.22350000e+01    2.00774212e+00    2.00774212e+00
 2.19106886e+02   1.22381902e+01    1.22350000e+01    2.00800758e+00    2.00800758e+00
 2.19465973e+02   1.22365771e+01    1.22350000e+01    2.00827175e+00    2.00827175e+00
 2.19825060e+02   1.22338350e+01    1.22300000e+01    2.00853468e+00    2.00853467e+00
 2.20184147e+02   1.22328875e+01    1.22300000e+01    2.00879632e+00    2.00879632e+00
 2.20543235e+02   1.22312023e+01    1.22300000e+01    2.00905669e+00    2.00905669e+00
 2.20902322e+02   1.22286326e+01    1.22250000e+01    2.00931580e+00    2.00931580e+00
 2.21261409e+02   1.22274974e+01    1.22250000e+01    2.00957370e+00    2.00957370e+00
 2.21620496e+02   1.22242476e+01    1.22200000e+01    2.00983032e+00    2.00983032e+00
 2.21979584e+02   1.22234162e+01    1.22200000e+01    2.01008566e+00    2.01008566e+00
 2.22338671e+02   1.22221234e+01    1.22200000e+01    2.01033987e+00    2.01033987e+00
 2.22697758e+02   1.22190907e+01    1.22150000e+01    2.01059278e+00    2.01059277e+00
 2.23056845e+02   1.22181241e+01    1.22150000e+01    2.01084441e+00    2.01084440e+00
 2.23415933e+02   1.22167626e+01    1.22150000e+01    2.01109497e+00    2.01109496e+00
 2.23775020e+02   1.22139346e+01    1.22100000e+01    2.01134422e+00    2.01134421e+00
 2.24134107e+02   1.22128444e+01    1.22100000e+01    2.01159220e+00    2.01159220e+00
 2.24493195e+02   1.22114032e+01    1.22100000e+01    2.01183913e+00    2.01183913e+00
 2.24852282e+02   1.22087780e+01    1.22050000e+01    2.01208478e+00    2.01208478e+00
 2.25211369e+02   1.22075758e+01    1.22050000e+01    2.01232919e+00    2.01232919e+00
 2.25570456e+02   1.22043156e+01    1.22000000e+01    2.01257252e+00    2.01257252e+00
 2.25929544e+02   1.22036163e+01    1.22000000e+01    2.01281461e+00    2.01281461e+00
 2.26288631e+02   1.22022928e+01    1.22000000e+01    2.01305550e+00    2.01305550e+00
 2.26647718e+02   1.21991631e+01    1.21950000e+01    2.01329527e+00    2.01329527e+00
 2.27006805e+02   1.21984475e+01    1.21950000e+01    2.01353384e+00    2.01353384e+00
 2.27365893e+02   1.21970049e+01    1.21950000e+01    2.01377125e+00    2.01377125e+00
 2.27724980e+02   1.21940048e+01    1.21900000e+01    2.01400751e+00    2.01400751e+00
 2.28084067e+02   1.21932930e+01    1.21900000e+01    2.01424265e+00    2.01424265e+00
 2.28443155e+02   1.21917406e+01    1.21900000e+01    2.01447660e+00    2.01447660e+00
 2.28802242e+02   1.21888318e+01    1.21850000e+01    2.01470939e+00    2.01470938e+00
 2.29161329e+02   1.21881091e+01    1.21850000e+01    2.01494114e+00    2.01494114e+00
 2.29520416e+02   1.21864975e+01    1.21850000e+01    2.01517168e+00    2.01517168e+00
 2.29879504e+02   1.21836813e+01    1.21800000e+01    2.01540104e+00    2.01540104e+00
 2.30238591e+02   1.21829229e+01    1.21800000e+01    2.01562944e+00    2.01562944e+00
 2.30597678e+02   1.21812665e+01    1.21800000e+01    2.01585662e+00    2.01585662e+00
 2.30956765e+02   1.21785938e+01    1.21750000e+01    2.01608264e+00    2.01608264e+00
 2.31315853e+02   1.21776654e+01    1.21750000e+01    2.01630768e+00    2.01630768e+00
 2.31674940e+02   1.21742702e+01    1.21700000e+01    2.01653155e+00    2.01653155e+00
 2.32034027e+02   1.21735143e+01    1.21700000e+01    2.01675429e+00    2.01675429e+00
 2.32393114e+02   1.21723634e+01    1.21700000e+01    2.01697600e+00    2.01697600e+00
 2.32752202e+02   1.21691497e+01    1.21650000e+01    2.01719658e+00    2.01719658e+00
 2.33111289e+02   1.21684162e+01    1.21650000e+01    2.01741609e+00    2.01741609e+00
 2.33470376e+02   1.21670409e+01    1.21650000e+01    2.01763452e+00    2.01763452e+00
 2.33829464e+02   1.21640809e+01    1.21600000e+01    2.01785191e+00    2.01785191e+00
 2.34188551e+02   1.21633265e+01    1.21600000e+01    2.01806818e+00    2.01806818e+00
 2.34547638e+02   1.21616921e+01    1.21600000e+01    2.01828336e+00    2.01828336e+00
 2.34906725e+02   1.21589947e+01    1.21550000e+01    2.01849760e+00    2.01849760e+00
 2.35265813e+02   1.21582190e+01    1.21550000e+01    2.01871069e+00    2.01871069e+00
 2.35624900e+02   1.21564386e+01    1.21550000e+01    2.01892267e+00    2.01892267e+00
 2.35983987e+02   1.21538898e+01    1.21500000e+01    2.01913378e+00    2.01913377e+00
 2.36343074e+02   1.21531002e+01    1.21500000e+01    2.01934373e+00    2.01934373e+00
 2.36702162e+02   1.21514000e+01    1.21500000e+01    2.01955262e+00    2.01955262e+00
 2.37061249e+02   1.21487801e+01    1.21450000e+01    2.01976056e+00    2.01976056e+00
 2.37420336e+02   1.21479535e+01    1.21450000e+01    2.01996742e+00    2.01996742e+00
 2.37779424e+02   1.21443048e+01    1.21400000e+01    2.02017325e+00    2.02017325e+00
 2.38138511e+02   1.21436646e+01    1.21400000e+01    2.02037808e+00    2.02037808e+00
 2.38497598e+02   1.21428788e+01    1.21400000e+01    2.02058191e+00    2.02058191e+00
 2.38856685e+02   1.21392705e+01    1.21350000e+01    2.02078469e+00    2.02078469e+00
 2.39215773e+02   1.21385316e+01    1.21350000e+01    2.02098643e+00    2.02098643e+00
 2.39574860e+02   1.21378293e+01    1.21350000e+01    2.02118729e+00    2.02118729e+00
 2.39933947e+02   1.21342303e+01    1.21300000e+01    2.02138706e+00    2.02138706e+00
 2.40293034e+02   1.21334453e+01    1.21300000e+01    2.02158578e+00    2.02158578e+00
 2.40652122e+02   1.21327453e+01    1.21300000e+01    2.02178367e+00    2.02178367e+00
 2.41011209e+02   1.21291834e+01    1.21250000e+01    2.02198048e+00    2.02198048e+00
 2.41370296e+02   1.21284493e+01    1.21250000e+01    2.02217627e+00    2.02217627e+00
 2.41729384e+02   1.21275511e+01    1.21250000e+01    2.02237117e+00    2.02237117e+00
 2.42088471e+02   1.21241084e+01    1.21200000e+01    2.02256503e+00    2.02256503e+00
 2.42447558e+02   1.21234289e+01    1.21200000e+01    2.02275794e+00    2.02275794e+00
 2.42806645e+02   1.21222945e+01    1.21200000e+01    2.02294988e+00    2.02294988e+00
 2.43165733e+02   1.21190989e+01    1.21150000e+01    2.02314090e+00    2.02314090e+00
 2.43524820e+02   1.21184167e+01    1.21150000e+01    2.02333091e+00    2.02333091e+00
 2.43883907e+02   1.21170251e+01    1.21150000e+01    2.02351992e+00    2.02351992e+00
 2.44242994e+02   1.21140761e+01    1.21100000e+01    2.02370813e+00    2.02370813e+00
 2.44602082e+02   1.21133944e+01    1.21100000e+01    2.02389529e+00    2.02389529e+00
 2.44961169e+02   1.21119723e+01    1.21100000e+01    2.02408148e+00    2.02408148e+00
 2.45320256e+02   1.21090371e+01    1.21050000e+01    2.02426683e+00    2.02426683e+00
 2.45679343e+02   1.21083376e+01    1.21050000e+01    2.02445118e+00    2.02445118e+00
 2.46038431e+02   1.21070168e+01    1.21050000e+01    2.02463460e+00    2.02463460e+00
 2.46397518e+02   1.21039831e+01    1.21000000e+01    2.02481712e+00    2.02481712e+00
 2.46756605e+02   1.21033089e+01    1.21000000e+01    2.02499872e+00    2.02499872e+00
 2.47115693e+02   1.21020293e+01    1.21000000e+01    2.02517938e+00    2.02517938e+00
 2.47474780e+02   1.20988971e+01    1.20950000e+01    2.02535908e+00    2.02535908e+00
 2.47833867e+02   1.20983131e+01    1.20950000e+01    2.02553800e+00    2.02553800e+00
 2.48192954e+02   1.20970624e+01    1.20950000e+01    2.02571592e+00    2.02571592e+00
 2.48552042e+02   1.20938705e+01    1.20900000e+01    2.02589289e+00    2.02589289e+00
 2.48911129e+02   1.20932873e+01    1.20900000e+01    2.02606909e+00    2.02606909e+00
 2.49270216e+02   1.20920439e+01    1.20900000e+01    2.02624431e+00    2.02624431e+00
 2.49629303e+02   1.20888820e+01    1.20850000e+01    2.02641863e+00    2.02641863e+00
 2.49988391e+02   1.20882462e+01    1.20850000e+01    2.02659210e+00    2.02659210e+00
 2.50347478e+02   1.20870445e+01    1.20850000e+01    2.02676468e+00    2.02676468e+00
 2.50706565e+02   1.20839021e+01    1.20800000e+01    2.02693636e+00    2.02693636e+00
 2.51065653e+02   1.20831809e+01    1.20800000e+01    2.02710712e+00    2.02710712e+00
 2.51424740e+02   1.20820661e+01    1.20800000e+01    2.02727713e+00    2.02727713e+00
 2.51783827e+02   1.20789202e+01    1.20750000e+01    2.02744618e+00    2.02744618e+00
 2.52142914e+02   1.20782138e+01    1.20750000e+01    2.02761433e+00    2.02761433e+00
 2.52502002e+02   1.20770603e+01    1.20750000e+01    2.02778172e+00    2.02778172e+00
 2.52861089e+02   1.20739195e+01    1.20700000e+01    2.02794818e+00    2.02794818e+00
 2.53220176e+02   1.20732405e+01    1.20700000e+01    2.02811379e+00    2.02811379e+00
 2.53579263e+02   1.20719881e+01    1.20700000e+01    2.02827855e+00    2.02827855e+00
 2.53938351e+02   1.20689625e+01    1.20650000e+01    2.02844250e+00    2.02844250e+00
 2.54297438e+02   1.20682657e+01    1.20650000e+01    2.02860556e+00    2.02860556e+00
 2.54656525e+02   1.20668755e+01    1.20650000e+01    2.02876772e+00    2.02876772e+00
 2.55015612e+02   1.20639759e+01    1.20600000e+01    2.02892919e+00    2.02892919e+00
 2.55374700e+02   1.20632993e+01    1.20600000e+01    2.02908973e+00    2.02908973e+00
 2.55733787e+02   1.20621345e+01    1.20600000e+01    2.02924941e+00    2.02924941e+00
 2.56092874e+02   1.20589661e+01    1.20550000e+01    2.02940834e+00    2.02940834e+00
 2.56451962e+02   1.20583059e+01    1.20550000e+01    2.02956639e+00    2.02956639e+00
 2.56811049e+02   1.20572672e+01    1.20550000e+01    2.02972363e+00    2.02972363e+00
 2.57170136e+02   1.20539290e+01    1.20500000e+01    2.02988003e+00    2.02988002e+00
 2.57529223e+02   1.20533919e+01    1.20500000e+01    2.03003569e+00    2.03003569e+00
 2.57888311e+02   1.20523625e+01    1.20500000e+01    2.03019048e+00    2.03019047e+00
 2.58247398e+02   1.20489401e+01    1.20450000e+01    2.03034439e+00    2.03034439e+00
 2.58606485e+02   1.20484155e+01    1.20450000e+01    2.03049765e+00    2.03049765e+00
 2.58965572e+02   1.20474645e+01    1.20450000e+01    2.03065001e+00    2.03065001e+00
 2.59324660e+02   1.20440594e+01    1.20400000e+01    2.03080157e+00    2.03080157e+00
 2.59683747e+02   1.20433967e+01    1.20400000e+01    2.03095236e+00    2.03095236e+00
 2.60042834e+02   1.20426086e+01    1.20400000e+01    2.03110237e+00    2.03110237e+00
 2.60401922e+02   1.20390928e+01    1.20350000e+01    2.03125156e+00    2.03125155e+00
 2.60761009e+02   1.20383703e+01    1.20350000e+01    2.03139990e+00    2.03139990e+00
 2.61120096e+02   1.20377408e+01    1.20350000e+01    2.03154762e+00    2.03154762e+00
 2.61479183e+02   1.20341107e+01    1.20300000e+01    2.03169445e+00    2.03169445e+00
 2.61838271e+02   1.20334896e+01    1.20300000e+01    2.03184048e+00    2.03184048e+00
 2.62197358e+02   1.20327768e+01    1.20300000e+01    2.03198581e+00    2.03198581e+00
 2.62556445e+02   1.20291347e+01    1.20250000e+01    2.03213033e+00    2.03213033e+00
 2.62915532e+02   1.20286133e+01    1.20250000e+01    2.03227408e+00    2.03227408e+00
 2.63274620e+02   1.20277207e+01    1.20250000e+01    2.03241702e+00    2.03241702e+00
 2.63633707e+02   1.20241911e+01    1.20200000e+01    2.03255932e+00    2.03255932e+00
 2.63992794e+02   1.20236763e+01    1.20200000e+01    2.03270078e+00    2.03270078e+00
 2.64351882e+02   1.20228691e+01    1.20200000e+01    2.03284144e+00    2.03284144e+00
 2.64710969e+02   1.20216721e+01    1.20200000e+01    2.03298145e+00    2.03298145e+00
 2.65070056e+02   1.20186957e+01    1.20150000e+01    2.03312064e+00    2.03312064e+00
 2.65429143e+02   1.20180768e+01    1.20150000e+01    2.03325911e+00    2.03325911e+00
 2.65788231e+02   1.20166650e+01    1.20150000e+01    2.03339680e+00    2.03339680e+00
 2.66147318e+02   1.20138127e+01    1.20100000e+01    2.03353383e+00    2.03353383e+00
 2.66506405e+02   1.20132037e+01    1.20100000e+01    2.03367006e+00    2.03367006e+00
 2.66865492e+02   1.20117949e+01    1.20100000e+01    2.03380551e+00    2.03380551e+00
 2.67224580e+02   1.20088885e+01    1.20050000e+01    2.03394035e+00    2.03394035e+00
 2.67583667e+02   1.20082369e+01    1.20050000e+01    2.03407437e+00    2.03407437e+00
 2.67942754e+02   1.20072075e+01    1.20050000e+01    2.03420768e+00    2.03420768e+00
 2.68301841e+02   1.20039154e+01    1.20000000e+01    2.03434025e+00    2.03434025e+00
 2.68660929e+02   1.20033465e+01    1.20000000e+01    2.03447217e+00    2.03447217e+00
 2.69020016e+02   1.20025589e+01    1.20000000e+01    2.03460332e+00    2.03460332e+00
 2.69379103e+02   1.19989559e+01    1.19950000e+01    2.03473369e+00    2.03473369e+00
 2.69738191e+02   1.19984364e+01    1.19950000e+01    2.03486349e+00    2.03486349e+00
 2.70097278e+02   1.19976825e+01    1.19950000e+01    2.03499249e+00    2.03499249e+00
 2.70456365e+02   1.19940566e+01    1.19900000e+01    2.03512079e+00    2.03512079e+00
 2.70815452e+02   1.19934785e+01    1.19900000e+01    2.03524838e+00    2.03524838e+00
 2.71174540e+02   1.19928411e+01    1.19900000e+01    2.03537533e+00    2.03537533e+00
 2.71533627e+02   1.19891421e+01    1.19850000e+01    2.03550152e+00    2.03550152e+00
 2.71892714e+02   1.19885468e+01    1.19850000e+01    2.03562697e+00    2.03562697e+00
 2.72251801e+02   1.19880046e+01    1.19850000e+01    2.03575186e+00    2.03575186e+00
 2.72610889e+02   1.19867769e+01    1.19850000e+01    2.03587597e+00    2.03587597e+00
 2.72969976e+02   1.19837097e+01    1.19800000e+01    2.03599940e+00    2.03599940e+00
 2.73329063e+02   1.19830503e+01    1.19800000e+01    2.03612213e+00    2.03612213e+00
 2.73688151e+02   1.19820640e+01    1.19800000e+01    2.03624425e+00    2.03624425e+00
 2.74047238e+02   1.19788618e+01    1.19750000e+01    2.03636564e+00    2.03636563e+00
 2.74406325e+02   1.19781567e+01    1.19750000e+01    2.03648629e+00    2.03648629e+00
 2.74765412e+02   1.19773427e+01    1.19750000e+01    2.03660640e+00    2.03660640e+00
 2.75124500e+02   1.19739595e+01    1.19700000e+01    2.03672574e+00    2.03672574e+00
 2.75483587e+02   1.19733269e+01    1.19700000e+01    2.03684444e+00    2.03684444e+00
 2.75842674e+02   1.19724492e+01    1.19700000e+01    2.03696244e+00    2.03696244e+00
 2.76201761e+02   1.19690394e+01    1.19650000e+01    2.03707988e+00    2.03707987e+00
 2.76560849e+02   1.19684927e+01    1.19650000e+01    2.03719657e+00    2.03719657e+00
 2.76919936e+02   1.19676952e+01    1.19650000e+01    2.03731257e+00    2.03731257e+00
 2.77279023e+02   1.19640933e+01    1.19600000e+01    2.03742801e+00    2.03742801e+00
 2.77638110e+02   1.19636268e+01    1.19600000e+01    2.03754274e+00    2.03754274e+00
 2.77997198e+02   1.19629708e+01    1.19600000e+01    2.03765682e+00    2.03765682e+00
 2.78356285e+02   1.19591148e+01    1.19550000e+01    2.03777022e+00    2.03777022e+00
 2.78715372e+02   1.19587814e+01    1.19550000e+01    2.03788309e+00    2.03788308e+00
 2.79074460e+02   1.19581448e+01    1.19550000e+01    2.03799522e+00    2.03799522e+00
 2.79433547e+02   1.19570518e+01    1.19550000e+01    2.03810669e+00    2.03810669e+00
 2.79792634e+02   1.19538630e+01    1.19500000e+01    2.03821759e+00    2.03821759e+00
 2.80151721e+02   1.19533136e+01    1.19500000e+01    2.03832783e+00    2.03832783e+00
 2.80510809e+02   1.19524792e+01    1.19500000e+01    2.03843742e+00    2.03843742e+00
 2.80869896e+02   1.19489033e+01    1.19450000e+01    2.03854632e+00    2.03854632e+00
 2.81228983e+02   1.19484649e+01    1.19450000e+01    2.03865475e+00    2.03865475e+00
 2.81588070e+02   1.19477477e+01    1.19450000e+01    2.03876244e+00    2.03876244e+00
 2.81947158e+02   1.19440503e+01    1.19400000e+01    2.03886951e+00    2.03886951e+00
 2.82306245e+02   1.19435348e+01    1.19400000e+01    2.03897598e+00    2.03897597e+00
 2.82665332e+02   1.19430182e+01    1.19400000e+01    2.03908185e+00    2.03908185e+00
 2.83024420e+02   1.19391543e+01    1.19350000e+01    2.03918707e+00    2.03918707e+00
 2.83383507e+02   1.19386322e+01    1.19350000e+01    2.03929162e+00    2.03929162e+00
 2.83742594e+02   1.19381597e+01    1.19350000e+01    2.03939570e+00    2.03939570e+00
 2.84101681e+02   1.19371890e+01    1.19350000e+01    2.03949907e+00    2.03949907e+00
 2.84460769e+02   1.19338840e+01    1.19300000e+01    2.03960185e+00    2.03960185e+00
 2.84819856e+02   1.19332068e+01    1.19300000e+01    2.03970400e+00    2.03970400e+00
 2.85178943e+02   1.19326540e+01    1.19300000e+01    2.03980564e+00    2.03980564e+00
 2.85538030e+02   1.19289876e+01    1.19250000e+01    2.03990660e+00    2.03990660e+00
 2.85897118e+02   1.19284096e+01    1.19250000e+01    2.04000694e+00    2.04000694e+00
 2.86256205e+02   1.19278403e+01    1.19250000e+01    2.04010675e+00    2.04010675e+00
 2.86615292e+02   1.19240928e+01    1.19200000e+01    2.04020595e+00    2.04020595e+00
 2.86974380e+02   1.19236591e+01    1.19200000e+01    2.04030454e+00    2.04030454e+00
 2.87333467e+02   1.19229141e+01    1.19200000e+01    2.04040247e+00    2.04040247e+00
 2.87692554e+02   1.19222081e+01    1.19200000e+01    2.04049998e+00    2.04049998e+00
 2.88051641e+02   1.19188201e+01    1.19150000e+01    2.04059680e+00    2.04059679e+00
 2.88410729e+02   1.19182024e+01    1.19150000e+01    2.04069303e+00    2.04069303e+00
 2.88769816e+02   1.19173965e+01    1.19150000e+01    2.04078868e+00    2.04078868e+00
 2.89128903e+02   1.19139593e+01    1.19100000e+01    2.04088382e+00    2.04088382e+00
 2.89487990e+02   1.19134395e+01    1.19100000e+01    2.04097833e+00    2.04097833e+00
 2.89847078e+02   1.19126459e+01    1.19100000e+01    2.04107222e+00    2.04107222e+00
 2.90206165e+02   1.19090728e+01    1.19050000e+01    2.04116563e+00    2.04116563e+00
 2.90565252e+02   1.19086080e+01    1.19050000e+01    2.04125843e+00    2.04125843e+00
 2.90924339e+02   1.19080163e+01    1.19050000e+01    2.04135066e+00    2.04135066e+00
 2.91283427e+02   1.19041053e+01    1.19000000e+01    2.04144226e+00    2.04144226e+00
 2.91642514e+02   1.19038372e+01    1.19000000e+01    2.04153344e+00    2.04153344e+00
 2.92001601e+02   1.19032218e+01    1.19000000e+01    2.04162397e+00    2.04162397e+00
 2.92360689e+02   1.19024110e+01    1.19000000e+01    2.04171393e+00    2.04171393e+00
 2.92719776e+02   1.18989160e+01    1.18950000e+01    2.04180334e+00    2.04180334e+00
 2.93078863e+02   1.18984467e+01    1.18950000e+01    2.04189225e+00    2.04189225e+00
 2.93437950e+02   1.18978383e+01    1.18950000e+01    2.04198056e+00    2.04198056e+00
 2.93797038e+02   1.18940022e+01    1.18900000e+01    2.04206827e+00    2.04206827e+00
 2.94156125e+02   1.18936534e+01    1.18900000e+01    2.04215554e+00    2.04215554e+00
 2.94515212e+02   1.18930371e+01    1.18900000e+01    2.04224220e+00    2.04224220e+00
 2.94874299e+02   1.18921262e+01    1.18900000e+01    2.04232832e+00    2.04232832e+00
 2.95233387e+02   1.18887465e+01    1.18850000e+01    2.04241384e+00    2.04241384e+00
 2.95592474e+02   1.18882883e+01    1.18850000e+01    2.04249896e+00    2.04249896e+00
 2.95951561e+02   1.18875732e+01    1.18850000e+01    2.04258345e+00    2.04258345e+00
 2.96310649e+02   1.18839317e+01    1.18800000e+01    2.04266740e+00    2.04266740e+00
 2.96669736e+02   1.18834383e+01    1.18800000e+01    2.04275080e+00    2.04275080e+00
 2.97028823e+02   1.18829146e+01    1.18800000e+01    2.04283375e+00    2.04283375e+00
 2.97387910e+02   1.18790930e+01    1.18750000e+01    2.04291611e+00    2.04291611e+00
 2.97746998e+02   1.18786410e+01    1.18750000e+01    2.04299790e+00    2.04299790e+00
 2.98106085e+02   1.18781206e+01    1.18750000e+01    2.04307924e+00    2.04307924e+00
 2.98465172e+02   1.18773692e+01    1.18750000e+01    2.04316004e+00    2.04316004e+00
 2.98824259e+02   1.18738659e+01    1.18700000e+01    2.04324030e+00    2.04324030e+00
 2.99183347e+02   1.18732758e+01    1.18700000e+01    2.04331997e+00    2.04331997e+00
 2.99542434e+02   1.18727539e+01    1.18700000e+01    2.04339927e+00    2.04339927e+00
 2.99901521e+02   1.18690013e+01    1.18650000e+01    2.04347795e+00    2.04347795e+00
 3.00260608e+02   1.18685653e+01    1.18650000e+01    2.04355614e+00    2.04355614e+00
 3.00619696e+02   1.18679332e+01    1.18650000e+01    2.04363377e+00    2.04363377e+00
 3.00978783e+02   1.18672182e+01    1.18650000e+01    2.04371101e+00    2.04371101e+00
 3.01337870e+02   1.18638051e+01    1.18600000e+01    2.04378765e+00    2.04378764e+00
 3.01696958e+02   1.18632175e+01    1.18600000e+01    2.04386377e+00    2.04386377e+00
 3.02056045e+02   1.18625127e+01    1.18600000e+01    2.04393940e+00    2.04393940e+00
 3.02415132e+02   1.18589566e+01    1.18550000e+01    2.04401458e+00    2.04401458e+00
 3.02774219e+02   1.18585009e+01    1.18550000e+01    2.04408921e+00    2.04408921e+00
 3.03133307e+02   1.18578820e+01    1.18550000e+01    2.04416330e+00    2.04416330e+00
 3.03492394e+02   1.18540846e+01    1.18500000e+01    2.04423697e+00    2.04423696e+00
 3.03851481e+02   1.18537631e+01    1.18500000e+01    2.04431011e+00    2.04431011e+00
 3.04210568e+02   1.18531721e+01    1.18500000e+01    2.04438275e+00    2.04438275e+00
 3.04569656e+02   1.18523545e+01    1.18500000e+01    2.04445484e+00    2.04445484e+00
 3.04928743e+02   1.18489044e+01    1.18450000e+01    2.04452657e+00    2.04452657e+00
 3.05287830e+02   1.18484216e+01    1.18450000e+01    2.04459772e+00    2.04459772e+00
 3.05646918e+02   1.18478415e+01    1.18450000e+01    2.04466841e+00    2.04466841e+00
 3.06006005e+02   1.18439940e+01    1.18400000e+01    2.04473855e+00    2.04473855e+00
 3.06365092e+02   1.18437131e+01    1.18400000e+01    2.04480834e+00    2.04480834e+00
 3.06724179e+02   1.18431205e+01    1.18400000e+01    2.04487755e+00    2.04487755e+00
 3.07083267e+02   1.18423986e+01    1.18400000e+01    2.04494629e+00    2.04494629e+00
 3.07442354e+02   1.18388194e+01    1.18350000e+01    2.04501453e+00    2.04501453e+00
 3.07801441e+02   1.18384344e+01    1.18350000e+01    2.04508239e+00    2.04508239e+00
 3.08160528e+02   1.18378238e+01    1.18350000e+01    2.04514970e+00    2.04514970e+00
 3.08519616e+02   1.18340218e+01    1.18300000e+01    2.04521651e+00    2.04521651e+00
 3.08878703e+02   1.18336306e+01    1.18300000e+01    2.04528289e+00    2.04528289e+00
 3.09237790e+02   1.18331398e+01    1.18300000e+01    2.04534883e+00    2.04534883e+00
 3.09596878e+02   1.18323880e+01    1.18300000e+01    2.04541426e+00    2.04541425e+00
 3.09955965e+02   1.18288218e+01    1.18250000e+01    2.04547918e+00    2.04547918e+00
 3.10315052e+02   1.18283702e+01    1.18250000e+01    2.04554372e+00    2.04554372e+00
 3.10674139e+02   1.18278269e+01    1.18250000e+01    2.04560777e+00    2.04560777e+00
 3.11033227e+02   1.18240175e+01    1.18200000e+01    2.04567134e+00    2.04567134e+00
 3.11392314e+02   1.18235685e+01    1.18200000e+01    2.04573440e+00    2.04573440e+00
 3.11751401e+02   1.18231146e+01    1.18200000e+01    2.04579713e+00    2.04579713e+00
 3.12110488e+02   1.18223769e+01    1.18200000e+01    2.04585932e+00    2.04585932e+00
 3.12469576e+02   1.18188560e+01    1.18150000e+01    2.04592107e+00    2.04592107e+00
 3.12828663e+02   1.18182785e+01    1.18150000e+01    2.04598230e+00    2.04598230e+00
 3.13187750e+02   1.18178644e+01    1.18150000e+01    2.04604323e+00    2.04604323e+00
 3.13546837e+02   1.18140089e+01    1.18100000e+01    2.04610360e+00    2.04610360e+00
 3.13905925e+02   1.18136989e+01    1.18100000e+01    2.04616355e+00    2.04616354e+00
 3.14265012e+02   1.18130320e+01    1.18100000e+01    2.04622300e+00    2.04622300e+00
 3.14624099e+02   1.18125331e+01    1.18100000e+01    2.04628213e+00    2.04628213e+00
 3.14983187e+02   1.18088589e+01    1.18050000e+01    2.04634072e+00    2.04634072e+00
 3.15342274e+02   1.18084365e+01    1.18050000e+01    2.04639887e+00    2.04639887e+00
 3.15701361e+02   1.18077801e+01    1.18050000e+01    2.04645657e+00    2.04645657e+00
 3.16060448e+02   1.18040637e+01    1.18000000e+01    2.04651392e+00    2.04651392e+00
 3.16419536e+02   1.18037101e+01    1.18000000e+01    2.04657076e+00    2.04657075e+00
 3.16778623e+02   1.18031577e+01    1.18000000e+01    2.04662714e+00    2.04662714e+00
 3.17137710e+02   1.18024718e+01    1.18000000e+01    2.04668312e+00    2.04668312e+00
 3.17496797e+02   1.17989061e+01    1.17950000e+01    2.04673871e+00    2.04673871e+00
 3.17855885e+02   1.17985022e+01    1.17950000e+01    2.04679382e+00    2.04679382e+00
 3.18214972e+02   1.17978891e+01    1.17950000e+01    2.04684847e+00    2.04684847e+00
 3.18574059e+02   1.17940660e+01    1.17900000e+01    2.04690275e+00    2.04690275e+00
 3.18933147e+02   1.17937552e+01    1.17900000e+01    2.04695661e+00    2.04695661e+00
 3.19292234e+02   1.17932810e+01    1.17900000e+01    2.04701001e+00    2.04701001e+00
 3.19651321e+02   1.17925810e+01    1.17900000e+01    2.04706295e+00    2.04706295e+00
 3.20010408e+02   1.17889367e+01    1.17850000e+01    2.04711555e+00    2.04711555e+00
 3.20369496e+02   1.17885789e+01    1.17850000e+01    2.04716770e+00    2.04716770e+00
 3.20728583e+02   1.17880628e+01    1.17850000e+01    2.04721942e+00    2.04721942e+00
 3.21087670e+02   1.17840777e+01    1.17800000e+01    2.04727068e+00    2.04727068e+00
 3.21446757e+02   1.17838060e+01    1.17800000e+01    2.04732162e+00    2.04732162e+00
 3.21805845e+02   1.17833544e+01    1.17800000e+01    2.04737210e+00    2.04737210e+00
 3.22164932e+02   1.17828396e+01    1.17800000e+01    2.04742216e+00    2.04742216e+00
 3.22524019e+02   1.17789321e+01    1.17750000e+01    2.04747175e+00    2.04747175e+00
 3.22883106e+02   1.17786751e+01    1.17750000e+01    2.04752106e+00    2.04752105e+00
 3.23242194e+02   1.17781298e+01    1.17750000e+01    2.04756988e+00    2.04756988e+00
 3.23601281e+02   1.17775650e+01    1.17750000e+01    2.04761831e+00    2.04761831e+00
 3.23960368e+02   1.17737963e+01    1.17700000e+01    2.04766626e+00    2.04766626e+00
 3.24319456e+02   1.17734863e+01    1.17700000e+01    2.04771395e+00    2.04771395e+00
 3.24678543e+02   1.17729155e+01    1.17700000e+01    2.04776115e+00    2.04776115e+00
 3.25037630e+02   1.17690735e+01    1.17650000e+01    2.04780796e+00    2.04780796e+00
 3.25396717e+02   1.17686714e+01    1.17650000e+01    2.04785430e+00    2.04785430e+00
 3.25755805e+02   1.17682872e+01    1.17650000e+01    2.04790040e+00    2.04790040e+00
 3.26114892e+02   1.17677101e+01    1.17650000e+01    2.04794599e+00    2.04794599e+00
 3.26473979e+02   1.17639461e+01    1.17600000e+01    2.04799122e+00    2.04799122e+00
 3.26833066e+02   1.17635069e+01    1.17600000e+01    2.04803597e+00    2.04803597e+00
 3.27192154e+02   1.17630931e+01    1.17600000e+01    2.04808049e+00    2.04808049e+00
 3.27551241e+02   1.17624300e+01    1.17600000e+01    2.04812450e+00    2.04812450e+00
 3.27910328e+02   1.17588264e+01    1.17550000e+01    2.04816816e+00    2.04816816e+00
 3.28269416e+02   1.17583283e+01    1.17550000e+01    2.04821136e+00    2.04821136e+00
 3.28628503e+02   1.17579040e+01    1.17550000e+01    2.04825432e+00    2.04825432e+00
 3.28987590e+02   1.17540344e+01    1.17500000e+01    2.04829677e+00    2.04829677e+00
 3.29346677e+02   1.17537126e+01    1.17500000e+01    2.04833888e+00    2.04833888e+00
 3.29705765e+02   1.17531525e+01    1.17500000e+01    2.04838054e+00    2.04838054e+00
 3.30064852e+02   1.17527203e+01    1.17500000e+01    2.04842196e+00    2.04842196e+00
 3.30423939e+02   1.17489298e+01    1.17450000e+01    2.04846289e+00    2.04846289e+00
 3.30783026e+02   1.17486004e+01    1.17450000e+01    2.04850347e+00    2.04850347e+00
 3.31142114e+02   1.17479765e+01    1.17450000e+01    2.04854361e+00    2.04854361e+00
 3.31501201e+02   1.17474848e+01    1.17450000e+01    2.04858351e+00    2.04858351e+00
 3.31860288e+02   1.17438285e+01    1.17400000e+01    2.04862293e+00    2.04862293e+00
 3.32219376e+02   1.17434360e+01    1.17400000e+01    2.04866201e+00    2.04866201e+00
 3.32578463e+02   1.17428022e+01    1.17400000e+01    2.04870065e+00    2.04870065e+00
 3.32937550e+02   1.17390503e+01    1.17350000e+01    2.04873906e+00    2.04873906e+00
 3.33296637e+02   1.17387303e+01    1.17350000e+01    2.04877699e+00    2.04877699e+00
 3.33655725e+02   1.17382782e+01    1.17350000e+01    2.04881459e+00    2.04881459e+00
 3.34014812e+02   1.17376250e+01    1.17350000e+01    2.04885174e+00    2.04885174e+00
 3.34373899e+02   1.17339534e+01    1.17300000e+01    2.04888868e+00    2.04888868e+00
 3.34732986e+02   1.17336366e+01    1.17300000e+01    2.04892514e+00    2.04892514e+00
 3.35092074e+02   1.17331272e+01    1.17300000e+01    2.04896128e+00    2.04896128e+00
 3.35451161e+02   1.17323775e+01    1.17300000e+01    2.04899698e+00    2.04899698e+00
 3.35810248e+02   1.17288601e+01    1.17250000e+01    2.04903246e+00    2.04903246e+00
 3.36169335e+02   1.17285266e+01    1.17250000e+01    2.04906748e+00    2.04906748e+00
 3.36528423e+02   1.17279824e+01    1.17250000e+01    2.04910217e+00    2.04910217e+00
 3.36887510e+02   1.17240113e+01    1.17200000e+01    2.04913643e+00    2.04913643e+00
 3.37246597e+02   1.17237703e+01    1.17200000e+01    2.04917048e+00    2.04917048e+00
 3.37605685e+02   1.17233987e+01    1.17200000e+01    2.04920408e+00    2.04920408e+00
 3.37964772e+02   1.17228443e+01    1.17200000e+01    2.04923735e+00    2.04923735e+00
 3.38323859e+02   1.17189342e+01    1.17150000e+01    2.04927019e+00    2.04927019e+00
 3.38682946e+02   1.17186839e+01    1.17150000e+01    2.04930282e+00    2.04930282e+00
 3.39042034e+02   1.17182780e+01    1.17150000e+01    2.04933502e+00    2.04933502e+00
 3.39401121e+02   1.17177126e+01    1.17150000e+01    2.04936688e+00    2.04936688e+00
 3.39760208e+02   1.17138632e+01    1.17100000e+01    2.04939834e+00    2.04939834e+00
 3.40119295e+02   1.17136012e+01    1.17100000e+01    2.04942956e+00    2.04942956e+00
 3.40478383e+02   1.17131622e+01    1.17100000e+01    2.04946038e+00    2.04946038e+00
 3.40837470e+02   1.17125771e+01    1.17100000e+01    2.04949085e+00    2.04949085e+00
 3.41196557e+02   1.17087972e+01    1.17050000e+01    2.04952094e+00    2.04952094e+00
 3.41555645e+02   1.17084960e+01    1.17050000e+01    2.04955077e+00    2.04955077e+00
 3.41914732e+02   1.17080496e+01    1.17050000e+01    2.04958024e+00    2.04958023e+00
 3.42273819e+02   1.17073990e+01    1.17050000e+01    2.04960934e+00    2.04960934e+00
 3.42632906e+02   1.17037361e+01    1.17000000e+01    2.04963807e+00    2.04963807e+00
 3.42991994e+02   1.17033722e+01    1.17000000e+01    2.04966654e+00    2.04966654e+00
 3.43351081e+02   1.17029422e+01    1.17000000e+01    2.04969466e+00    2.04969466e+00
 3.43710168e+02   1.16990196e+01    1.16950000e+01    2.04972242e+00    2.04972241e+00
 3.44069255e+02   1.16986797e+01    1.16950000e+01    2.04974981e+00    2.04974981e+00
 3.44428343e+02   1.16982492e+01    1.16950000e+01    2.04977692e+00    2.04977692e+00
 3.44787430e+02   1.16978398e+01    1.16950000e+01    2.04980373e+00    2.04980373e+00
 3.45146517e+02   1.16939557e+01    1.16900000e+01    2.04983015e+00    2.04983015e+00
 3.45505604e+02   1.16936279e+01    1.16900000e+01    2.04985623e+00    2.04985623e+00
 3.45864692e+02   1.16931235e+01    1.16900000e+01    2.04988200e+00    2.04988200e+00
 3.46223779e+02   1.16927423e+01    1.16900000e+01    2.04990751e+00    2.04990751e+00
 3.46582866e+02   1.16888943e+01    1.16850000e+01    2.04993262e+00    2.04993262e+00
 3.46941954e+02   1.16885790e+01    1.16850000e+01    2.04995741e+00    2.04995741e+00
 3.47301041e+02   1.16880089e+01    1.16850000e+01    2.04998186e+00    2.04998186e+00
 3.47660128e+02   1.16876480e+01    1.16850000e+01    2.05000609e+00    2.05000609e+00
 3.48019215e+02   1.16838329e+01    1.16800000e+01    2.05002990e+00    2.05002990e+00
 3.48378303e+02   1.16835323e+01    1.16800000e+01    2.05005341e+00    2.05005341e+00
 3.48737390e+02   1.16829109e+01    1.16800000e+01    2.05007656e+00    2.05007656e+00
 3.49096477e+02   1.16825428e+01    1.16800000e+01    2.05009952e+00    2.05009952e+00
 3.49455564e+02   1.16787704e+01    1.16750000e+01    2.05012205e+00    2.05012205e+00
 3.49814652e+02   1.16784633e+01    1.16750000e+01    2.05014431e+00    2.05014431e+00
 3.50173739e+02   1.16778107e+01    1.16750000e+01    2.05016618e+00    2.05016618e+00
 3.50532826e+02   1.16773998e+01    1.16750000e+01    2.05018788e+00    2.05018788e+00
 3.50891914e+02   1.16737389e+01    1.16700000e+01    2.05020917e+00    2.05020917e+00
 3.51251001e+02   1.16733959e+01    1.16700000e+01    2.05023017e+00    2.05023017e+00
 3.51610088e+02   1.16727724e+01    1.16700000e+01    2.05025080e+00    2.05025080e+00
 3.51969175e+02   1.16690061e+01    1.16650000e+01    2.05027124e+00    2.05027123e+00
 3.52328263e+02   1.16687082e+01    1.16650000e+01    2.05029131e+00    2.05029131e+00
 3.52687350e+02   1.16683296e+01    1.16650000e+01    2.05031107e+00    2.05031107e+00
 3.53046437e+02   1.16677362e+01    1.16650000e+01    2.05033048e+00    2.05033048e+00
 3.53405524e+02   1.16639478e+01    1.16600000e+01    2.05034965e+00    2.05034965e+00
 3.53764612e+02   1.16636780e+01    1.16600000e+01    2.05036853e+00    2.05036853e+00
 3.54123699e+02   1.16632647e+01    1.16600000e+01    2.05038706e+00    2.05038706e+00
 3.54482786e+02   1.16627058e+01    1.16600000e+01    2.05040527e+00    2.05040527e+00
 3.54841873e+02   1.16588852e+01    1.16550000e+01    2.05042320e+00    2.05042320e+00
 3.55200961e+02   1.16586515e+01    1.16550000e+01    2.05044089e+00    2.05044089e+00
 3.55560048e+02   1.16582016e+01    1.16550000e+01    2.05045822e+00    2.05045821e+00
 3.55919135e+02   1.16576791e+01    1.16550000e+01    2.05047524e+00    2.05047524e+00
 3.56278223e+02   1.16538360e+01    1.16500000e+01    2.05049195e+00    2.05049195e+00
 3.56637310e+02   1.16536253e+01    1.16500000e+01    2.05050847e+00    2.05050847e+00
 3.56996397e+02   1.16531309e+01    1.16500000e+01    2.05052459e+00    2.05052459e+00
 3.57355484e+02   1.16526567e+01    1.16500000e+01    2.05054046e+00    2.05054046e+00
 3.57714572e+02   1.16487893e+01    1.16450000e+01    2.05055596e+00    2.05055596e+00
 3.58073659e+02   1.16485927e+01    1.16450000e+01    2.05057132e+00    2.05057132e+00
 3.58432746e+02   1.16481267e+01    1.16450000e+01    2.05058630e+00    2.05058630e+00
 3.58791833e+02   1.16476362e+01    1.16450000e+01    2.05060099e+00    2.05060099e+00
 3.59150921e+02   1.16437864e+01    1.16400000e+01    2.05061535e+00    2.05061535e+00
 3.59510008e+02   1.16435552e+01    1.16400000e+01    2.05062951e+00    2.05062951e+00
 3.59869095e+02   1.16431129e+01    1.16400000e+01    2.05064336e+00    2.05064336e+00
 3.60228183e+02   1.16426107e+01    1.16400000e+01    2.05065689e+00    2.05065689e+00
 3.60587270e+02   1.16387878e+01    1.16350000e+01    2.05067012e+00    2.05067012e+00
 3.60946357e+02   1.16385079e+01    1.16350000e+01    2.05068309e+00    2.05068309e+00
 3.61305444e+02   1.16380976e+01    1.16350000e+01    2.05069583e+00    2.05069583e+00
 3.61664532e+02   1.16375743e+01    1.16350000e+01    2.05070823e+00    2.05070823e+00
 3.62023619e+02   1.16337898e+01    1.16300000e+01    2.05072034e+00    2.05072034e+00
 3.62382706e+02   1.16334638e+01    1.16300000e+01    2.05073215e+00    2.05073215e+00
 3.62741793e+02   1.16330854e+01    1.16300000e+01    2.05074379e+00    2.05074379e+00
 3.63100881e+02   1.16325182e+01    1.16300000e+01    2.05075505e+00    2.05075505e+00
 3.63459968e+02   1.16287897e+01    1.16250000e+01    2.05076607e+00    2.05076607e+00
 3.63819055e+02   1.16284215e+01    1.16250000e+01    2.05077675e+00    2.05077675e+00
 3.64178143e+02   1.16280603e+01    1.16250000e+01    2.05078728e+00    2.05078728e+00
 3.64537230e+02   1.16275387e+01    1.16250000e+01    2.05079746e+00    2.05079746e+00
 3.64896317e+02   1.16237933e+01    1.16200000e+01    2.05080738e+00    2.05080737e+00
 3.65255404e+02   1.16234448e+01    1.16200000e+01    2.05081697e+00    2.05081697e+00
 3.65614492e+02   1.16230249e+01    1.16200000e+01    2.05082636e+00    2.05082636e+00
 3.65973579e+02   1.16225530e+01    1.16200000e+01    2.05083549e+00    2.05083549e+00
 3.66332666e+02   1.16187944e+01    1.16150000e+01    2.05084431e+00    2.05084430e+00
 3.66691753e+02   1.16184669e+01    1.16150000e+01    2.05085284e+00    2.05085284e+00
 3.67050841e+02   1.16179732e+01    1.16150000e+01    2.05086110e+00    2.05086110e+00
 3.67409928e+02   1.16175641e+01    1.16150000e+01    2.05086919e+00    2.05086919e+00
 3.67769015e+02   1.16137818e+01    1.16100000e+01    2.05087691e+00    2.05087691e+00
 3.68128102e+02   1.16134830e+01    1.16100000e+01    2.05088441e+00    2.05088441e+00
 3.68487190e+02   1.16129452e+01    1.16100000e+01    2.05089157e+00    2.05089157e+00
 3.68846277e+02   1.16125586e+01    1.16100000e+01    2.05089861e+00    2.05089860e+00
 3.69205364e+02   1.16087924e+01    1.16050000e+01    2.05090530e+00    2.05090530e+00
 3.69564452e+02   1.16084971e+01    1.16050000e+01    2.05091173e+00    2.05091173e+00
 3.69923539e+02   1.16079910e+01    1.16050000e+01    2.05091786e+00    2.05091786e+00
 3.70282626e+02   1.16075395e+01    1.16050000e+01    2.05092380e+00    2.05092380e+00
 3.70641713e+02   1.16038041e+01    1.16000000e+01    2.05092949e+00    2.05092948e+00
 3.71000801e+02   1.16035111e+01    1.16000000e+01    2.05093487e+00    2.05093487e+00
 3.71359888e+02   1.16030357e+01    1.16000000e+01    2.05093999e+00    2.05093999e+00
 3.71718975e+02   1.16025063e+01    1.16000000e+01    2.05094484e+00    2.05094484e+00
 3.72078062e+02   1.15988234e+01    1.15950000e+01    2.05094953e+00    2.05094953e+00
 3.72437150e+02   1.15985106e+01    1.15950000e+01    2.05095387e+00    2.05095387e+00
 3.72796237e+02   1.15980858e+01    1.15950000e+01    2.05095799e+00    2.05095799e+00
 3.73155324e+02   1.15975211e+01    1.15950000e+01    2.05096179e+00    2.05096179e+00
 3.73514412e+02   1.15938247e+01    1.15900000e+01    2.05096547e+00    2.05096547e+00
 3.73873499e+02   1.15935484e+01    1.15900000e+01    2.05096883e+00    2.05096883e+00
 3.74232586e+02   1.15931321e+01    1.15900000e+01    2.05097193e+00    2.05097193e+00
 3.74591673e+02   1.15926003e+01    1.15900000e+01    2.05097475e+00    2.05097475e+00
 3.74950761e+02   1.15888143e+01    1.15850000e+01    2.05097736e+00    2.05097736e+00
 3.75309848e+02   1.15885652e+01    1.15850000e+01    2.05097976e+00    2.05097976e+00
 3.75668935e+02   1.15881696e+01    1.15850000e+01    2.05098186e+00    2.05098186e+00
 3.76028022e+02   1.15876642e+01    1.15850000e+01    2.05098371e+00    2.05098371e+00
 3.76387110e+02   1.15838102e+01    1.15800000e+01    2.05098528e+00    2.05098528e+00
 3.76746197e+02   1.15835894e+01    1.15800000e+01    2.05098672e+00    2.05098672e+00
 3.77105284e+02   1.15832120e+01    1.15800000e+01    2.05098783e+00    2.05098783e+00
 3.77464371e+02   1.15827285e+01    1.15800000e+01    2.05098872e+00    2.05098872e+00
 3.77823459e+02   1.15788587e+01    1.15750000e+01    2.05098931e+00    2.05098931e+00
 3.78182546e+02   1.15785940e+01    1.15750000e+01    2.05098975e+00    2.05098975e+00
 3.78541633e+02   1.15782965e+01    1.15750000e+01    2.05098993e+00    2.05098993e+00
 3.78900721e+02   1.15777892e+01    1.15750000e+01    2.05098984e+00    2.05098983e+00
 3.79259808e+02   1.15739078e+01    1.15700000e+01    2.05098949e+00    2.05098949e+00
 3.79618895e+02   1.15735843e+01    1.15700000e+01    2.05098890e+00    2.05098890e+00
 3.79977982e+02   1.15733412e+01    1.15700000e+01    2.05098816e+00    2.05098816e+00
 3.80337070e+02   1.15728191e+01    1.15700000e+01    2.05098709e+00    2.05098709e+00
 3.80696157e+02   1.15689470e+01    1.15650000e+01    2.05098583e+00    2.05098583e+00
 3.81055244e+02   1.15686169e+01    1.15650000e+01    2.05098427e+00    2.05098427e+00
 3.81414331e+02   1.15683783e+01    1.15650000e+01    2.05098258e+00    2.05098258e+00
 3.81773419e+02   1.15679457e+01    1.15650000e+01    2.05098061e+00    2.05098061e+00
 3.82132506e+02   1.15674296e+01    1.15650000e+01    2.05097840e+00    2.05097840e+00
 3.82491593e+02   1.15637015e+01    1.15600000e+01    2.05097592e+00    2.05097592e+00
 3.82850681e+02   1.15633720e+01    1.15600000e+01    2.05097323e+00    2.05097323e+00
 3.83209768e+02   1.15630200e+01    1.15600000e+01    2.05097038e+00    2.05097038e+00
 3.83568855e+02   1.15624844e+01    1.15600000e+01    2.05096722e+00    2.05096722e+00
 3.83927942e+02   1.15587501e+01    1.15550000e+01    2.05096385e+00    2.05096385e+00
 3.84287030e+02   1.15584024e+01    1.15550000e+01    2.05096019e+00    2.05096019e+00
 3.84646117e+02   1.15580598e+01    1.15550000e+01    2.05095644e+00    2.05095644e+00
 3.85005204e+02   1.15576098e+01    1.15550000e+01    2.05095239e+00    2.05095239e+00
 3.85364291e+02   1.15537947e+01    1.15500000e+01    2.05094811e+00    2.05094811e+00
 3.85723379e+02   1.15535060e+01    1.15500000e+01    2.05094358e+00    2.05094357e+00
 3.86082466e+02   1.15530742e+01    1.15500000e+01    2.05093884e+00    2.05093884e+00
 3.86441553e+02   1.15527188e+01    1.15500000e+01    2.05093394e+00    2.05093394e+00
 3.86800641e+02   1.15488350e+01    1.15450000e+01    2.05092874e+00    2.05092874e+00
 3.87159728e+02   1.15485707e+01    1.15450000e+01    2.05092334e+00    2.05092334e+00
 3.87518815e+02   1.15481135e+01    1.15450000e+01    2.05091765e+00    2.05091765e+00
 3.87877902e+02   1.15477670e+01    1.15450000e+01    2.05091188e+00    2.05091188e+00
 3.88236990e+02   1.15439076e+01    1.15400000e+01    2.05090582e+00    2.05090582e+00
 3.88596077e+02   1.15436197e+01    1.15400000e+01    2.05089954e+00    2.05089954e+00
 3.88955164e+02   1.15433014e+01    1.15400000e+01    2.05089300e+00    2.05089300e+00
 3.89314251e+02   1.15427860e+01    1.15400000e+01    2.05088627e+00    2.05088627e+00
 3.89673339e+02   1.15424344e+01    1.15400000e+01    2.05087938e+00    2.05087938e+00
 3.90032426e+02   1.15386653e+01    1.15350000e+01    2.05087220e+00    2.05087220e+00
 3.90391513e+02   1.15384110e+01    1.15350000e+01    2.05086483e+00    2.05086483e+00
 3.90750600e+02   1.15378516e+01    1.15350000e+01    2.05085718e+00    2.05085718e+00
 3.91109688e+02   1.15374978e+01    1.15350000e+01    2.05084945e+00    2.05084945e+00
 3.91468775e+02   1.15337471e+01    1.15300000e+01    2.05084143e+00    2.05084143e+00
 3.91827862e+02   1.15334651e+01    1.15300000e+01    2.05083320e+00    2.05083320e+00
 3.92186950e+02   1.15330556e+01    1.15300000e+01    2.05082473e+00    2.05082473e+00
 3.92546037e+02   1.15325138e+01    1.15300000e+01    2.05081605e+00    2.05081605e+00
 3.92905124e+02   1.15288289e+01    1.15250000e+01    2.05080724e+00    2.05080724e+00
 3.93264211e+02   1.15285074e+01    1.15250000e+01    2.05079813e+00    2.05079813e+00
 3.93623299e+02   1.15282115e+01    1.15250000e+01    2.05078886e+00    2.05078886e+00
 3.93982386e+02   1.15276291e+01    1.15250000e+01    2.05077930e+00    2.05077930e+00
 3.94341473e+02   1.15238665e+01    1.15200000e+01    2.05076965e+00    2.05076964e+00
 3.94700560e+02   1.15236070e+01    1.15200000e+01    2.05075974e+00    2.05075974e+00
 3.95059648e+02   1.15233100e+01    1.15200000e+01    2.05074962e+00    2.05074961e+00
 3.95418735e+02   1.15228454e+01    1.15200000e+01    2.05073927e+00    2.05073927e+00
 3.95777822e+02   1.15188797e+01    1.15150000e+01    2.05072870e+00    2.05072869e+00
 3.96136910e+02   1.15186922e+01    1.15150000e+01    2.05071802e+00    2.05071802e+00
 3.96495997e+02   1.15183827e+01    1.15150000e+01    2.05070705e+00    2.05070705e+00
 3.96855084e+02   1.15180072e+01    1.15150000e+01    2.05069591e+00    2.05069591e+00
 3.97214171e+02   1.15174395e+01    1.15150000e+01    2.05068451e+00    2.05068451e+00
 3.97573259e+02   1.15137273e+01    1.15100000e+01    2.05067298e+00    2.05067298e+00
 3.97932346e+02   1.15134863e+01    1.15100000e+01    2.05066125e+00    2.05066125e+00
 3.98291433e+02   1.15131085e+01    1.15100000e+01    2.05064928e+00    2.05064928e+00
 3.98650520e+02   1.15126679e+01    1.15100000e+01    2.05063711e+00    2.05063711e+00
 3.99009608e+02   1.15087464e+01    1.15050000e+01    2.05062470e+00    2.05062470e+00
 3.99368695e+02   1.15085676e+01    1.15050000e+01    2.05061221e+00    2.05061221e+00
 3.99727782e+02   1.15082536e+01    1.15050000e+01    2.05059945e+00    2.05059945e+00
 4.00086869e+02   1.15078240e+01    1.15050000e+01    2.05058649e+00    2.05058649e+00
 4.00445957e+02   1.15038781e+01    1.15000000e+01    2.05057330e+00    2.05057330e+00
 4.00805044e+02   1.15035923e+01    1.15000000e+01    2.05055994e+00    2.05055994e+00
 4.01164131e+02   1.15033841e+01    1.15000000e+01    2.05054645e+00    2.05054645e+00
 4.01523219e+02   1.15029124e+01    1.15000000e+01    2.05053267e+00    2.05053267e+00
 4.01882306e+02   1.15025173e+01    1.15000000e+01    2.05051875e+00    2.05051875e+00
 4.02241393e+02   1.14986622e+01    1.14950000e+01    2.05050457e+00    2.05050456e+00
 4.02600480e+02   1.14984530e+01    1.14950000e+01    2.05049028e+00    2.05049028e+00
 4.02959568e+02   1.14981097e+01    1.14950000e+01    2.05047578e+00    2.05047578e+00
 4.03318655e+02   1.14976600e+01    1.14950000e+01    2.05046106e+00    2.05046106e+00
 4.03677742e+02   1.14938047e+01    1.14900000e+01    2.05044614e+00    2.05044614e+00
 4.04036829e+02   1.14934836e+01    1.14900000e+01    2.05043101e+00    2.05043100e+00
 4.04395917e+02   1.14932707e+01    1.14900000e+01    2.05041579e+00    2.05041578e+00
 4.04755004e+02   1.14927967e+01    1.14900000e+01    2.05040030e+00    2.05040030e+00
 4.05114091e+02   1.14889296e+01    1.14850000e+01    2.05038464e+00    2.05038464e+00
 4.05473179e+02   1.14886038e+01    1.14850000e+01    2.05036875e+00    2.05036875e+00
 4.05832266e+02   1.14883375e+01    1.14850000e+01    2.05035270e+00    2.05035270e+00
 4.06191353e+02   1.14879916e+01    1.14850000e+01    2.05033652e+00    2.05033652e+00
 4.06550440e+02   1.14874990e+01    1.14850000e+01    2.05032008e+00    2.05032008e+00
 4.06909528e+02   1.14837447e+01    1.14800000e+01    2.05030349e+00    2.05030349e+00
 4.07268615e+02   1.14834078e+01    1.14800000e+01    2.05028665e+00    2.05028665e+00
 4.07627702e+02   1.14831277e+01    1.14800000e+01    2.05026972e+00    2.05026972e+00
 4.07986789e+02   1.14827060e+01    1.14800000e+01    2.05025258e+00    2.05025258e+00
 4.08345877e+02   1.14788512e+01    1.14750000e+01    2.05023523e+00    2.05023523e+00
 4.08704964e+02   1.14785631e+01    1.14750000e+01    2.05021769e+00    2.05021769e+00
 4.09064051e+02   1.14782133e+01    1.14750000e+01    2.05019993e+00    2.05019993e+00
 4.09423139e+02   1.14778814e+01    1.14750000e+01    2.05018211e+00    2.05018211e+00
 4.09782226e+02   1.14739401e+01    1.14700000e+01    2.05016403e+00    2.05016403e+00
 4.10141313e+02   1.14736995e+01    1.14700000e+01    2.05014578e+00    2.05014578e+00
 4.10500400e+02   1.14733833e+01    1.14700000e+01    2.05012732e+00    2.05012732e+00
 4.10859488e+02   1.14729763e+01    1.14700000e+01    2.05010868e+00    2.05010868e+00
 4.11218575e+02   1.14726275e+01    1.14700000e+01    2.05008995e+00    2.05008995e+00
 4.11577662e+02   1.14687738e+01    1.14650000e+01    2.05007095e+00    2.05007095e+00
 4.11936749e+02   1.14685297e+01    1.14650000e+01    2.05005182e+00    2.05005182e+00
 4.12295837e+02   1.14681530e+01    1.14650000e+01    2.05003245e+00    2.05003245e+00
 4.12654924e+02   1.14677599e+01    1.14650000e+01    2.05001297e+00    2.05001297e+00
 4.13014011e+02   1.14639047e+01    1.14600000e+01    2.04999332e+00    2.04999332e+00
 4.13373098e+02   1.14636446e+01    1.14600000e+01    2.04997344e+00    2.04997344e+00
 4.13732186e+02   1.14633695e+01    1.14600000e+01    2.04995341e+00    2.04995341e+00
 4.14091273e+02   1.14628924e+01    1.14600000e+01    2.04993315e+00    2.04993315e+00
 4.14450360e+02   1.14625390e+01    1.14600000e+01    2.04991283e+00    2.04991283e+00
 4.14809448e+02   1.14587528e+01    1.14550000e+01    2.04989229e+00    2.04989228e+00
 4.15168535e+02   1.14585086e+01    1.14550000e+01    2.04987155e+00    2.04987155e+00
 4.15527622e+02   1.14581654e+01    1.14550000e+01    2.04985064e+00    2.04985064e+00
 4.15886709e+02   1.14576581e+01    1.14550000e+01    2.04982952e+00    2.04982952e+00
 4.16245797e+02   1.14538700e+01    1.14500000e+01    2.04980835e+00    2.04980834e+00
 4.16604884e+02   1.14536151e+01    1.14500000e+01    2.04978693e+00    2.04978692e+00
 4.16963971e+02   1.14533594e+01    1.14500000e+01    2.04976534e+00    2.04976534e+00
 4.17323058e+02   1.14529078e+01    1.14500000e+01    2.04974356e+00    2.04974356e+00
 4.17682146e+02   1.14489339e+01    1.14450000e+01    2.04972162e+00    2.04972162e+00
 4.18041233e+02   1.14487394e+01    1.14450000e+01    2.04969959e+00    2.04969959e+00
 4.18400320e+02   1.14484710e+01    1.14450000e+01    2.04967730e+00    2.04967730e+00
 4.18759408e+02   1.14481799e+01    1.14450000e+01    2.04965489e+00    2.04965489e+00
 4.19118495e+02   1.14476721e+01    1.14450000e+01    2.04963225e+00    2.04963225e+00
 4.19477582e+02   1.14438162e+01    1.14400000e+01    2.04960950e+00    2.04960950e+00
 4.19836669e+02   1.14436045e+01    1.14400000e+01    2.04958662e+00    2.04958662e+00
 4.20195757e+02   1.14433449e+01    1.14400000e+01    2.04956350e+00    2.04956350e+00
 4.20554844e+02   1.14429560e+01    1.14400000e+01    2.04954025e+00    2.04954025e+00
 4.20913931e+02   1.14389359e+01    1.14350000e+01    2.04951678e+00    2.04951678e+00
 4.21273018e+02   1.14387043e+01    1.14350000e+01    2.04949324e+00    2.04949323e+00
 4.21632106e+02   1.14384787e+01    1.14350000e+01    2.04946951e+00    2.04946951e+00
 4.21991193e+02   1.14381964e+01    1.14350000e+01    2.04944559e+00    2.04944558e+00
 4.22350280e+02   1.14377352e+01    1.14350000e+01    2.04942151e+00    2.04942151e+00
 4.22709367e+02   1.14337874e+01    1.14300000e+01    2.04939721e+00    2.04939721e+00
 4.23068455e+02   1.14335920e+01    1.14300000e+01    2.04937288e+00    2.04937288e+00
 4.23427542e+02   1.14333618e+01    1.14300000e+01    2.04934833e+00    2.04934833e+00
 4.23786629e+02   1.14329927e+01    1.14300000e+01    2.04932361e+00    2.04932361e+00
 4.24145717e+02   1.14325164e+01    1.14300000e+01    2.04929872e+00    2.04929872e+00
 4.24504804e+02   1.14286665e+01    1.14250000e+01    2.04927363e+00    2.04927363e+00
 4.24863891e+02   1.14284821e+01    1.14250000e+01    2.04924850e+00    2.04924850e+00
 4.25222978e+02   1.14282415e+01    1.14250000e+01    2.04922315e+00    2.04922315e+00
 4.25582066e+02   1.14277969e+01    1.14250000e+01    2.04919763e+00    2.04919763e+00
 4.25941153e+02   1.14238557e+01    1.14200000e+01    2.04917194e+00    2.04917194e+00
 4.26300240e+02   1.14235599e+01    1.14200000e+01    2.04914609e+00    2.04914609e+00
 4.26659327e+02   1.14233733e+01    1.14200000e+01    2.04912017e+00    2.04912017e+00
 4.27018415e+02   1.14230594e+01    1.14200000e+01    2.04909402e+00    2.04909402e+00
 4.27377502e+02   1.14226070e+01    1.14200000e+01    2.04906773e+00    2.04906773e+00
 4.27736589e+02   1.14187435e+01    1.14150000e+01    2.04904125e+00    2.04904125e+00
 4.28095677e+02   1.14184526e+01    1.14150000e+01    2.04901463e+00    2.04901463e+00
 4.28454764e+02   1.14182690e+01    1.14150000e+01    2.04898794e+00    2.04898794e+00
 4.28813851e+02   1.14178646e+01    1.14150000e+01    2.04896101e+00    2.04896101e+00
 4.29172938e+02   1.14139146e+01    1.14100000e+01    2.04893396e+00    2.04893395e+00
 4.29532026e+02   1.14136320e+01    1.14100000e+01    2.04890671e+00    2.04890671e+00
 4.29891113e+02   1.14133515e+01    1.14100000e+01    2.04887933e+00    2.04887933e+00
 4.30250200e+02   1.14131244e+01    1.14100000e+01    2.04885187e+00    2.04885187e+00
 4.30609287e+02   1.14126662e+01    1.14100000e+01    2.04882417e+00    2.04882417e+00
 4.30968375e+02   1.14088087e+01    1.14050000e+01    2.04879637e+00    2.04879637e+00
 4.31327462e+02   1.14085216e+01    1.14050000e+01    2.04876837e+00    2.04876837e+00
 4.31686549e+02   1.14082606e+01    1.14050000e+01    2.04874026e+00    2.04874025e+00
 4.32045637e+02   1.14079695e+01    1.14050000e+01    2.04871204e+00    2.04871204e+00
 4.32404724e+02   1.14074845e+01    1.14050000e+01    2.04868359e+00    2.04868359e+00
 4.32763811e+02   1.14037074e+01    1.14000000e+01    2.04865505e+00    2.04865505e+00
 4.33122898e+02   1.14034158e+01    1.14000000e+01    2.04862630e+00    2.04862630e+00
 4.33481986e+02   1.14031356e+01    1.14000000e+01    2.04859746e+00    2.04859745e+00
 4.33841073e+02   1.14028172e+01    1.14000000e+01    2.04856849e+00    2.04856849e+00
 4.34200160e+02   1.13988547e+01    1.13950000e+01    2.04853931e+00    2.04853931e+00
 4.34559247e+02   1.13986116e+01    1.13950000e+01    2.04851003e+00    2.04851003e+00
 4.34918335e+02   1.13983168e+01    1.13950000e+01    2.04848055e+00    2.04848055e+00
 4.35277422e+02   1.13979957e+01    1.13950000e+01    2.04845099e+00    2.04845099e+00
 4.35636509e+02   1.13976722e+01    1.13950000e+01    2.04842129e+00    2.04842129e+00
 4.35995596e+02   1.13937679e+01    1.13900000e+01    2.04839140e+00    2.04839139e+00
 4.36354684e+02   1.13935231e+01    1.13900000e+01    2.04836139e+00    2.04836139e+00
 4.36713771e+02   1.13932256e+01    1.13900000e+01    2.04833119e+00    2.04833118e+00
 4.37072858e+02   1.13928585e+01    1.13900000e+01    2.04830091e+00    2.04830091e+00
 4.37431946e+02   1.13925346e+01    1.13900000e+01    2.04827050e+00    2.04827050e+00
 4.37791033e+02   1.13886846e+01    1.13850000e+01    2.04823989e+00    2.04823989e+00
 4.38150120e+02   1.13884415e+01    1.13850000e+01    2.04820918e+00    2.04820917e+00
 4.38509207e+02   1.13880903e+01    1.13850000e+01    2.04817826e+00    2.04817826e+00
 4.38868295e+02   1.13877262e+01    1.13850000e+01    2.04814729e+00    2.04814729e+00
 4.39227382e+02   1.13838910e+01    1.13800000e+01    2.04811617e+00    2.04811617e+00
 4.39586469e+02   1.13836043e+01    1.13800000e+01    2.04808486e+00    2.04808486e+00
 4.39945556e+02   1.13833653e+01    1.13800000e+01    2.04805345e+00    2.04805345e+00
 4.40304644e+02   1.13829623e+01    1.13800000e+01    2.04802184e+00    2.04802184e+00
 4.40663731e+02   1.13825997e+01    1.13800000e+01    2.04799017e+00    2.04799017e+00
 4.41022818e+02   1.13788160e+01    1.13750000e+01    2.04795836e+00    2.04795836e+00
 4.41381906e+02   1.13785277e+01    1.13750000e+01    2.04792636e+00    2.04792636e+00
 4.41740993e+02   1.13782937e+01    1.13750000e+01    2.04789426e+00    2.04789426e+00
 4.42100080e+02   1.13778431e+01    1.13750000e+01    2.04786196e+00    2.04786196e+00
 4.42459167e+02   1.13774780e+01    1.13750000e+01    2.04782961e+00    2.04782961e+00
 4.42818255e+02   1.13737443e+01    1.13700000e+01    2.04779712e+00    2.04779712e+00
 4.43177342e+02   1.13734546e+01    1.13700000e+01    2.04776444e+00    2.04776444e+00
 4.43536429e+02   1.13732263e+01    1.13700000e+01    2.04773166e+00    2.04773166e+00
 4.43895516e+02   1.13727325e+01    1.13700000e+01    2.04769869e+00    2.04769869e+00
 4.44254604e+02   1.13688602e+01    1.13650000e+01    2.04766566e+00    2.04766566e+00
 4.44613691e+02   1.13686773e+01    1.13650000e+01    2.04763251e+00    2.04763251e+00
 4.44972778e+02   1.13683845e+01    1.13650000e+01    2.04759916e+00    2.04759916e+00
 4.45331865e+02   1.13681386e+01    1.13650000e+01    2.04756572e+00    2.04756572e+00
 4.45690953e+02   1.13676312e+01    1.13650000e+01    2.04753209e+00    2.04753209e+00
 4.46050040e+02   1.13637926e+01    1.13600000e+01    2.04749839e+00    2.04749838e+00
 4.46409127e+02   1.13636145e+01    1.13600000e+01    2.04746457e+00    2.04746457e+00
 4.46768215e+02   1.13633176e+01    1.13600000e+01    2.04743056e+00    2.04743056e+00
 4.47127302e+02   1.13630434e+01    1.13600000e+01    2.04739647e+00    2.04739647e+00
 4.47486389e+02   1.13625385e+01    1.13600000e+01    2.04736219e+00    2.04736219e+00
 4.47845476e+02   1.13587258e+01    1.13550000e+01    2.04732783e+00    2.04732783e+00
 4.48204564e+02   1.13585569e+01    1.13550000e+01    2.04729337e+00    2.04729337e+00
 4.48563651e+02   1.13582607e+01    1.13550000e+01    2.04725871e+00    2.04725871e+00
 4.48922738e+02   1.13579537e+01    1.13550000e+01    2.04722398e+00    2.04722398e+00
 4.49281825e+02   1.13539082e+01    1.13500000e+01    2.04718906e+00    2.04718905e+00
 4.49640913e+02   1.13536627e+01    1.13500000e+01    2.04715404e+00    2.04715404e+00
 4.50000000e+02   1.13535036e+01    1.13500000e+01    2.04711896e+00    2.04711895e+00
