Stellar Sequence
Central Pressure Range = 4.0 to 1500.0 MeVfm^3
Number of Stars = 1250
h = 5 meters
r0 = 10.0 meters
      P_MeV/fm3          R_km using LE     R_km not using LE M_M_solar using LE M_M_solar not using LE
 4.00000000e+00   1.49175712e+01    1.48850000e+01    2.95038899e-01    2.95038898e-01
 5.19775821e+00   1.41864773e+01    1.41600000e+01    3.48734435e-01    3.48734434e-01
 6.39551641e+00   1.37680180e+01    1.37450000e+01    3.97595090e-01    3.97595090e-01
 7.59327462e+00   1.35006439e+01    1.34800000e+01    4.42619374e-01    4.42619373e-01
 8.79103283e+00   1.33182309e+01    1.33000000e+01    4.84483945e-01    4.84483944e-01
 9.98879103e+00   1.31827390e+01    1.31650000e+01    5.23662898e-01    5.23662898e-01
 1.11865492e+01   1.30853997e+01    1.30700000e+01    5.60523489e-01    5.60523489e-01
 1.23843074e+01   1.30053126e+01    1.29900000e+01    5.95344491e-01    5.95344491e-01
 1.35820657e+01   1.29440160e+01    1.29300000e+01    6.28350251e-01    6.28350250e-01
 1.47798239e+01   1.28933829e+01    1.28800000e+01    6.59731222e-01    6.59731221e-01
 1.59775821e+01   1.28487117e+01    1.28350000e+01    6.89644542e-01    6.89644542e-01
 1.71753403e+01   1.28132346e+01    1.28000000e+01    7.18220246e-01    7.18220245e-01
 1.83730985e+01   1.27825315e+01    1.27700000e+01    7.45571825e-01    7.45571825e-01
 1.95708567e+01   1.27566796e+01    1.27450000e+01    7.71799359e-01    7.71799358e-01
 2.07686149e+01   1.27318347e+01    1.27200000e+01    7.96989771e-01    7.96989771e-01
 2.19663731e+01   1.27111966e+01    1.27000000e+01    8.21217950e-01    8.21217950e-01
 2.31641313e+01   1.26912223e+01    1.26800000e+01    8.44548966e-01    8.44548966e-01
 2.43618895e+01   1.26755152e+01    1.26650000e+01    8.67041775e-01    8.67041774e-01
 2.55596477e+01   1.26598069e+01    1.26500000e+01    8.88750148e-01    8.88750148e-01
 2.67574059e+01   1.26446715e+01    1.26350000e+01    9.09723188e-01    9.09723188e-01
 2.79551641e+01   1.26298687e+01    1.26200000e+01    9.30005245e-01    9.30005245e-01
 2.91529223e+01   1.26150193e+01    1.26050000e+01    9.49636299e-01    9.49636299e-01
 3.03506805e+01   1.26041840e+01    1.25950000e+01    9.68652476e-01    9.68652476e-01
 3.15484388e+01   1.25936040e+01    1.25850000e+01    9.87086439e-01    9.87086438e-01
 3.27461970e+01   1.25793263e+01    1.25700000e+01    1.00496842e+00    1.00496842e+00
 3.39439552e+01   1.25690063e+01    1.25600000e+01    1.02232669e+00    1.02232669e+00
 3.51417134e+01   1.25589327e+01    1.25500000e+01    1.03918747e+00    1.03918747e+00
 3.63394716e+01   1.25485486e+01    1.25400000e+01    1.05557506e+00    1.05557506e+00
 3.75372298e+01   1.25384122e+01    1.25300000e+01    1.07151214e+00    1.07151214e+00
 3.87349880e+01   1.25285630e+01    1.25200000e+01    1.08701968e+00    1.08701968e+00
 3.99327462e+01   1.25187089e+01    1.25100000e+01    1.10211703e+00    1.10211703e+00
 4.11305044e+01   1.25087777e+01    1.25000000e+01    1.11682214e+00    1.11682214e+00
 4.23282626e+01   1.25024020e+01    1.24950000e+01    1.13115163e+00    1.13115163e+00
 4.35260208e+01   1.24925073e+01    1.24850000e+01    1.14512103e+00    1.14512102e+00
 4.47237790e+01   1.24829150e+01    1.24750000e+01    1.15874502e+00    1.15874502e+00
 4.59215372e+01   1.24732261e+01    1.24650000e+01    1.17203743e+00    1.17203743e+00
 4.71192954e+01   1.24671429e+01    1.24600000e+01    1.18501141e+00    1.18501141e+00
 4.83170536e+01   1.24574571e+01    1.24500000e+01    1.19767937e+00    1.19767937e+00
 4.95148118e+01   1.24480791e+01    1.24400000e+01    1.21005311e+00    1.21005311e+00
 5.07125701e+01   1.24418723e+01    1.24350000e+01    1.22214364e+00    1.22214364e+00
 5.19103283e+01   1.24322784e+01    1.24250000e+01    1.23396153e+00    1.23396153e+00
 5.31080865e+01   1.24265335e+01    1.24200000e+01    1.24551671e+00    1.24551671e+00
 5.43058447e+01   1.24171838e+01    1.24100000e+01    1.25681853e+00    1.25681853e+00
 5.55036029e+01   1.24076393e+01    1.24000000e+01    1.26787582e+00    1.26787582e+00
 5.67013611e+01   1.24017461e+01    1.23950000e+01    1.27869698e+00    1.27869698e+00
 5.78991193e+01   1.23923115e+01    1.23850000e+01    1.28928993e+00    1.28928993e+00
 5.90968775e+01   1.23865125e+01    1.23800000e+01    1.29966217e+00    1.29966217e+00
 6.02946357e+01   1.23771453e+01    1.23700000e+01    1.30982083e+00    1.30982083e+00
 6.14923939e+01   1.23712033e+01    1.23650000e+01    1.31977273e+00    1.31977273e+00
 6.26901521e+01   1.23616708e+01    1.23550000e+01    1.32952445e+00    1.32952445e+00
 6.38879103e+01   1.23559169e+01    1.23500000e+01    1.33908231e+00    1.33908231e+00
 6.50856685e+01   1.23466297e+01    1.23400000e+01    1.34845228e+00    1.34845228e+00
 6.62834267e+01   1.23410848e+01    1.23350000e+01    1.35764015e+00    1.35764015e+00
 6.74811849e+01   1.23314726e+01    1.23250000e+01    1.36665136e+00    1.36665136e+00
 6.86789432e+01   1.23258088e+01    1.23200000e+01    1.37549129e+00    1.37549129e+00
 6.98767014e+01   1.23166481e+01    1.23100000e+01    1.38416499e+00    1.38416499e+00
 7.10744596e+01   1.23107369e+01    1.23050000e+01    1.39267723e+00    1.39267723e+00
 7.22722178e+01   1.23015078e+01    1.22950000e+01    1.40103278e+00    1.40103278e+00
 7.34699760e+01   1.22959650e+01    1.22900000e+01    1.40923602e+00    1.40923602e+00
 7.46677342e+01   1.22865129e+01    1.22800000e+01    1.41729122e+00    1.41729122e+00
 7.58654924e+01   1.22811267e+01    1.22750000e+01    1.42520253e+00    1.42520253e+00
 7.70632506e+01   1.22716054e+01    1.22650000e+01    1.43297379e+00    1.43297379e+00
 7.82610088e+01   1.22661983e+01    1.22600000e+01    1.44060885e+00    1.44060885e+00
 7.94587670e+01   1.22604630e+01    1.22550000e+01    1.44811124e+00    1.44811124e+00
 8.06565252e+01   1.22513857e+01    1.22450000e+01    1.45548449e+00    1.45548449e+00
 8.18542834e+01   1.22455896e+01    1.22400000e+01    1.46273185e+00    1.46273185e+00
 8.30520416e+01   1.22364083e+01    1.22300000e+01    1.46985660e+00    1.46985660e+00
 8.42497998e+01   1.22307711e+01    1.22250000e+01    1.47686180e+00    1.47686179e+00
 8.54475580e+01   1.22251770e+01    1.22200000e+01    1.48375045e+00    1.48375045e+00
 8.66453163e+01   1.22161501e+01    1.22100000e+01    1.49052551e+00    1.49052551e+00
 8.78430745e+01   1.22105508e+01    1.22050000e+01    1.49718970e+00    1.49718970e+00
 8.90408327e+01   1.22050481e+01    1.22000000e+01    1.50374578e+00    1.50374578e+00
 9.02385909e+01   1.21957703e+01    1.21900000e+01    1.51019635e+00    1.51019635e+00
 9.14363491e+01   1.21901750e+01    1.21850000e+01    1.51654396e+00    1.51654396e+00
 9.26341073e+01   1.21811895e+01    1.21750000e+01    1.52279109e+00    1.52279109e+00
 9.38318655e+01   1.21755520e+01    1.21700000e+01    1.52894007e+00    1.52894006e+00
 9.50296237e+01   1.21700219e+01    1.21650000e+01    1.53499321e+00    1.53499321e+00
 9.62273819e+01   1.21609914e+01    1.21550000e+01    1.54095277e+00    1.54095277e+00
 9.74251401e+01   1.21555022e+01    1.21500000e+01    1.54682087e+00    1.54682087e+00
 9.86228983e+01   1.21501034e+01    1.21450000e+01    1.55259960e+00    1.55259960e+00
 9.98206565e+01   1.21408347e+01    1.21350000e+01    1.55829096e+00    1.55829096e+00
 1.01018415e+02   1.21355097e+01    1.21300000e+01    1.56389695e+00    1.56389695e+00
 1.02216173e+02   1.21299622e+01    1.21250000e+01    1.56941941e+00    1.56941941e+00
 1.03413931e+02   1.21207310e+01    1.21150000e+01    1.57486019e+00    1.57486019e+00
 1.04611689e+02   1.21154760e+01    1.21100000e+01    1.58022111e+00    1.58022111e+00
 1.05809448e+02   1.21101101e+01    1.21050000e+01    1.58550383e+00    1.58550383e+00
 1.07007206e+02   1.21045632e+01    1.21000000e+01    1.59071002e+00    1.59071002e+00
 1.08204964e+02   1.20953575e+01    1.20900000e+01    1.59584130e+00    1.59584130e+00
 1.09402722e+02   1.20901497e+01    1.20850000e+01    1.60089928e+00    1.60089928e+00
 1.10600480e+02   1.20848138e+01    1.20800000e+01    1.60588543e+00    1.60588543e+00
 1.11798239e+02   1.20756273e+01    1.20700000e+01    1.61080120e+00    1.61080120e+00
 1.12995997e+02   1.20702440e+01    1.20650000e+01    1.61564806e+00    1.61564806e+00
 1.14193755e+02   1.20648406e+01    1.20600000e+01    1.62042738e+00    1.62042738e+00
 1.15391513e+02   1.20595989e+01    1.20550000e+01    1.62514052e+00    1.62514052e+00
 1.16589271e+02   1.20504839e+01    1.20450000e+01    1.62978877e+00    1.62978877e+00
 1.17787030e+02   1.20452563e+01    1.20400000e+01    1.63437344e+00    1.63437344e+00
 1.18984788e+02   1.20396104e+01    1.20350000e+01    1.63889573e+00    1.63889573e+00
 1.20182546e+02   1.20344906e+01    1.20300000e+01    1.64335694e+00    1.64335694e+00
 1.21380304e+02   1.20254891e+01    1.20200000e+01    1.64775818e+00    1.64775818e+00
 1.22578062e+02   1.20200466e+01    1.20150000e+01    1.65210062e+00    1.65210062e+00
 1.23775821e+02   1.20148001e+01    1.20100000e+01    1.65638541e+00    1.65638541e+00
 1.24973579e+02   1.20092799e+01    1.20050000e+01    1.66061360e+00    1.66061360e+00
 1.26171337e+02   1.20042044e+01    1.20000000e+01    1.66478633e+00    1.66478633e+00
 1.27369095e+02   1.19952003e+01    1.19900000e+01    1.66890457e+00    1.66890457e+00
 1.28566853e+02   1.19898564e+01    1.19850000e+01    1.67296936e+00    1.67296936e+00
 1.29764612e+02   1.19847313e+01    1.19800000e+01    1.67698171e+00    1.67698171e+00
 1.30962370e+02   1.19791800e+01    1.19750000e+01    1.68094253e+00    1.68094253e+00
 1.32160128e+02   1.19702795e+01    1.19650000e+01    1.68485283e+00    1.68485283e+00
 1.33357886e+02   1.19651588e+01    1.19600000e+01    1.68871350e+00    1.68871350e+00
 1.34555645e+02   1.19598824e+01    1.19550000e+01    1.69252542e+00    1.69252542e+00
 1.35753403e+02   1.19544912e+01    1.19500000e+01    1.69628946e+00    1.69628946e+00
 1.36951161e+02   1.19492412e+01    1.19450000e+01    1.70000650e+00    1.70000650e+00
 1.38148919e+02   1.19401357e+01    1.19350000e+01    1.70367733e+00    1.70367733e+00
 1.39346677e+02   1.19351833e+01    1.19300000e+01    1.70730284e+00    1.70730284e+00
 1.40544436e+02   1.19299013e+01    1.19250000e+01    1.71088373e+00    1.71088373e+00
 1.41742194e+02   1.19246385e+01    1.19200000e+01    1.71442081e+00    1.71442081e+00
 1.42939952e+02   1.19195690e+01    1.19150000e+01    1.71791486e+00    1.71791486e+00
 1.44137710e+02   1.19141735e+01    1.19100000e+01    1.72136655e+00    1.72136655e+00
 1.45335468e+02   1.19051466e+01    1.19000000e+01    1.72477664e+00    1.72477664e+00
 1.46533227e+02   1.19038876e+01    1.19000000e+01    1.72814586e+00    1.72814586e+00
 1.47730985e+02   1.18950007e+01    1.18900000e+01    1.73147484e+00    1.73147484e+00
 1.48928743e+02   1.18896538e+01    1.18850000e+01    1.73476426e+00    1.73476426e+00
 1.50126501e+02   1.18845426e+01    1.18800000e+01    1.73801479e+00    1.73801479e+00
 1.51324259e+02   1.18791568e+01    1.18750000e+01    1.74122705e+00    1.74122704e+00
 1.52522018e+02   1.18741687e+01    1.18700000e+01    1.74440169e+00    1.74440169e+00
 1.53719776e+02   1.18689763e+01    1.18650000e+01    1.74753928e+00    1.74753928e+00
 1.54917534e+02   1.18638720e+01    1.18600000e+01    1.75064045e+00    1.75064045e+00
 1.56115292e+02   1.18548945e+01    1.18500000e+01    1.75370574e+00    1.75370574e+00
 1.57313050e+02   1.18497260e+01    1.18450000e+01    1.75673575e+00    1.75673575e+00
 1.58510809e+02   1.18444247e+01    1.18400000e+01    1.75973101e+00    1.75973101e+00
 1.59708567e+02   1.18396144e+01    1.18350000e+01    1.76269212e+00    1.76269212e+00
 1.60906325e+02   1.18343729e+01    1.18300000e+01    1.76561954e+00    1.76561954e+00
 1.62104083e+02   1.18292600e+01    1.18250000e+01    1.76851385e+00    1.76851385e+00
 1.63301841e+02   1.18242518e+01    1.18200000e+01    1.77137554e+00    1.77137554e+00
 1.64499600e+02   1.18190362e+01    1.18150000e+01    1.77420509e+00    1.77420509e+00
 1.65697358e+02   1.18137333e+01    1.18100000e+01    1.77700301e+00    1.77700301e+00
 1.66895116e+02   1.18088228e+01    1.18050000e+01    1.77976982e+00    1.77976982e+00
 1.68092874e+02   1.18037894e+01    1.18000000e+01    1.78250594e+00    1.78250594e+00
 1.69290633e+02   1.17947831e+01    1.17900000e+01    1.78521184e+00    1.78521184e+00
 1.70488391e+02   1.17897338e+01    1.17850000e+01    1.78788800e+00    1.78788800e+00
 1.71686149e+02   1.17844019e+01    1.17800000e+01    1.79053482e+00    1.79053482e+00
 1.72883907e+02   1.17796608e+01    1.17750000e+01    1.79315282e+00    1.79315282e+00
 1.74081665e+02   1.17744522e+01    1.17700000e+01    1.79574234e+00    1.79574234e+00
 1.75279424e+02   1.17694147e+01    1.17650000e+01    1.79830384e+00    1.79830384e+00
 1.76477182e+02   1.17643808e+01    1.17600000e+01    1.80083773e+00    1.80083773e+00
 1.77674940e+02   1.17591886e+01    1.17550000e+01    1.80334439e+00    1.80334439e+00
 1.78872698e+02   1.17541415e+01    1.17500000e+01    1.80582424e+00    1.80582424e+00
 1.80070456e+02   1.17491199e+01    1.17450000e+01    1.80827767e+00    1.80827767e+00
 1.81268215e+02   1.17441342e+01    1.17400000e+01    1.81070505e+00    1.81070505e+00
 1.82465973e+02   1.17391950e+01    1.17350000e+01    1.81310676e+00    1.81310676e+00
 1.83663731e+02   1.17339365e+01    1.17300000e+01    1.81548313e+00    1.81548313e+00
 1.84861489e+02   1.17287882e+01    1.17250000e+01    1.81783456e+00    1.81783456e+00
 1.86059247e+02   1.17239504e+01    1.17200000e+01    1.82016142e+00    1.82016142e+00
 1.87257006e+02   1.17189738e+01    1.17150000e+01    1.82246402e+00    1.82246402e+00
 1.88454764e+02   1.17138783e+01    1.17100000e+01    1.82474269e+00    1.82474269e+00
 1.89652522e+02   1.17087963e+01    1.17050000e+01    1.82699778e+00    1.82699778e+00
 1.90850280e+02   1.17036371e+01    1.17000000e+01    1.82922961e+00    1.82922961e+00
 1.92048038e+02   1.16988545e+01    1.16950000e+01    1.83143853e+00    1.83143853e+00
 1.93245797e+02   1.16938906e+01    1.16900000e+01    1.83362483e+00    1.83362483e+00
 1.94443555e+02   1.16888995e+01    1.16850000e+01    1.83578881e+00    1.83578881e+00
 1.95641313e+02   1.16837521e+01    1.16800000e+01    1.83793077e+00    1.83793077e+00
 1.96839071e+02   1.16786756e+01    1.16750000e+01    1.84005102e+00    1.84005102e+00
 1.98036829e+02   1.16738235e+01    1.16700000e+01    1.84214988e+00    1.84214988e+00
 1.99234588e+02   1.16689044e+01    1.16650000e+01    1.84422760e+00    1.84422760e+00
 2.00432346e+02   1.16639453e+01    1.16600000e+01    1.84628447e+00    1.84628447e+00
 2.01630104e+02   1.16588318e+01    1.16550000e+01    1.84832075e+00    1.84832075e+00
 2.02827862e+02   1.16539586e+01    1.16500000e+01    1.85033675e+00    1.85033675e+00
 2.04025620e+02   1.16489390e+01    1.16450000e+01    1.85233270e+00    1.85233270e+00
 2.05223379e+02   1.16439726e+01    1.16400000e+01    1.85430888e+00    1.85430888e+00
 2.06421137e+02   1.16389043e+01    1.16350000e+01    1.85626554e+00    1.85626554e+00
 2.07618895e+02   1.16337942e+01    1.16300000e+01    1.85820293e+00    1.85820293e+00
 2.08816653e+02   1.16291638e+01    1.16250000e+01    1.86012134e+00    1.86012134e+00
 2.10014412e+02   1.16242547e+01    1.16200000e+01    1.86202096e+00    1.86202096e+00
 2.11212170e+02   1.16192718e+01    1.16150000e+01    1.86390204e+00    1.86390204e+00
 2.12409928e+02   1.16142209e+01    1.16100000e+01    1.86576481e+00    1.86576481e+00
 2.13607686e+02   1.16093341e+01    1.16050000e+01    1.86760953e+00    1.86760953e+00
 2.14805444e+02   1.16044120e+01    1.16000000e+01    1.86943641e+00    1.86943641e+00
 2.16003203e+02   1.15994432e+01    1.15950000e+01    1.87124566e+00    1.87124566e+00
 2.17200961e+02   1.15944288e+01    1.15900000e+01    1.87303752e+00    1.87303752e+00
 2.18398719e+02   1.15893787e+01    1.15850000e+01    1.87481218e+00    1.87481218e+00
 2.19596477e+02   1.15884808e+01    1.15850000e+01    1.87656991e+00    1.87656991e+00
 2.20794235e+02   1.15836266e+01    1.15800000e+01    1.87831086e+00    1.87831086e+00
 2.21991994e+02   1.15785330e+01    1.15750000e+01    1.88003524e+00    1.88003524e+00
 2.23189752e+02   1.15734743e+01    1.15700000e+01    1.88174327e+00    1.88174327e+00
 2.24387510e+02   1.15688936e+01    1.15650000e+01    1.88343518e+00    1.88343518e+00
 2.25585268e+02   1.15639910e+01    1.15600000e+01    1.88511111e+00    1.88511111e+00
 2.26783026e+02   1.15590476e+01    1.15550000e+01    1.88677128e+00    1.88677127e+00
 2.27980785e+02   1.15539420e+01    1.15500000e+01    1.88841585e+00    1.88841585e+00
 2.29178543e+02   1.15493360e+01    1.15450000e+01    1.89004507e+00    1.89004507e+00
 2.30376301e+02   1.15482367e+01    1.15450000e+01    1.89165907e+00    1.89165907e+00
 2.31574059e+02   1.15433693e+01    1.15400000e+01    1.89325805e+00    1.89325805e+00
 2.32771817e+02   1.15382149e+01    1.15350000e+01    1.89484217e+00    1.89484217e+00
 2.33969576e+02   1.15335809e+01    1.15300000e+01    1.89641165e+00    1.89641165e+00
 2.35167334e+02   1.15286980e+01    1.15250000e+01    1.89796663e+00    1.89796663e+00
 2.36365092e+02   1.15237534e+01    1.15200000e+01    1.89950727e+00    1.89950727e+00
 2.37562850e+02   1.15186407e+01    1.15150000e+01    1.90103375e+00    1.90103375e+00
 2.38760608e+02   1.15141356e+01    1.15100000e+01    1.90254627e+00    1.90254627e+00
 2.39958367e+02   1.15092322e+01    1.15050000e+01    1.90404494e+00    1.90404494e+00
 2.41156125e+02   1.15041755e+01    1.15000000e+01    1.90552994e+00    1.90552994e+00
 2.42353883e+02   1.14991853e+01    1.14950000e+01    1.90700142e+00    1.90700142e+00
 2.43551641e+02   1.14983871e+01    1.14950000e+01    1.90845959e+00    1.90845958e+00
 2.44749400e+02   1.14936272e+01    1.14900000e+01    1.90990453e+00    1.90990453e+00
 2.45947158e+02   1.14885493e+01    1.14850000e+01    1.91133641e+00    1.91133641e+00
 2.47144916e+02   1.14837656e+01    1.14800000e+01    1.91275540e+00    1.91275540e+00
 2.48342674e+02   1.14791258e+01    1.14750000e+01    1.91416166e+00    1.91416165e+00
 2.49540432e+02   1.14740969e+01    1.14700000e+01    1.91555527e+00    1.91555527e+00
 2.50738191e+02   1.14731288e+01    1.14700000e+01    1.91693643e+00    1.91693643e+00
 2.51935949e+02   1.14684857e+01    1.14650000e+01    1.91830528e+00    1.91830528e+00
 2.53133707e+02   1.14635965e+01    1.14600000e+01    1.91966192e+00    1.91966192e+00
 2.54331465e+02   1.14585783e+01    1.14550000e+01    1.92100649e+00    1.92100649e+00
 2.55529223e+02   1.14535968e+01    1.14500000e+01    1.92233915e+00    1.92233915e+00
 2.56726982e+02   1.14490162e+01    1.14450000e+01    1.92366005e+00    1.92366005e+00
 2.57924740e+02   1.14480875e+01    1.14450000e+01    1.92496928e+00    1.92496928e+00
 2.59122498e+02   1.14432111e+01    1.14400000e+01    1.92626698e+00    1.92626698e+00
 2.60320256e+02   1.14386077e+01    1.14350000e+01    1.92755328e+00    1.92755328e+00
 2.61518014e+02   1.14337493e+01    1.14300000e+01    1.92882830e+00    1.92882830e+00
 2.62715773e+02   1.14287216e+01    1.14250000e+01    1.93009215e+00    1.93009215e+00
 2.63913531e+02   1.14237641e+01    1.14200000e+01    1.93134497e+00    1.93134497e+00
 2.65111289e+02   1.14230229e+01    1.14200000e+01    1.93258691e+00    1.93258691e+00
 2.66309047e+02   1.14181987e+01    1.14150000e+01    1.93381803e+00    1.93381803e+00
 2.67506805e+02   1.14134369e+01    1.14100000e+01    1.93503848e+00    1.93503848e+00
 2.68704564e+02   1.14088130e+01    1.14050000e+01    1.93624837e+00    1.93624837e+00
 2.69902322e+02   1.14039266e+01    1.14000000e+01    1.93744779e+00    1.93744779e+00
 2.71100080e+02   1.13989224e+01    1.13950000e+01    1.93863686e+00    1.93863686e+00
 2.72297838e+02   1.13981460e+01    1.13950000e+01    1.93981572e+00    1.93981572e+00
 2.73495596e+02   1.13935498e+01    1.13900000e+01    1.94098447e+00    1.94098447e+00
 2.74693355e+02   1.13885447e+01    1.13850000e+01    1.94214317e+00    1.94214317e+00
 2.75891113e+02   1.13835574e+01    1.13800000e+01    1.94329196e+00    1.94329196e+00
 2.77088871e+02   1.13829031e+01    1.13800000e+01    1.94443098e+00    1.94443097e+00
 2.78286629e+02   1.13779680e+01    1.13750000e+01    1.94556026e+00    1.94556026e+00
 2.79484388e+02   1.13731086e+01    1.13700000e+01    1.94667994e+00    1.94667994e+00
 2.80682146e+02   1.13685660e+01    1.13650000e+01    1.94779013e+00    1.94779013e+00
 2.81879904e+02   1.13638842e+01    1.13600000e+01    1.94889091e+00    1.94889091e+00
 2.83077662e+02   1.13590090e+01    1.13550000e+01    1.94998237e+00    1.94998237e+00
 2.84275420e+02   1.13582393e+01    1.13550000e+01    1.95106463e+00    1.95106463e+00
 2.85473179e+02   1.13533967e+01    1.13500000e+01    1.95213775e+00    1.95213775e+00
 2.86670937e+02   1.13485107e+01    1.13450000e+01    1.95320185e+00    1.95320185e+00
 2.87868695e+02   1.13478705e+01    1.13450000e+01    1.95425703e+00    1.95425703e+00
 2.89066453e+02   1.13429925e+01    1.13400000e+01    1.95530334e+00    1.95530334e+00
 2.90264211e+02   1.13380372e+01    1.13350000e+01    1.95634089e+00    1.95634089e+00
 2.91461970e+02   1.13336948e+01    1.13300000e+01    1.95736981e+00    1.95736981e+00
 2.92659728e+02   1.13288231e+01    1.13250000e+01    1.95839012e+00    1.95839012e+00
 2.93857486e+02   1.13238355e+01    1.13200000e+01    1.95940192e+00    1.95940192e+00
 2.95055244e+02   1.13232823e+01    1.13200000e+01    1.96040535e+00    1.96040535e+00
 2.96253002e+02   1.13184671e+01    1.13150000e+01    1.96140042e+00    1.96140042e+00
 2.97450761e+02   1.13134662e+01    1.13100000e+01    1.96238723e+00    1.96238723e+00
 2.98648519e+02   1.13129473e+01    1.13100000e+01    1.96336592e+00    1.96336592e+00
 2.99846277e+02   1.13081050e+01    1.13050000e+01    1.96433650e+00    1.96433650e+00
 3.01044035e+02   1.13031266e+01    1.13000000e+01    1.96529906e+00    1.96529906e+00
 3.02241793e+02   1.12987959e+01    1.12950000e+01    1.96625373e+00    1.96625373e+00
 3.03439552e+02   1.12939250e+01    1.12900000e+01    1.96720052e+00    1.96720052e+00
 3.04637310e+02   1.12928557e+01    1.12900000e+01    1.96813953e+00    1.96813953e+00
 3.05835068e+02   1.12884328e+01    1.12850000e+01    1.96907087e+00    1.96907087e+00
 3.07032826e+02   1.12836071e+01    1.12800000e+01    1.96999456e+00    1.96999456e+00
 3.08230584e+02   1.12788772e+01    1.12750000e+01    1.97091071e+00    1.97091071e+00
 3.09428343e+02   1.12781198e+01    1.12750000e+01    1.97181938e+00    1.97181938e+00
 3.10626101e+02   1.12733707e+01    1.12700000e+01    1.97272064e+00    1.97272064e+00
 3.11823859e+02   1.12685058e+01    1.12650000e+01    1.97361456e+00    1.97361455e+00
 3.13021617e+02   1.12638809e+01    1.12600000e+01    1.97450122e+00    1.97450122e+00
 3.14219376e+02   1.12629469e+01    1.12600000e+01    1.97538068e+00    1.97538068e+00
 3.15417134e+02   1.12580760e+01    1.12550000e+01    1.97625300e+00    1.97625300e+00
 3.16614892e+02   1.12537940e+01    1.12500000e+01    1.97711829e+00    1.97711829e+00
 3.17812650e+02   1.12527880e+01    1.12500000e+01    1.97797656e+00    1.97797656e+00
 3.19010408e+02   1.12480673e+01    1.12450000e+01    1.97882790e+00    1.97882790e+00
 3.20208167e+02   1.12436264e+01    1.12400000e+01    1.97967240e+00    1.97967240e+00
 3.21405925e+02   1.12386051e+01    1.12350000e+01    1.98051006e+00    1.98051006e+00
 3.22603683e+02   1.12381491e+01    1.12350000e+01    1.98134103e+00    1.98134103e+00
 3.23801441e+02   1.12332961e+01    1.12300000e+01    1.98216529e+00    1.98216529e+00
 3.24999199e+02   1.12285735e+01    1.12250000e+01    1.98298294e+00    1.98298294e+00
 3.26196958e+02   1.12277470e+01    1.12250000e+01    1.98379405e+00    1.98379405e+00
 3.27394716e+02   1.12230564e+01    1.12200000e+01    1.98459867e+00    1.98459867e+00
 3.28592474e+02   1.12181603e+01    1.12150000e+01    1.98539684e+00    1.98539684e+00
 3.29790232e+02   1.12177184e+01    1.12150000e+01    1.98618868e+00    1.98618868e+00
 3.30987990e+02   1.12127529e+01    1.12100000e+01    1.98697417e+00    1.98697417e+00
 3.32185749e+02   1.12084483e+01    1.12050000e+01    1.98775344e+00    1.98775344e+00
 3.33383507e+02   1.12036877e+01    1.12000000e+01    1.98852649e+00    1.98852648e+00
 3.34581265e+02   1.12027998e+01    1.12000000e+01    1.98929339e+00    1.98929339e+00
 3.35779023e+02   1.11981438e+01    1.11950000e+01    1.99005422e+00    1.99005421e+00
 3.36976781e+02   1.11934071e+01    1.11900000e+01    1.99080900e+00    1.99080900e+00
 3.38174540e+02   1.11886266e+01    1.11850000e+01    1.99155781e+00    1.99155781e+00
 3.39372298e+02   1.11881521e+01    1.11850000e+01    1.99230073e+00    1.99230073e+00
 3.40570056e+02   1.11832128e+01    1.11800000e+01    1.99303774e+00    1.99303774e+00
 3.41767814e+02   1.11826728e+01    1.11800000e+01    1.99376897e+00    1.99376897e+00
 3.42965572e+02   1.11779567e+01    1.11750000e+01    1.99449441e+00    1.99449441e+00
 3.44163331e+02   1.11730375e+01    1.11700000e+01    1.99521413e+00    1.99521413e+00
 3.45361089e+02   1.11686897e+01    1.11650000e+01    1.99592822e+00    1.99592822e+00
 3.46558847e+02   1.11677101e+01    1.11650000e+01    1.99663667e+00    1.99663667e+00
 3.47756605e+02   1.11634686e+01    1.11600000e+01    1.99733959e+00    1.99733959e+00
 3.48954363e+02   1.11586273e+01    1.11550000e+01    1.99803697e+00    1.99803697e+00
 3.50152122e+02   1.11577230e+01    1.11550000e+01    1.99872888e+00    1.99872888e+00
 3.51349880e+02   1.11532482e+01    1.11500000e+01    1.99941540e+00    1.99941540e+00
 3.52547638e+02   1.11484760e+01    1.11450000e+01    2.00009653e+00    2.00009653e+00
 3.53745396e+02   1.11479095e+01    1.11450000e+01    2.00077236e+00    2.00077236e+00
 3.54943155e+02   1.11432572e+01    1.11400000e+01    2.00144290e+00    2.00144290e+00
 3.56140913e+02   1.11384512e+01    1.11350000e+01    2.00210821e+00    2.00210820e+00
 3.57338671e+02   1.11378093e+01    1.11350000e+01    2.00276835e+00    2.00276835e+00
 3.58536429e+02   1.11330335e+01    1.11300000e+01    2.00342333e+00    2.00342333e+00
 3.59734187e+02   1.11326227e+01    1.11300000e+01    2.00407325e+00    2.00407325e+00
 3.60931946e+02   1.11278080e+01    1.11250000e+01    2.00471809e+00    2.00471809e+00
 3.62129704e+02   1.11228971e+01    1.11200000e+01    2.00535791e+00    2.00535791e+00
 3.63327462e+02   1.11185441e+01    1.11150000e+01    2.00599281e+00    2.00599281e+00
 3.64525220e+02   1.11176055e+01    1.11150000e+01    2.00662276e+00    2.00662275e+00
 3.65722978e+02   1.11132906e+01    1.11100000e+01    2.00724785e+00    2.00724785e+00
 3.66920737e+02   1.11086153e+01    1.11050000e+01    2.00786809e+00    2.00786809e+00
 3.68118495e+02   1.11075991e+01    1.11050000e+01    2.00848352e+00    2.00848352e+00
 3.69316253e+02   1.11032730e+01    1.11000000e+01    2.00909423e+00    2.00909423e+00
 3.70514011e+02   1.10984617e+01    1.10950000e+01    2.00970019e+00    2.00970019e+00
 3.71711769e+02   1.10978885e+01    1.10950000e+01    2.01030150e+00    2.01030150e+00
 3.72909528e+02   1.10933267e+01    1.10900000e+01    2.01089817e+00    2.01089817e+00
 3.74107286e+02   1.10926082e+01    1.10900000e+01    2.01149024e+00    2.01149024e+00
 3.75305044e+02   1.10880404e+01    1.10850000e+01    2.01207775e+00    2.01207775e+00
 3.76502802e+02   1.10830927e+01    1.10800000e+01    2.01266072e+00    2.01266072e+00
 3.77700560e+02   1.10826227e+01    1.10800000e+01    2.01323924e+00    2.01323924e+00
 3.78898319e+02   1.10778678e+01    1.10750000e+01    2.01381330e+00    2.01381330e+00
 3.80096077e+02   1.10734499e+01    1.10700000e+01    2.01438296e+00    2.01438296e+00
 3.81293835e+02   1.10725719e+01    1.10700000e+01    2.01494824e+00    2.01494824e+00
 3.82491593e+02   1.10681651e+01    1.10650000e+01    2.01550919e+00    2.01550919e+00
 3.83689351e+02   1.10635770e+01    1.10600000e+01    2.01606584e+00    2.01606584e+00
 3.84887110e+02   1.10625504e+01    1.10600000e+01    2.01661821e+00    2.01661821e+00
 3.86084868e+02   1.10582330e+01    1.10550000e+01    2.01716638e+00    2.01716638e+00
 3.87282626e+02   1.10534552e+01    1.10500000e+01    2.01771033e+00    2.01771033e+00
 3.88480384e+02   1.10529812e+01    1.10500000e+01    2.01825014e+00    2.01825014e+00
 3.89678143e+02   1.10484697e+01    1.10450000e+01    2.01878582e+00    2.01878582e+00
 3.90875901e+02   1.10479127e+01    1.10450000e+01    2.01931740e+00    2.01931740e+00
 3.92073659e+02   1.10431236e+01    1.10400000e+01    2.01984491e+00    2.01984491e+00
 3.93271417e+02   1.10382854e+01    1.10350000e+01    2.02036839e+00    2.02036839e+00
 3.94469175e+02   1.10378582e+01    1.10350000e+01    2.02088791e+00    2.02088791e+00
 3.95666934e+02   1.10332856e+01    1.10300000e+01    2.02140344e+00    2.02140344e+00
 3.96864692e+02   1.10325312e+01    1.10300000e+01    2.02191505e+00    2.02191505e+00
 3.98062450e+02   1.10278355e+01    1.10250000e+01    2.02242275e+00    2.02242275e+00
 3.99260208e+02   1.10234199e+01    1.10200000e+01    2.02292660e+00    2.02292660e+00
 4.00457966e+02   1.10226256e+01    1.10200000e+01    2.02342660e+00    2.02342660e+00
 4.01655725e+02   1.10183546e+01    1.10150000e+01    2.02392282e+00    2.02392282e+00
 4.02853483e+02   1.10175159e+01    1.10150000e+01    2.02441523e+00    2.02441523e+00
 4.04051241e+02   1.10127562e+01    1.10100000e+01    2.02490390e+00    2.02490390e+00
 4.05248999e+02   1.10083577e+01    1.10050000e+01    2.02538887e+00    2.02538887e+00
 4.06446757e+02   1.10074790e+01    1.10050000e+01    2.02587013e+00    2.02587013e+00
 4.07644516e+02   1.10030856e+01    1.10000000e+01    2.02634776e+00    2.02634776e+00
 4.08842274e+02   1.09983970e+01    1.09950000e+01    2.02682174e+00    2.02682174e+00
 4.10040032e+02   1.09978974e+01    1.09950000e+01    2.02729213e+00    2.02729213e+00
 4.11237790e+02   1.09931713e+01    1.09900000e+01    2.02775894e+00    2.02775894e+00
 4.12435548e+02   1.09927869e+01    1.09900000e+01    2.02822223e+00    2.02822222e+00
 4.13633307e+02   1.09879986e+01    1.09850000e+01    2.02868196e+00    2.02868196e+00
 4.14831065e+02   1.09875470e+01    1.09850000e+01    2.02913824e+00    2.02913824e+00
 4.16028823e+02   1.09830073e+01    1.09800000e+01    2.02959104e+00    2.02959104e+00
 4.17226581e+02   1.09782566e+01    1.09750000e+01    2.03004040e+00    2.03004039e+00
 4.18424339e+02   1.09778065e+01    1.09750000e+01    2.03048636e+00    2.03048636e+00
 4.19622098e+02   1.09728957e+01    1.09700000e+01    2.03092891e+00    2.03092891e+00
 4.20819856e+02   1.09725105e+01    1.09700000e+01    2.03136814e+00    2.03136814e+00
 4.22017614e+02   1.09678173e+01    1.09650000e+01    2.03180402e+00    2.03180402e+00
 4.23215372e+02   1.09633226e+01    1.09600000e+01    2.03223660e+00    2.03223660e+00
 4.24413131e+02   1.09627522e+01    1.09600000e+01    2.03266590e+00    2.03266590e+00
 4.25610889e+02   1.09581633e+01    1.09550000e+01    2.03309194e+00    2.03309194e+00
 4.26808647e+02   1.09574510e+01    1.09550000e+01    2.03351475e+00    2.03351475e+00
 4.28006405e+02   1.09530452e+01    1.09500000e+01    2.03393436e+00    2.03393436e+00
 4.29204163e+02   1.09483147e+01    1.09450000e+01    2.03435078e+00    2.03435078e+00
 4.30401922e+02   1.09479424e+01    1.09450000e+01    2.03476406e+00    2.03476406e+00
 4.31599680e+02   1.09433359e+01    1.09400000e+01    2.03517419e+00    2.03517418e+00
 4.32797438e+02   1.09428927e+01    1.09400000e+01    2.03558122e+00    2.03558122e+00
 4.33995196e+02   1.09380717e+01    1.09350000e+01    2.03598514e+00    2.03598513e+00
 4.35192954e+02   1.09375725e+01    1.09350000e+01    2.03638601e+00    2.03638601e+00
 4.36390713e+02   1.09331471e+01    1.09300000e+01    2.03678385e+00    2.03678385e+00
 4.37588471e+02   1.09324362e+01    1.09300000e+01    2.03717866e+00    2.03717866e+00
 4.38786229e+02   1.09279171e+01    1.09250000e+01    2.03757048e+00    2.03757048e+00
 4.39983987e+02   1.09232372e+01    1.09200000e+01    2.03795932e+00    2.03795932e+00
 4.41181745e+02   1.09228167e+01    1.09200000e+01    2.03834522e+00    2.03834522e+00
 4.42379504e+02   1.09180242e+01    1.09150000e+01    2.03872817e+00    2.03872817e+00
 4.43577262e+02   1.09176485e+01    1.09150000e+01    2.03910825e+00    2.03910825e+00
 4.44775020e+02   1.09128146e+01    1.09100000e+01    2.03948540e+00    2.03948540e+00
 4.45972778e+02   1.09124654e+01    1.09100000e+01    2.03985973e+00    2.03985973e+00
 4.47170536e+02   1.09076366e+01    1.09050000e+01    2.04023118e+00    2.04023118e+00
 4.48368295e+02   1.09033634e+01    1.09000000e+01    2.04059984e+00    2.04059984e+00
 4.49566053e+02   1.09024910e+01    1.09000000e+01    2.04096567e+00    2.04096567e+00
 4.50763811e+02   1.08982089e+01    1.08950000e+01    2.04132875e+00    2.04132875e+00
 4.51961569e+02   1.08973864e+01    1.08950000e+01    2.04168904e+00    2.04168904e+00
 4.53159327e+02   1.08930862e+01    1.08900000e+01    2.04204662e+00    2.04204662e+00
 4.54357086e+02   1.08883517e+01    1.08850000e+01    2.04240145e+00    2.04240145e+00
 4.55554844e+02   1.08879852e+01    1.08850000e+01    2.04275361e+00    2.04275361e+00
 4.56752602e+02   1.08832535e+01    1.08800000e+01    2.04310306e+00    2.04310306e+00
 4.57950360e+02   1.08828792e+01    1.08800000e+01    2.04344988e+00    2.04344987e+00
 4.59148118e+02   1.08781534e+01    1.08750000e+01    2.04379403e+00    2.04379403e+00
 4.60345877e+02   1.08777783e+01    1.08750000e+01    2.04413558e+00    2.04413558e+00
 4.61543635e+02   1.08730534e+01    1.08700000e+01    2.04447450e+00    2.04447450e+00
 4.62741393e+02   1.08726888e+01    1.08700000e+01    2.04481086e+00    2.04481086e+00
 4.63939151e+02   1.08679566e+01    1.08650000e+01    2.04514464e+00    2.04514464e+00
 4.65136910e+02   1.08675984e+01    1.08650000e+01    2.04547589e+00    2.04547589e+00
 4.66334668e+02   1.08628475e+01    1.08600000e+01    2.04580458e+00    2.04580458e+00
 4.67532426e+02   1.08625120e+01    1.08600000e+01    2.04613080e+00    2.04613079e+00
 4.68730184e+02   1.08577459e+01    1.08550000e+01    2.04645448e+00    2.04645448e+00
 4.69927942e+02   1.08574414e+01    1.08550000e+01    2.04677573e+00    2.04677573e+00
 4.71125701e+02   1.08526720e+01    1.08500000e+01    2.04709449e+00    2.04709449e+00
 4.72323459e+02   1.08523891e+01    1.08500000e+01    2.04741084e+00    2.04741083e+00
 4.73521217e+02   1.08476306e+01    1.08450000e+01    2.04772473e+00    2.04772473e+00
 4.74718975e+02   1.08473547e+01    1.08450000e+01    2.04803625e+00    2.04803625e+00
 4.75916733e+02   1.08426341e+01    1.08400000e+01    2.04834535e+00    2.04834535e+00
 4.77114492e+02   1.08423340e+01    1.08400000e+01    2.04865211e+00    2.04865211e+00
 4.78312250e+02   1.08376747e+01    1.08350000e+01    2.04895649e+00    2.04895649e+00
 4.79510008e+02   1.08333253e+01    1.08300000e+01    2.04925855e+00    2.04925855e+00
 4.80707766e+02   1.08327229e+01    1.08300000e+01    2.04955828e+00    2.04955828e+00
 4.81905524e+02   1.08283167e+01    1.08250000e+01    2.04985571e+00    2.04985571e+00
 4.83103283e+02   1.08276506e+01    1.08250000e+01    2.05015083e+00    2.05015083e+00
 4.84301041e+02   1.08232480e+01    1.08200000e+01    2.05044370e+00    2.05044370e+00
 4.85498799e+02   1.08227758e+01    1.08200000e+01    2.05073431e+00    2.05073431e+00
 4.86696557e+02   1.08182102e+01    1.08150000e+01    2.05102267e+00    2.05102267e+00
 4.87894315e+02   1.08176668e+01    1.08150000e+01    2.05130881e+00    2.05130881e+00
 4.89092074e+02   1.08129079e+01    1.08100000e+01    2.05159272e+00    2.05159272e+00
 4.90289832e+02   1.08125591e+01    1.08100000e+01    2.05187446e+00    2.05187446e+00
 4.91487590e+02   1.08078876e+01    1.08050000e+01    2.05215400e+00    2.05215400e+00
 4.92685348e+02   1.08074367e+01    1.08050000e+01    2.05243140e+00    2.05243140e+00
 4.93883106e+02   1.08028775e+01    1.08000000e+01    2.05270663e+00    2.05270663e+00
 4.95080865e+02   1.08023645e+01    1.08000000e+01    2.05297973e+00    2.05297973e+00
 4.96278623e+02   1.07979524e+01    1.07950000e+01    2.05325072e+00    2.05325072e+00
 4.97476381e+02   1.07973250e+01    1.07950000e+01    2.05351959e+00    2.05351959e+00
 4.98674139e+02   1.07926599e+01    1.07900000e+01    2.05378637e+00    2.05378637e+00
 4.99871898e+02   1.07923429e+01    1.07900000e+01    2.05405109e+00    2.05405109e+00
 5.01069656e+02   1.07876374e+01    1.07850000e+01    2.05431372e+00    2.05431372e+00
 5.02267414e+02   1.07874526e+01    1.07850000e+01    2.05457434e+00    2.05457434e+00
 5.03465172e+02   1.07828759e+01    1.07800000e+01    2.05483290e+00    2.05483290e+00
 5.04662930e+02   1.07825133e+01    1.07800000e+01    2.05508945e+00    2.05508945e+00
 5.05860689e+02   1.07779437e+01    1.07750000e+01    2.05534399e+00    2.05534398e+00
 5.07058447e+02   1.07774486e+01    1.07750000e+01    2.05559653e+00    2.05559653e+00
 5.08256205e+02   1.07729488e+01    1.07700000e+01    2.05584709e+00    2.05584709e+00
 5.09453963e+02   1.07682590e+01    1.07650000e+01    2.05609568e+00    2.05609568e+00
 5.10651721e+02   1.07678334e+01    1.07650000e+01    2.05634233e+00    2.05634233e+00
 5.11849480e+02   1.07633094e+01    1.07600000e+01    2.05658703e+00    2.05658703e+00
 5.13047238e+02   1.07627898e+01    1.07600000e+01    2.05682981e+00    2.05682981e+00
 5.14244996e+02   1.07582722e+01    1.07550000e+01    2.05707067e+00    2.05707067e+00
 5.15442754e+02   1.07577909e+01    1.07550000e+01    2.05730964e+00    2.05730964e+00
 5.16640512e+02   1.07530829e+01    1.07500000e+01    2.05754670e+00    2.05754670e+00
 5.17838271e+02   1.07529322e+01    1.07500000e+01    2.05778192e+00    2.05778192e+00
 5.19036029e+02   1.07524506e+01    1.07500000e+01    2.05801526e+00    2.05801526e+00
 5.20233787e+02   1.07480484e+01    1.07450000e+01    2.05824675e+00    2.05824675e+00
 5.21431545e+02   1.07475678e+01    1.07450000e+01    2.05847640e+00    2.05847640e+00
 5.22629303e+02   1.07427702e+01    1.07400000e+01    2.05870420e+00    2.05870420e+00
 5.23827062e+02   1.07424249e+01    1.07400000e+01    2.05893022e+00    2.05893022e+00
 5.25024820e+02   1.07378256e+01    1.07350000e+01    2.05915442e+00    2.05915442e+00
 5.26222578e+02   1.07373623e+01    1.07350000e+01    2.05937684e+00    2.05937684e+00
 5.27420336e+02   1.07327700e+01    1.07300000e+01    2.05959747e+00    2.05959747e+00
 5.28618094e+02   1.07324074e+01    1.07300000e+01    2.05981635e+00    2.05981635e+00
 5.29815853e+02   1.07277748e+01    1.07250000e+01    2.06003346e+00    2.06003346e+00
 5.31013611e+02   1.07275783e+01    1.07250000e+01    2.06024886e+00    2.06024886e+00
 5.32211369e+02   1.07231034e+01    1.07200000e+01    2.06046250e+00    2.06046250e+00
 5.33409127e+02   1.07225276e+01    1.07200000e+01    2.06067442e+00    2.06067442e+00
 5.34606886e+02   1.07181369e+01    1.07150000e+01    2.06088464e+00    2.06088464e+00
 5.35804644e+02   1.07174670e+01    1.07150000e+01    2.06109315e+00    2.06109315e+00
 5.37002402e+02   1.07130288e+01    1.07100000e+01    2.06129998e+00    2.06129998e+00
 5.38200160e+02   1.07124962e+01    1.07100000e+01    2.06150513e+00    2.06150513e+00
 5.39397918e+02   1.07080746e+01    1.07050000e+01    2.06170862e+00    2.06170862e+00
 5.40595677e+02   1.07074835e+01    1.07050000e+01    2.06191045e+00    2.06191045e+00
 5.41793435e+02   1.07072708e+01    1.07050000e+01    2.06211066e+00    2.06211066e+00
 5.42991193e+02   1.07028946e+01    1.07000000e+01    2.06230923e+00    2.06230923e+00
 5.44188951e+02   1.06981282e+01    1.06950000e+01    2.06250615e+00    2.06250615e+00
 5.45386709e+02   1.06977464e+01    1.06950000e+01    2.06270148e+00    2.06270148e+00
 5.46584468e+02   1.06932589e+01    1.06900000e+01    2.06289520e+00    2.06289520e+00
 5.47782226e+02   1.06927137e+01    1.06900000e+01    2.06308734e+00    2.06308733e+00
 5.48979984e+02   1.06880263e+01    1.06850000e+01    2.06327788e+00    2.06327788e+00
 5.50177742e+02   1.06879158e+01    1.06850000e+01    2.06346688e+00    2.06346688e+00
 5.51375500e+02   1.06874048e+01    1.06850000e+01    2.06365430e+00    2.06365430e+00
 5.52573259e+02   1.06829903e+01    1.06800000e+01    2.06384018e+00    2.06384018e+00
 5.53771017e+02   1.06825645e+01    1.06800000e+01    2.06402451e+00    2.06402451e+00
 5.54968775e+02   1.06779005e+01    1.06750000e+01    2.06420730e+00    2.06420730e+00
 5.56166533e+02   1.06774664e+01    1.06750000e+01    2.06438859e+00    2.06438859e+00
 5.57364291e+02   1.06727975e+01    1.06700000e+01    2.06456835e+00    2.06456834e+00
 5.58562050e+02   1.06726290e+01    1.06700000e+01    2.06474663e+00    2.06474663e+00
 5.59759808e+02   1.06722613e+01    1.06700000e+01    2.06492341e+00    2.06492341e+00
 5.60957566e+02   1.06676142e+01    1.06650000e+01    2.06509869e+00    2.06509869e+00
 5.62155324e+02   1.06673280e+01    1.06650000e+01    2.06527252e+00    2.06527252e+00
 5.63353082e+02   1.06626736e+01    1.06600000e+01    2.06544487e+00    2.06544487e+00
 5.64550841e+02   1.06622250e+01    1.06600000e+01    2.06561577e+00    2.06561577e+00
 5.65748599e+02   1.06575576e+01    1.06550000e+01    2.06578521e+00    2.06578521e+00
 5.66946357e+02   1.06574432e+01    1.06550000e+01    2.06595325e+00    2.06595325e+00
 5.68144115e+02   1.06529560e+01    1.06500000e+01    2.06611984e+00    2.06611984e+00
 5.69341873e+02   1.06524635e+01    1.06500000e+01    2.06628501e+00    2.06628501e+00
 5.70539632e+02   1.06480532e+01    1.06450000e+01    2.06644878e+00    2.06644878e+00
 5.71737390e+02   1.06475507e+01    1.06450000e+01    2.06661114e+00    2.06661114e+00
 5.72935148e+02   1.06430178e+01    1.06400000e+01    2.06677211e+00    2.06677211e+00
 5.74132906e+02   1.06423888e+01    1.06400000e+01    2.06693168e+00    2.06693168e+00
 5.75330665e+02   1.06423333e+01    1.06400000e+01    2.06708992e+00    2.06708992e+00
 5.76528423e+02   1.06379758e+01    1.06350000e+01    2.06724677e+00    2.06724677e+00
 5.77726181e+02   1.06372384e+01    1.06350000e+01    2.06740224e+00    2.06740224e+00
 5.78923939e+02   1.06328282e+01    1.06300000e+01    2.06755639e+00    2.06755638e+00
 5.80121697e+02   1.06323069e+01    1.06300000e+01    2.06770918e+00    2.06770918e+00
 5.81319456e+02   1.06279662e+01    1.06250000e+01    2.06786065e+00    2.06786065e+00
 5.82517214e+02   1.06275513e+01    1.06250000e+01    2.06801079e+00    2.06801079e+00
 5.83714972e+02   1.06231229e+01    1.06200000e+01    2.06815961e+00    2.06815961e+00
 5.84912730e+02   1.06226400e+01    1.06200000e+01    2.06830713e+00    2.06830713e+00
 5.86110488e+02   1.06222040e+01    1.06200000e+01    2.06845335e+00    2.06845335e+00
 5.87308247e+02   1.06176261e+01    1.06150000e+01    2.06859826e+00    2.06859826e+00
 5.88506005e+02   1.06131853e+01    1.06100000e+01    2.06874190e+00    2.06874190e+00
 5.89703763e+02   1.06130679e+01    1.06100000e+01    2.06888428e+00    2.06888428e+00
 5.90901521e+02   1.06125816e+01    1.06100000e+01    2.06902538e+00    2.06902538e+00
 5.92099279e+02   1.06079027e+01    1.06050000e+01    2.06916520e+00    2.06916520e+00
 5.93297038e+02   1.06074596e+01    1.06050000e+01    2.06930378e+00    2.06930378e+00
 5.94494796e+02   1.06027641e+01    1.06000000e+01    2.06944110e+00    2.06944110e+00
 5.95692554e+02   1.06027765e+01    1.06000000e+01    2.06957722e+00    2.06957722e+00
 5.96890312e+02   1.06024482e+01    1.06000000e+01    2.06971209e+00    2.06971209e+00
 5.98088070e+02   1.05977190e+01    1.05950000e+01    2.06984572e+00    2.06984572e+00
 5.99285829e+02   1.05973095e+01    1.05950000e+01    2.06997815e+00    2.06997815e+00
 6.00483587e+02   1.05926130e+01    1.05900000e+01    2.07010936e+00    2.07010936e+00
 6.01681345e+02   1.05925940e+01    1.05900000e+01    2.07023940e+00    2.07023940e+00
 6.02879103e+02   1.05922870e+01    1.05900000e+01    2.07036823e+00    2.07036823e+00
 6.04076861e+02   1.05875656e+01    1.05850000e+01    2.07049586e+00    2.07049586e+00
 6.05274620e+02   1.05871747e+01    1.05850000e+01    2.07062232e+00    2.07062232e+00
 6.06472378e+02   1.05825065e+01    1.05800000e+01    2.07074760e+00    2.07074760e+00
 6.07670136e+02   1.05824459e+01    1.05800000e+01    2.07087174e+00    2.07087174e+00
 6.08867894e+02   1.05781662e+01    1.05750000e+01    2.07099471e+00    2.07099471e+00
 6.10065653e+02   1.05774371e+01    1.05750000e+01    2.07111652e+00    2.07111651e+00
 6.11263411e+02   1.05730428e+01    1.05700000e+01    2.07123719e+00    2.07123719e+00
 6.12461169e+02   1.05723360e+01    1.05700000e+01    2.07135671e+00    2.07135671e+00
 6.13658927e+02   1.05723300e+01    1.05700000e+01    2.07147513e+00    2.07147513e+00
 6.14856685e+02   1.05680187e+01    1.05650000e+01    2.07159242e+00    2.07159242e+00
 6.16054444e+02   1.05673028e+01    1.05650000e+01    2.07170857e+00    2.07170857e+00
 6.17252202e+02   1.05628633e+01    1.05600000e+01    2.07182363e+00    2.07182362e+00
 6.18449960e+02   1.05621854e+01    1.05600000e+01    2.07193756e+00    2.07193756e+00
 6.19647718e+02   1.05622435e+01    1.05600000e+01    2.07205044e+00    2.07205044e+00
 6.20845476e+02   1.05578622e+01    1.05550000e+01    2.07216221e+00    2.07216221e+00
 6.22043235e+02   1.05571773e+01    1.05550000e+01    2.07227287e+00    2.07227287e+00
 6.23240993e+02   1.05527005e+01    1.05500000e+01    2.07238247e+00    2.07238247e+00
 6.24438751e+02   1.05522453e+01    1.05500000e+01    2.07249100e+00    2.07249100e+00
 6.25636509e+02   1.05480469e+01    1.05450000e+01    2.07259848e+00    2.07259848e+00
 6.26834267e+02   1.05476040e+01    1.05450000e+01    2.07270489e+00    2.07270489e+00
 6.28032026e+02   1.05471666e+01    1.05450000e+01    2.07281024e+00    2.07281024e+00
 6.29229784e+02   1.05426312e+01    1.05400000e+01    2.07291455e+00    2.07291455e+00
 6.30427542e+02   1.05423726e+01    1.05400000e+01    2.07301783e+00    2.07301783e+00
 6.31625300e+02   1.05378289e+01    1.05350000e+01    2.07312006e+00    2.07312006e+00
 6.32823058e+02   1.05375578e+01    1.05350000e+01    2.07322128e+00    2.07322128e+00
 6.34020817e+02   1.05330263e+01    1.05300000e+01    2.07332146e+00    2.07332146e+00
 6.35218575e+02   1.05327279e+01    1.05300000e+01    2.07342064e+00    2.07342064e+00
 6.36416333e+02   1.05324815e+01    1.05300000e+01    2.07351882e+00    2.07351881e+00
 6.37614091e+02   1.05278051e+01    1.05250000e+01    2.07361596e+00    2.07361596e+00
 6.38811849e+02   1.05273679e+01    1.05250000e+01    2.07371212e+00    2.07371212e+00
 6.40009608e+02   1.05227501e+01    1.05200000e+01    2.07380729e+00    2.07380729e+00
 6.41207366e+02   1.05228431e+01    1.05200000e+01    2.07390150e+00    2.07390150e+00
 6.42405124e+02   1.05222802e+01    1.05200000e+01    2.07399470e+00    2.07399470e+00
 6.43602882e+02   1.05178248e+01    1.05150000e+01    2.07408693e+00    2.07408693e+00
 6.44800641e+02   1.05173464e+01    1.05150000e+01    2.07417819e+00    2.07417819e+00
 6.45998399e+02   1.05131112e+01    1.05100000e+01    2.07426850e+00    2.07426850e+00
 6.47196157e+02   1.05125084e+01    1.05100000e+01    2.07435783e+00    2.07435783e+00
 6.48393915e+02   1.05121786e+01    1.05100000e+01    2.07444623e+00    2.07444623e+00
 6.49591673e+02   1.05074629e+01    1.05050000e+01    2.07453366e+00    2.07453366e+00
 6.50789432e+02   1.05075436e+01    1.05050000e+01    2.07462019e+00    2.07462019e+00
 6.51987190e+02   1.05031226e+01    1.05000000e+01    2.07470576e+00    2.07470575e+00
 6.53184948e+02   1.05024984e+01    1.05000000e+01    2.07479039e+00    2.07479039e+00
 6.54382706e+02   1.04981006e+01    1.04950000e+01    2.07487410e+00    2.07487410e+00
 6.55580464e+02   1.04978264e+01    1.04950000e+01    2.07495691e+00    2.07495691e+00
 6.56778223e+02   1.04973156e+01    1.04950000e+01    2.07503878e+00    2.07503878e+00
 6.57975981e+02   1.04929921e+01    1.04900000e+01    2.07511976e+00    2.07511976e+00
 6.59173739e+02   1.04922669e+01    1.04900000e+01    2.07519982e+00    2.07519982e+00
 6.60371497e+02   1.04923905e+01    1.04900000e+01    2.07527902e+00    2.07527902e+00
 6.61569255e+02   1.04878715e+01    1.04850000e+01    2.07535729e+00    2.07535729e+00
 6.62767014e+02   1.04873773e+01    1.04850000e+01    2.07543468e+00    2.07543468e+00
 6.63964772e+02   1.04829500e+01    1.04800000e+01    2.07551119e+00    2.07551119e+00
 6.65162530e+02   1.04827690e+01    1.04800000e+01    2.07558684e+00    2.07558684e+00
 6.66360288e+02   1.04821820e+01    1.04800000e+01    2.07566159e+00    2.07566159e+00
 6.67558046e+02   1.04777246e+01    1.04750000e+01    2.07573548e+00    2.07573548e+00
 6.68755805e+02   1.04771962e+01    1.04750000e+01    2.07580851e+00    2.07580851e+00
 6.69953563e+02   1.04771223e+01    1.04750000e+01    2.07588070e+00    2.07588070e+00
 6.71151321e+02   1.04728206e+01    1.04700000e+01    2.07595203e+00    2.07595203e+00
 6.72349079e+02   1.04721331e+01    1.04700000e+01    2.07602249e+00    2.07602249e+00
 6.73546837e+02   1.04679678e+01    1.04650000e+01    2.07609213e+00    2.07609213e+00
 6.74744596e+02   1.04676673e+01    1.04650000e+01    2.07616093e+00    2.07616093e+00
 6.75942354e+02   1.04630249e+01    1.04600000e+01    2.07622888e+00    2.07622888e+00
 6.77140112e+02   1.04625426e+01    1.04600000e+01    2.07629601e+00    2.07629601e+00
 6.78337870e+02   1.04623666e+01    1.04600000e+01    2.07636233e+00    2.07636233e+00
 6.79535629e+02   1.04578841e+01    1.04550000e+01    2.07642782e+00    2.07642781e+00
 6.80733387e+02   1.04574523e+01    1.04550000e+01    2.07649249e+00    2.07649249e+00
 6.81931145e+02   1.04528836e+01    1.04500000e+01    2.07655635e+00    2.07655635e+00
 6.83128903e+02   1.04528615e+01    1.04500000e+01    2.07661943e+00    2.07661943e+00
 6.84326661e+02   1.04525381e+01    1.04500000e+01    2.07668170e+00    2.07668170e+00
 6.85524420e+02   1.04480065e+01    1.04450000e+01    2.07674315e+00    2.07674315e+00
 6.86722178e+02   1.04477585e+01    1.04450000e+01    2.07680383e+00    2.07680383e+00
 6.87919936e+02   1.04473559e+01    1.04450000e+01    2.07686372e+00    2.07686372e+00
 6.89117694e+02   1.04427795e+01    1.04400000e+01    2.07692282e+00    2.07692282e+00
 6.90315452e+02   1.04423861e+01    1.04400000e+01    2.07698114e+00    2.07698114e+00
 6.91513211e+02   1.04422929e+01    1.04400000e+01    2.07703871e+00    2.07703871e+00
 6.92710969e+02   1.04376585e+01    1.04350000e+01    2.07709549e+00    2.07709549e+00
 6.93908727e+02   1.04372110e+01    1.04350000e+01    2.07715150e+00    2.07715150e+00
 6.95106485e+02   1.04370984e+01    1.04350000e+01    2.07720677e+00    2.07720677e+00
 6.96304243e+02   1.04324710e+01    1.04300000e+01    2.07726127e+00    2.07726127e+00
 6.97502002e+02   1.04321588e+01    1.04300000e+01    2.07731502e+00    2.07731502e+00
 6.98699760e+02   1.04274916e+01    1.04250000e+01    2.07736801e+00    2.07736801e+00
 6.99897518e+02   1.04276071e+01    1.04250000e+01    2.07742029e+00    2.07742029e+00
 7.01095276e+02   1.04272682e+01    1.04250000e+01    2.07747182e+00    2.07747182e+00
 7.02293034e+02   1.04224918e+01    1.04200000e+01    2.07752258e+00    2.07752258e+00
 7.03490793e+02   1.04224908e+01    1.04200000e+01    2.07757266e+00    2.07757266e+00
 7.04688551e+02   1.04221042e+01    1.04200000e+01    2.07762198e+00    2.07762198e+00
 7.05886309e+02   1.04173985e+01    1.04150000e+01    2.07767057e+00    2.07767057e+00
 7.07084067e+02   1.04172786e+01    1.04150000e+01    2.07771847e+00    2.07771847e+00
 7.08281825e+02   1.04130281e+01    1.04100000e+01    2.07776565e+00    2.07776564e+00
 7.09479584e+02   1.04123580e+01    1.04100000e+01    2.07781209e+00    2.07781209e+00
 7.10677342e+02   1.04080349e+01    1.04050000e+01    2.07785784e+00    2.07785784e+00
 7.11875100e+02   1.04079044e+01    1.04050000e+01    2.07790291e+00    2.07790291e+00
 7.13072858e+02   1.04072931e+01    1.04050000e+01    2.07794725e+00    2.07794725e+00
 7.14270616e+02   1.04028515e+01    1.04000000e+01    2.07799090e+00    2.07799090e+00
 7.15468375e+02   1.04027459e+01    1.04000000e+01    2.07803388e+00    2.07803388e+00
 7.16666133e+02   1.04022353e+01    1.04000000e+01    2.07807615e+00    2.07807615e+00
 7.17863891e+02   1.03977598e+01    1.03950000e+01    2.07811774e+00    2.07811774e+00
 7.19061649e+02   1.03975614e+01    1.03950000e+01    2.07815866e+00    2.07815866e+00
 7.20259408e+02   1.03971012e+01    1.03950000e+01    2.07819890e+00    2.07819890e+00
 7.21457166e+02   1.03926870e+01    1.03900000e+01    2.07823846e+00    2.07823846e+00
 7.22654924e+02   1.03923622e+01    1.03900000e+01    2.07827736e+00    2.07827736e+00
 7.23852682e+02   1.03879881e+01    1.03850000e+01    2.07831559e+00    2.07831559e+00
 7.25050440e+02   1.03876369e+01    1.03850000e+01    2.07835316e+00    2.07835316e+00
 7.26248199e+02   1.03870739e+01    1.03850000e+01    2.07839007e+00    2.07839007e+00
 7.27445957e+02   1.03829465e+01    1.03800000e+01    2.07842634e+00    2.07842634e+00
 7.28643715e+02   1.03826492e+01    1.03800000e+01    2.07846195e+00    2.07846195e+00
 7.29841473e+02   1.03779038e+01    1.03750000e+01    2.07849690e+00    2.07849690e+00
 7.31039231e+02   1.03779728e+01    1.03750000e+01    2.07853124e+00    2.07853124e+00
 7.32236990e+02   1.03776759e+01    1.03750000e+01    2.07856492e+00    2.07856492e+00
 7.33434748e+02   1.03728391e+01    1.03700000e+01    2.07859794e+00    2.07859794e+00
 7.34632506e+02   1.03728153e+01    1.03700000e+01    2.07863037e+00    2.07863037e+00
 7.35830264e+02   1.03726179e+01    1.03700000e+01    2.07866216e+00    2.07866216e+00
 7.37028022e+02   1.03678268e+01    1.03650000e+01    2.07869330e+00    2.07869330e+00
 7.38225781e+02   1.03677877e+01    1.03650000e+01    2.07872385e+00    2.07872385e+00
 7.39423539e+02   1.03675341e+01    1.03650000e+01    2.07875377e+00    2.07875377e+00
 7.40621297e+02   1.03628139e+01    1.03600000e+01    2.07878306e+00    2.07878306e+00
 7.41819055e+02   1.03629014e+01    1.03600000e+01    2.07881177e+00    2.07881177e+00
 7.43016813e+02   1.03624544e+01    1.03600000e+01    2.07883985e+00    2.07883985e+00
 7.44214572e+02   1.03577862e+01    1.03550000e+01    2.07886731e+00    2.07886730e+00
 7.45412330e+02   1.03578429e+01    1.03550000e+01    2.07889420e+00    2.07889420e+00
 7.46610088e+02   1.03573893e+01    1.03550000e+01    2.07892047e+00    2.07892047e+00
 7.47807846e+02   1.03527210e+01    1.03500000e+01    2.07894613e+00    2.07894613e+00
 7.49005604e+02   1.03527746e+01    1.03500000e+01    2.07897124e+00    2.07897124e+00
 7.50203363e+02   1.03523395e+01    1.03500000e+01    2.07899574e+00    2.07899574e+00
 7.51401121e+02   1.03476090e+01    1.03450000e+01    2.07901963e+00    2.07901963e+00
 7.52598879e+02   1.03475060e+01    1.03450000e+01    2.07904297e+00    2.07904297e+00
 7.53796637e+02   1.03473005e+01    1.03450000e+01    2.07906573e+00    2.07906573e+00
 7.54994396e+02   1.03424813e+01    1.03400000e+01    2.07908789e+00    2.07908789e+00
 7.56192154e+02   1.03424228e+01    1.03400000e+01    2.07910950e+00    2.07910950e+00
 7.57389912e+02   1.03422625e+01    1.03400000e+01    2.07913054e+00    2.07913054e+00
 7.58587670e+02   1.03373664e+01    1.03350000e+01    2.07915098e+00    2.07915098e+00
 7.59785428e+02   1.03374335e+01    1.03350000e+01    2.07917090e+00    2.07917090e+00
 7.60983187e+02   1.03371880e+01    1.03350000e+01    2.07919025e+00    2.07919025e+00
 7.62180945e+02   1.03323170e+01    1.03300000e+01    2.07920901e+00    2.07920901e+00
 7.63378703e+02   1.03323006e+01    1.03300000e+01    2.07922725e+00    2.07922725e+00
 7.64576461e+02   1.03280360e+01    1.03250000e+01    2.07924493e+00    2.07924493e+00
 7.65774219e+02   1.03273778e+01    1.03250000e+01    2.07926204e+00    2.07926204e+00
 7.66971978e+02   1.03272386e+01    1.03250000e+01    2.07927864e+00    2.07927864e+00
 7.68169736e+02   1.03229189e+01    1.03200000e+01    2.07929468e+00    2.07929467e+00
 7.69367494e+02   1.03226201e+01    1.03200000e+01    2.07931018e+00    2.07931018e+00
 7.70565252e+02   1.03222328e+01    1.03200000e+01    2.07932514e+00    2.07932514e+00
 7.71763010e+02   1.03178511e+01    1.03150000e+01    2.07933957e+00    2.07933956e+00
 7.72960769e+02   1.03176247e+01    1.03150000e+01    2.07935347e+00    2.07935347e+00
 7.74158527e+02   1.03172328e+01    1.03150000e+01    2.07936684e+00    2.07936684e+00
 7.75356285e+02   1.03127885e+01    1.03100000e+01    2.07937967e+00    2.07937967e+00
 7.76554043e+02   1.03127231e+01    1.03100000e+01    2.07939201e+00    2.07939201e+00
 7.77751801e+02   1.03122059e+01    1.03100000e+01    2.07940380e+00    2.07940380e+00
 7.78949560e+02   1.03077571e+01    1.03050000e+01    2.07941508e+00    2.07941508e+00
 7.80147318e+02   1.03077224e+01    1.03050000e+01    2.07942587e+00    2.07942587e+00
 7.81345076e+02   1.03071400e+01    1.03050000e+01    2.07943612e+00    2.07943611e+00
 7.82542834e+02   1.03028299e+01    1.03000000e+01    2.07944586e+00    2.07944586e+00
 7.83740592e+02   1.03026692e+01    1.03000000e+01    2.07945512e+00    2.07945512e+00
 7.84938351e+02   1.03021310e+01    1.03000000e+01    2.07946385e+00    2.07946385e+00
 7.86136109e+02   1.02979991e+01    1.02950000e+01    2.07947210e+00    2.07947210e+00
 7.87333867e+02   1.02976474e+01    1.02950000e+01    2.07947984e+00    2.07947984e+00
 7.88531625e+02   1.02929755e+01    1.02900000e+01    2.07948707e+00    2.07948707e+00
 7.89729384e+02   1.02970728e+01    1.02950000e+01    2.07949385e+00    2.07949385e+00
 7.90927142e+02   1.02927048e+01    1.02900000e+01    2.07950011e+00    2.07950011e+00
 7.92124900e+02   1.02879103e+01    1.02850000e+01    2.07950587e+00    2.07950586e+00
 7.93322658e+02   1.02879186e+01    1.02850000e+01    2.07951117e+00    2.07951117e+00
 7.94520416e+02   1.02875194e+01    1.02850000e+01    2.07951598e+00    2.07951598e+00
 7.95718175e+02   1.02870613e+01    1.02850000e+01    2.07952031e+00    2.07952031e+00
 7.96915933e+02   1.02828283e+01    1.02800000e+01    2.07952417e+00    2.07952416e+00
 7.98113691e+02   1.02824048e+01    1.02800000e+01    2.07952754e+00    2.07952754e+00
 7.99311449e+02   1.02822559e+01    1.02800000e+01    2.07953046e+00    2.07953046e+00
 8.00509207e+02   1.02778635e+01    1.02750000e+01    2.07953289e+00    2.07953289e+00
 8.01706966e+02   1.02773603e+01    1.02750000e+01    2.07953485e+00    2.07953485e+00
 8.02904724e+02   1.02773749e+01    1.02750000e+01    2.07953638e+00    2.07953638e+00
 8.04102482e+02   1.02727882e+01    1.02700000e+01    2.07953741e+00    2.07953741e+00
 8.05300240e+02   1.02725759e+01    1.02700000e+01    2.07953799e+00    2.07953799e+00
 8.06497998e+02   1.02722995e+01    1.02700000e+01    2.07953813e+00    2.07953813e+00
 8.07695757e+02   1.02676737e+01    1.02650000e+01    2.07953778e+00    2.07953778e+00
 8.08893515e+02   1.02677777e+01    1.02650000e+01    2.07953702e+00    2.07953702e+00
 8.10091273e+02   1.02673858e+01    1.02650000e+01    2.07953579e+00    2.07953579e+00
 8.11289031e+02   1.02625723e+01    1.02600000e+01    2.07953409e+00    2.07953409e+00
 8.12486789e+02   1.02625408e+01    1.02600000e+01    2.07953198e+00    2.07953198e+00
 8.13684548e+02   1.02621930e+01    1.02600000e+01    2.07952941e+00    2.07952941e+00
 8.14882306e+02   1.02621022e+01    1.02600000e+01    2.07952642e+00    2.07952642e+00
 8.16080064e+02   1.02576094e+01    1.02550000e+01    2.07952297e+00    2.07952297e+00
 8.17277822e+02   1.02571562e+01    1.02550000e+01    2.07951908e+00    2.07951908e+00
 8.18475580e+02   1.02571409e+01    1.02550000e+01    2.07951478e+00    2.07951478e+00
 8.19673339e+02   1.02525463e+01    1.02500000e+01    2.07951002e+00    2.07951002e+00
 8.20871097e+02   1.02523228e+01    1.02500000e+01    2.07950485e+00    2.07950485e+00
 8.22068855e+02   1.02521192e+01    1.02500000e+01    2.07949926e+00    2.07949926e+00
 8.23266613e+02   1.02474103e+01    1.02450000e+01    2.07949321e+00    2.07949321e+00
 8.24464371e+02   1.02473828e+01    1.02450000e+01    2.07948678e+00    2.07948678e+00
 8.25662130e+02   1.02471899e+01    1.02450000e+01    2.07947992e+00    2.07947991e+00
 8.26859888e+02   1.02424146e+01    1.02400000e+01    2.07947261e+00    2.07947261e+00
 8.28057646e+02   1.02423288e+01    1.02400000e+01    2.07946492e+00    2.07946492e+00
 8.29255404e+02   1.02380047e+01    1.02350000e+01    2.07945680e+00    2.07945680e+00
 8.30453163e+02   1.02379175e+01    1.02350000e+01    2.07944828e+00    2.07944828e+00
 8.31650921e+02   1.02373708e+01    1.02350000e+01    2.07943934e+00    2.07943934e+00
 8.32848679e+02   1.02370566e+01    1.02350000e+01    2.07942999e+00    2.07942999e+00
 8.34046437e+02   1.02329411e+01    1.02300000e+01    2.07942025e+00    2.07942025e+00
 8.35244195e+02   1.02323556e+01    1.02300000e+01    2.07941009e+00    2.07941009e+00
 8.36441954e+02   1.02323773e+01    1.02300000e+01    2.07939955e+00    2.07939955e+00
 8.37639712e+02   1.02320485e+01    1.02300000e+01    2.07938860e+00    2.07938860e+00
 8.38837470e+02   1.02271948e+01    1.02250000e+01    2.07937723e+00    2.07937723e+00
 8.40035228e+02   1.02271730e+01    1.02250000e+01    2.07936550e+00    2.07936550e+00
 8.41232986e+02   1.02228250e+01    1.02200000e+01    2.07935336e+00    2.07935336e+00
 8.42430745e+02   1.02227466e+01    1.02200000e+01    2.07934085e+00    2.07934085e+00
 8.43628503e+02   1.02222008e+01    1.02200000e+01    2.07932793e+00    2.07932793e+00
 8.44826261e+02   1.02179489e+01    1.02150000e+01    2.07931463e+00    2.07931462e+00
 8.46024019e+02   1.02177640e+01    1.02150000e+01    2.07930095e+00    2.07930095e+00
 8.47221777e+02   1.02171086e+01    1.02150000e+01    2.07928687e+00    2.07928687e+00
 8.48419536e+02   1.02171611e+01    1.02150000e+01    2.07927243e+00    2.07927243e+00
 8.49617294e+02   1.02128063e+01    1.02100000e+01    2.07925761e+00    2.07925760e+00
 8.50815052e+02   1.02123298e+01    1.02100000e+01    2.07924240e+00    2.07924239e+00
 8.52012810e+02   1.02121090e+01    1.02100000e+01    2.07922682e+00    2.07922682e+00
 8.53210568e+02   1.02076476e+01    1.02050000e+01    2.07921086e+00    2.07921086e+00
 8.54408327e+02   1.02077527e+01    1.02050000e+01    2.07919456e+00    2.07919456e+00
 8.55606085e+02   1.02070861e+01    1.02050000e+01    2.07917786e+00    2.07917786e+00
 8.56803843e+02   1.02070845e+01    1.02050000e+01    2.07916081e+00    2.07916081e+00
 8.58001601e+02   1.02026668e+01    1.02000000e+01    2.07914339e+00    2.07914339e+00
 8.59199359e+02   1.01979311e+01    1.01950000e+01    2.07912558e+00    2.07912558e+00
 8.60397118e+02   1.01979076e+01    1.01950000e+01    2.07910745e+00    2.07910745e+00
 8.61594876e+02   1.01975437e+01    1.01950000e+01    2.07908894e+00    2.07908894e+00
 8.62792634e+02   1.01974544e+01    1.01950000e+01    2.07907009e+00    2.07907009e+00
 8.63990392e+02   1.01929675e+01    1.01900000e+01    2.07905086e+00    2.07905086e+00
 8.65188151e+02   1.01927287e+01    1.01900000e+01    2.07903129e+00    2.07903129e+00
 8.66385909e+02   1.01924879e+01    1.01900000e+01    2.07901137e+00    2.07901137e+00
 8.67583667e+02   1.01920865e+01    1.01900000e+01    2.07899109e+00    2.07899109e+00
 8.68781425e+02   1.01878167e+01    1.01850000e+01    2.07897046e+00    2.07897046e+00
 8.69979183e+02   1.01874161e+01    1.01850000e+01    2.07894949e+00    2.07894949e+00
 8.71176942e+02   1.01872411e+01    1.01850000e+01    2.07892818e+00    2.07892818e+00
 8.72374700e+02   1.01828641e+01    1.01800000e+01    2.07890652e+00    2.07890651e+00
 8.73572458e+02   1.01824917e+01    1.01800000e+01    2.07888451e+00    2.07888451e+00
 8.74770216e+02   1.01823591e+01    1.01800000e+01    2.07886218e+00    2.07886218e+00
 8.75967974e+02   1.01777233e+01    1.01750000e+01    2.07883949e+00    2.07883949e+00
 8.77165733e+02   1.01777696e+01    1.01750000e+01    2.07881649e+00    2.07881649e+00
 8.78363491e+02   1.01773008e+01    1.01750000e+01    2.07879313e+00    2.07879313e+00
 8.79561249e+02   1.01771164e+01    1.01750000e+01    2.07876945e+00    2.07876945e+00
 8.80759007e+02   1.01727498e+01    1.01700000e+01    2.07874544e+00    2.07874544e+00
 8.81956765e+02   1.01723592e+01    1.01700000e+01    2.07872109e+00    2.07872109e+00
 8.83154524e+02   1.01722463e+01    1.01700000e+01    2.07869643e+00    2.07869643e+00
 8.84352282e+02   1.01676149e+01    1.01650000e+01    2.07867142e+00    2.07867142e+00
 8.85550040e+02   1.01676263e+01    1.01650000e+01    2.07864611e+00    2.07864611e+00
 8.86747798e+02   1.01671946e+01    1.01650000e+01    2.07862046e+00    2.07862046e+00
 8.87945556e+02   1.01670878e+01    1.01650000e+01    2.07859450e+00    2.07859450e+00
 8.89143315e+02   1.01626308e+01    1.01600000e+01    2.07856821e+00    2.07856821e+00
 8.90341073e+02   1.01623327e+01    1.01600000e+01    2.07854160e+00    2.07854160e+00
 8.91538831e+02   1.01621557e+01    1.01600000e+01    2.07851469e+00    2.07851469e+00
 8.92736589e+02   1.01576676e+01    1.01550000e+01    2.07848745e+00    2.07848745e+00
 8.93934347e+02   1.01574509e+01    1.01550000e+01    2.07845990e+00    2.07845990e+00
 8.95132106e+02   1.01571183e+01    1.01550000e+01    2.07843204e+00    2.07843204e+00
 8.96329864e+02   1.01570631e+01    1.01550000e+01    2.07840388e+00    2.07840388e+00
 8.97527622e+02   1.01525067e+01    1.01500000e+01    2.07837539e+00    2.07837539e+00
 8.98725380e+02   1.01524284e+01    1.01500000e+01    2.07834662e+00    2.07834662e+00
 8.99923139e+02   1.01521079e+01    1.01500000e+01    2.07831753e+00    2.07831753e+00
 9.01120897e+02   1.01473455e+01    1.01450000e+01    2.07828811e+00    2.07828811e+00
 9.02318655e+02   1.01473908e+01    1.01450000e+01    2.07825843e+00    2.07825843e+00
 9.03516413e+02   1.01470407e+01    1.01450000e+01    2.07822843e+00    2.07822843e+00
 9.04714171e+02   1.01470470e+01    1.01450000e+01    2.07819815e+00    2.07819815e+00
 9.05911930e+02   1.01424521e+01    1.01400000e+01    2.07816754e+00    2.07816754e+00
 9.07109688e+02   1.01425418e+01    1.01400000e+01    2.07813667e+00    2.07813667e+00
 9.08307446e+02   1.01420810e+01    1.01400000e+01    2.07810547e+00    2.07810547e+00
 9.09505204e+02   1.01377704e+01    1.01350000e+01    2.07807399e+00    2.07807399e+00
 9.10702962e+02   1.01373532e+01    1.01350000e+01    2.07804222e+00    2.07804222e+00
 9.11900721e+02   1.01370178e+01    1.01350000e+01    2.07801015e+00    2.07801015e+00
 9.13098479e+02   1.01329366e+01    1.01300000e+01    2.07797781e+00    2.07797781e+00
 9.14296237e+02   1.01322907e+01    1.01300000e+01    2.07794516e+00    2.07794516e+00
 9.15493995e+02   1.01321785e+01    1.01300000e+01    2.07791225e+00    2.07791225e+00
 9.16691753e+02   1.01278956e+01    1.01250000e+01    2.07787904e+00    2.07787904e+00
 9.17889512e+02   1.01278117e+01    1.01250000e+01    2.07784556e+00    2.07784556e+00
 9.19087270e+02   1.01272289e+01    1.01250000e+01    2.07781177e+00    2.07781177e+00
 9.20285028e+02   1.01272970e+01    1.01250000e+01    2.07777773e+00    2.07777773e+00
 9.21482786e+02   1.01229597e+01    1.01200000e+01    2.07774340e+00    2.07774340e+00
 9.22680544e+02   1.01223607e+01    1.01200000e+01    2.07770877e+00    2.07770877e+00
 9.23878303e+02   1.01221816e+01    1.01200000e+01    2.07767389e+00    2.07767389e+00
 9.25076061e+02   1.01178085e+01    1.01150000e+01    2.07763873e+00    2.07763872e+00
 9.26273819e+02   1.01177694e+01    1.01150000e+01    2.07760330e+00    2.07760330e+00
 9.27471577e+02   1.01170870e+01    1.01150000e+01    2.07756758e+00    2.07756758e+00
 9.28669335e+02   1.01170607e+01    1.01150000e+01    2.07753161e+00    2.07753161e+00
 9.29867094e+02   1.01127332e+01    1.01100000e+01    2.07749536e+00    2.07749536e+00
 9.31064852e+02   1.01126914e+01    1.01100000e+01    2.07745886e+00    2.07745886e+00
 9.32262610e+02   1.01120961e+01    1.01100000e+01    2.07742206e+00    2.07742206e+00
 9.33460368e+02   1.01121228e+01    1.01100000e+01    2.07738503e+00    2.07738503e+00
 9.34658127e+02   1.01077970e+01    1.01050000e+01    2.07734771e+00    2.07734771e+00
 9.35855885e+02   1.01074686e+01    1.01050000e+01    2.07731014e+00    2.07731014e+00
 9.37053643e+02   1.01070592e+01    1.01050000e+01    2.07727230e+00    2.07727230e+00
 9.38251401e+02   1.01027817e+01    1.01000000e+01    2.07723420e+00    2.07723420e+00
 9.39449159e+02   1.01026216e+01    1.01000000e+01    2.07719585e+00    2.07719585e+00
 9.40646918e+02   1.01019797e+01    1.01000000e+01    2.07715722e+00    2.07715722e+00
 9.41844676e+02   1.01019806e+01    1.01000000e+01    2.07711836e+00    2.07711836e+00
 9.43042434e+02   1.00975616e+01    1.00950000e+01    2.07707923e+00    2.07707923e+00
 9.44240192e+02   1.00975801e+01    1.00950000e+01    2.07703987e+00    2.07703987e+00
 9.45437950e+02   1.00969789e+01    1.00950000e+01    2.07700022e+00    2.07700022e+00
 9.46635709e+02   1.00929412e+01    1.00900000e+01    2.07696035e+00    2.07696035e+00
 9.47833467e+02   1.00925227e+01    1.00900000e+01    2.07692021e+00    2.07692021e+00
 9.49031225e+02   1.00924236e+01    1.00900000e+01    2.07687984e+00    2.07687984e+00
 9.50228983e+02   1.00879258e+01    1.00850000e+01    2.07683920e+00    2.07683919e+00
 9.51426741e+02   1.00919696e+01    1.00900000e+01    2.07679833e+00    2.07679833e+00
 9.52624500e+02   1.00875849e+01    1.00850000e+01    2.07675721e+00    2.07675721e+00
 9.53822258e+02   1.00873266e+01    1.00850000e+01    2.07671584e+00    2.07671584e+00
 9.55020016e+02   1.00828640e+01    1.00800000e+01    2.07667423e+00    2.07667422e+00
 9.56217774e+02   1.00826726e+01    1.00800000e+01    2.07663238e+00    2.07663238e+00
 9.57415532e+02   1.00824298e+01    1.00800000e+01    2.07659029e+00    2.07659029e+00
 9.58613291e+02   1.00777338e+01    1.00750000e+01    2.07654794e+00    2.07654794e+00
 9.59811049e+02   1.00778057e+01    1.00750000e+01    2.07650539e+00    2.07650539e+00
 9.61008807e+02   1.00773681e+01    1.00750000e+01    2.07646257e+00    2.07646257e+00
 9.62206565e+02   1.00773476e+01    1.00750000e+01    2.07641954e+00    2.07641954e+00
 9.63404323e+02   1.00729169e+01    1.00700000e+01    2.07637626e+00    2.07637626e+00
 9.64602082e+02   1.00726853e+01    1.00700000e+01    2.07633275e+00    2.07633275e+00
 9.65799840e+02   1.00723027e+01    1.00700000e+01    2.07628901e+00    2.07628901e+00
 9.66997598e+02   1.00723236e+01    1.00700000e+01    2.07624505e+00    2.07624505e+00
 9.68195356e+02   1.00676941e+01    1.00650000e+01    2.07620083e+00    2.07620083e+00
 9.69393114e+02   1.00676456e+01    1.00650000e+01    2.07615640e+00    2.07615640e+00
 9.70590873e+02   1.00672648e+01    1.00650000e+01    2.07611174e+00    2.07611174e+00
 9.71788631e+02   1.00673513e+01    1.00650000e+01    2.07606687e+00    2.07606686e+00
 9.72986389e+02   1.00626981e+01    1.00600000e+01    2.07602174e+00    2.07602173e+00
 9.74184147e+02   1.00628089e+01    1.00600000e+01    2.07597641e+00    2.07597641e+00
 9.75381906e+02   1.00621906e+01    1.00600000e+01    2.07593084e+00    2.07593084e+00
 9.76579664e+02   1.00620980e+01    1.00600000e+01    2.07588506e+00    2.07588506e+00
 9.77777422e+02   1.00576100e+01    1.00550000e+01    2.07583905e+00    2.07583904e+00
 9.78975180e+02   1.00576514e+01    1.00550000e+01    2.07579283e+00    2.07579283e+00
 9.80172938e+02   1.00572361e+01    1.00550000e+01    2.07574638e+00    2.07574638e+00
 9.81370697e+02   1.00569863e+01    1.00550000e+01    2.07569972e+00    2.07569972e+00
 9.82568455e+02   1.00525507e+01    1.00500000e+01    2.07565283e+00    2.07565283e+00
 9.83766213e+02   1.00525897e+01    1.00500000e+01    2.07560575e+00    2.07560574e+00
 9.84963971e+02   1.00522008e+01    1.00500000e+01    2.07555843e+00    2.07555843e+00
 9.86161729e+02   1.00479403e+01    1.00450000e+01    2.07551090e+00    2.07551090e+00
 9.87359488e+02   1.00475015e+01    1.00450000e+01    2.07546316e+00    2.07546316e+00
 9.88557246e+02   1.00473857e+01    1.00450000e+01    2.07541521e+00    2.07541521e+00
 9.89755004e+02   1.00470949e+01    1.00450000e+01    2.07536705e+00    2.07536705e+00
 9.90952762e+02   1.00426435e+01    1.00400000e+01    2.07531867e+00    2.07531867e+00
 9.92150520e+02   1.00424565e+01    1.00400000e+01    2.07527010e+00    2.07527009e+00
 9.93348279e+02   1.00422255e+01    1.00400000e+01    2.07522131e+00    2.07522131e+00
 9.94546037e+02   1.00420345e+01    1.00400000e+01    2.07517232e+00    2.07517232e+00
 9.95743795e+02   1.00374279e+01    1.00350000e+01    2.07512310e+00    2.07512310e+00
 9.96941553e+02   1.00374072e+01    1.00350000e+01    2.07507370e+00    2.07507370e+00
 9.98139311e+02   1.00370992e+01    1.00350000e+01    2.07502409e+00    2.07502409e+00
 9.99337070e+02   1.00369950e+01    1.00350000e+01    2.07497428e+00    2.07497428e+00
 1.00053483e+03   1.00322956e+01    1.00300000e+01    2.07492425e+00    2.07492425e+00
 1.00173259e+03   1.00323536e+01    1.00300000e+01    2.07487405e+00    2.07487405e+00
 1.00293034e+03   1.00320283e+01    1.00300000e+01    2.07482363e+00    2.07482363e+00
 1.00412810e+03   1.00319608e+01    1.00300000e+01    2.07477302e+00    2.07477302e+00
 1.00532586e+03   1.00272229e+01    1.00250000e+01    2.07472219e+00    2.07472219e+00
 1.00652362e+03   1.00273008e+01    1.00250000e+01    2.07467119e+00    2.07467119e+00
 1.00772138e+03   1.00269892e+01    1.00250000e+01    2.07461998e+00    2.07461998e+00
 1.00891914e+03   1.00229072e+01    1.00200000e+01    2.07456859e+00    2.07456859e+00
 1.01011689e+03   1.00221767e+01    1.00200000e+01    2.07451697e+00    2.07451697e+00
 1.01131465e+03   1.00222499e+01    1.00200000e+01    2.07446520e+00    2.07446520e+00
 1.01251241e+03   1.00219689e+01    1.00200000e+01    2.07441321e+00    2.07441321e+00
 1.01371017e+03   1.00178549e+01    1.00150000e+01    2.07436104e+00    2.07436104e+00
 1.01490793e+03   1.00171617e+01    1.00150000e+01    2.07430866e+00    2.07430866e+00
 1.01610568e+03   1.00171992e+01    1.00150000e+01    2.07425612e+00    2.07425612e+00
 1.01730344e+03   1.00169700e+01    1.00150000e+01    2.07420337e+00    2.07420337e+00
 1.01850120e+03   1.00128082e+01    1.00100000e+01    2.07415045e+00    2.07415045e+00
 1.01969896e+03   1.00122137e+01    1.00100000e+01    2.07409731e+00    2.07409731e+00
 1.02089672e+03   1.00121483e+01    1.00100000e+01    2.07404402e+00    2.07404402e+00
 1.02209448e+03   1.00119988e+01    1.00100000e+01    2.07399053e+00    2.07399053e+00
 1.02329223e+03   1.00077743e+01    1.00050000e+01    2.07393686e+00    2.07393686e+00
 1.02448999e+03   1.00073750e+01    1.00050000e+01    2.07388299e+00    2.07388299e+00
 1.02568775e+03   1.00071032e+01    1.00050000e+01    2.07382895e+00    2.07382895e+00
 1.02688551e+03   1.00070439e+01    1.00050000e+01    2.07377473e+00    2.07377473e+00
 1.02808327e+03   1.00027724e+01    1.00000000e+01    2.07372033e+00    2.07372033e+00
 1.02928102e+03   1.00025721e+01    1.00000000e+01    2.07366575e+00    2.07366575e+00
 1.03047878e+03   1.00020675e+01    1.00000000e+01    2.07361098e+00    2.07361098e+00
 1.03167654e+03   1.00021380e+01    1.00000000e+01    2.07355605e+00    2.07355605e+00
 1.03287430e+03   9.99775048e+00    9.99500000e+00    2.07350092e+00    2.07350092e+00
 1.03407206e+03   9.99749684e+00    9.99500000e+00    2.07344563e+00    2.07344562e+00
 1.03526982e+03   9.99703715e+00    9.99500000e+00    2.07339014e+00    2.07339014e+00
 1.03646757e+03   9.99716804e+00    9.99500000e+00    2.07333451e+00    2.07333451e+00
 1.03766533e+03   9.99259522e+00    9.99000000e+00    2.07327868e+00    2.07327868e+00
 1.03886309e+03   9.99250549e+00    9.99000000e+00    2.07322269e+00    2.07322269e+00
 1.04006085e+03   9.99201881e+00    9.99000000e+00    2.07316651e+00    2.07316651e+00
 1.04125861e+03   9.99201113e+00    9.99000000e+00    2.07311018e+00    2.07311018e+00
 1.04245637e+03   9.98756777e+00    9.98500000e+00    2.07305366e+00    2.07305366e+00
 1.04365412e+03   9.98759215e+00    9.98500000e+00    2.07299700e+00    2.07299699e+00
 1.04485188e+03   9.98704440e+00    9.98500000e+00    2.07294013e+00    2.07294013e+00
 1.04604964e+03   9.98292140e+00    9.98000000e+00    2.07288312e+00    2.07288312e+00
 1.04724740e+03   9.98252491e+00    9.98000000e+00    2.07282593e+00    2.07282592e+00
 1.04844516e+03   9.98252317e+00    9.98000000e+00    2.07276858e+00    2.07276858e+00
 1.04964291e+03   9.97784614e+00    9.97500000e+00    2.07271105e+00    2.07271105e+00
 1.05084067e+03   9.97788091e+00    9.97500000e+00    2.07265337e+00    2.07265337e+00
 1.05203843e+03   9.97745347e+00    9.97500000e+00    2.07259551e+00    2.07259551e+00
 1.05323619e+03   9.97745553e+00    9.97500000e+00    2.07253751e+00    2.07253751e+00
 1.05443395e+03   9.97282507e+00    9.97000000e+00    2.07247932e+00    2.07247932e+00
 1.05563171e+03   9.97286235e+00    9.97000000e+00    2.07242099e+00    2.07242099e+00
 1.05682946e+03   9.97252493e+00    9.97000000e+00    2.07236249e+00    2.07236249e+00
 1.05802722e+03   9.97242009e+00    9.97000000e+00    2.07230383e+00    2.07230383e+00
 1.05922498e+03   9.97199354e+00    9.97000000e+00    2.07224500e+00    2.07224500e+00
 1.06042274e+03   9.96782975e+00    9.96500000e+00    2.07218602e+00    2.07218602e+00
 1.06162050e+03   9.96787298e+00    9.96500000e+00    2.07212689e+00    2.07212689e+00
 1.06281825e+03   9.96746301e+00    9.96500000e+00    2.07206759e+00    2.07206759e+00
 1.06401601e+03   9.96722634e+00    9.96500000e+00    2.07200814e+00    2.07200814e+00
 1.06521377e+03   9.96280401e+00    9.96000000e+00    2.07194852e+00    2.07194852e+00
 1.06641153e+03   9.96292333e+00    9.96000000e+00    2.07188877e+00    2.07188876e+00
 1.06760929e+03   9.96232670e+00    9.96000000e+00    2.07182883e+00    2.07182883e+00
 1.06880705e+03   9.96237392e+00    9.96000000e+00    2.07176877e+00    2.07176877e+00
 1.07000480e+03   9.95783657e+00    9.95500000e+00    2.07170853e+00    2.07170852e+00
 1.07120256e+03   9.95766769e+00    9.95500000e+00    2.07164815e+00    2.07164815e+00
 1.07240032e+03   9.95727792e+00    9.95500000e+00    2.07158761e+00    2.07158761e+00
 1.07359808e+03   9.95726447e+00    9.95500000e+00    2.07152693e+00    2.07152693e+00
 1.07479584e+03   9.95278614e+00    9.95000000e+00    2.07146608e+00    2.07146608e+00
 1.07599359e+03   9.95265837e+00    9.95000000e+00    2.07140510e+00    2.07140510e+00
 1.07719135e+03   9.95229579e+00    9.95000000e+00    2.07134396e+00    2.07134396e+00
 1.07838911e+03   9.95222063e+00    9.95000000e+00    2.07128269e+00    2.07128268e+00
 1.07958687e+03   9.94787290e+00    9.94500000e+00    2.07122125e+00    2.07122124e+00
 1.08078463e+03   9.94764615e+00    9.94500000e+00    2.07115967e+00    2.07115967e+00
 1.08198239e+03   9.94770016e+00    9.94500000e+00    2.07109795e+00    2.07109795e+00
 1.08318014e+03   9.94722437e+00    9.94500000e+00    2.07103607e+00    2.07103607e+00
 1.08437790e+03   9.94707633e+00    9.94500000e+00    2.07097406e+00    2.07097406e+00
 1.08557566e+03   9.94264897e+00    9.94000000e+00    2.07091189e+00    2.07091189e+00
 1.08677342e+03   9.94257906e+00    9.94000000e+00    2.07084959e+00    2.07084959e+00
 1.08797118e+03   9.94215422e+00    9.94000000e+00    2.07078714e+00    2.07078714e+00
 1.08916894e+03   9.94214465e+00    9.94000000e+00    2.07072456e+00    2.07072456e+00
 1.09036669e+03   9.93747262e+00    9.93500000e+00    2.07066181e+00    2.07066181e+00
 1.09156445e+03   9.93751609e+00    9.93500000e+00    2.07059894e+00    2.07059894e+00
 1.09276221e+03   9.93710676e+00    9.93500000e+00    2.07053592e+00    2.07053592e+00
 1.09395997e+03   9.93708204e+00    9.93500000e+00    2.07047278e+00    2.07047278e+00
 1.09515773e+03   9.93263986e+00    9.93000000e+00    2.07040947e+00    2.07040947e+00
 1.09635548e+03   9.93251748e+00    9.93000000e+00    2.07034605e+00    2.07034605e+00
 1.09755324e+03   9.93254512e+00    9.93000000e+00    2.07028249e+00    2.07028249e+00
 1.09875100e+03   9.93206682e+00    9.93000000e+00    2.07021874e+00    2.07021874e+00
 1.09994876e+03   9.93199920e+00    9.93000000e+00    2.07015485e+00    2.07015485e+00
 1.10114652e+03   9.92754888e+00    9.92500000e+00    2.07009078e+00    2.07009078e+00
 1.10234428e+03   9.92742195e+00    9.92500000e+00    2.07002660e+00    2.07002660e+00
 1.10354203e+03   9.92702050e+00    9.92500000e+00    2.06996226e+00    2.06996226e+00
 1.10473979e+03   9.92700294e+00    9.92500000e+00    2.06989783e+00    2.06989783e+00
 1.10593755e+03   9.92250322e+00    9.92000000e+00    2.06983326e+00    2.06983326e+00
 1.10713531e+03   9.92240058e+00    9.92000000e+00    2.06976860e+00    2.06976860e+00
 1.10833307e+03   9.92209070e+00    9.92000000e+00    2.06970383e+00    2.06970383e+00
 1.10953082e+03   9.92197506e+00    9.92000000e+00    2.06963898e+00    2.06963898e+00
 1.11072858e+03   9.91788394e+00    9.91500000e+00    2.06957404e+00    2.06957404e+00
 1.11192634e+03   9.91740368e+00    9.91500000e+00    2.06950900e+00    2.06950900e+00
 1.11312410e+03   9.91729344e+00    9.91500000e+00    2.06944390e+00    2.06944390e+00
 1.11432186e+03   9.91693834e+00    9.91500000e+00    2.06937872e+00    2.06937871e+00
 1.11551962e+03   9.91699257e+00    9.91500000e+00    2.06931348e+00    2.06931348e+00
 1.11671737e+03   9.91234361e+00    9.91000000e+00    2.06924815e+00    2.06924815e+00
 1.11791513e+03   9.91227641e+00    9.91000000e+00    2.06918279e+00    2.06918279e+00
 1.11911289e+03   9.91190542e+00    9.91000000e+00    2.06911736e+00    2.06911736e+00
 1.12031065e+03   9.90791201e+00    9.90500000e+00    2.06905189e+00    2.06905189e+00
 1.12150841e+03   9.90715351e+00    9.90500000e+00    2.06898635e+00    2.06898635e+00
 1.12270616e+03   9.90729249e+00    9.90500000e+00    2.06892080e+00    2.06892080e+00
 1.12390392e+03   9.90720935e+00    9.90500000e+00    2.06885520e+00    2.06885520e+00
 1.12510168e+03   9.90692571e+00    9.90500000e+00    2.06878955e+00    2.06878955e+00
 1.12629944e+03   9.90273474e+00    9.90000000e+00    2.06872388e+00    2.06872388e+00
 1.12749720e+03   9.90230870e+00    9.90000000e+00    2.06865816e+00    2.06865816e+00
 1.12869496e+03   9.90224236e+00    9.90000000e+00    2.06859244e+00    2.06859244e+00
 1.12989271e+03   9.89785091e+00    9.89500000e+00    2.06852667e+00    2.06852667e+00
 1.13109047e+03   9.89783476e+00    9.89500000e+00    2.06846090e+00    2.06846090e+00
 1.13228823e+03   9.89710294e+00    9.89500000e+00    2.06839509e+00    2.06839509e+00
 1.13348599e+03   9.89716791e+00    9.89500000e+00    2.06832929e+00    2.06832929e+00
 1.13468375e+03   9.89283422e+00    9.89000000e+00    2.06826346e+00    2.06826345e+00
 1.13588151e+03   9.89276609e+00    9.89000000e+00    2.06819763e+00    2.06819763e+00
 1.13707926e+03   9.89252166e+00    9.89000000e+00    2.06813179e+00    2.06813179e+00
 1.13827702e+03   9.89218262e+00    9.89000000e+00    2.06806594e+00    2.06806594e+00
 1.13947478e+03   9.89225053e+00    9.89000000e+00    2.06800010e+00    2.06800010e+00
 1.14067254e+03   9.88771525e+00    9.88500000e+00    2.06793424e+00    2.06793424e+00
 1.14187030e+03   9.88781481e+00    9.88500000e+00    2.06786841e+00    2.06786841e+00
 1.14306805e+03   9.88711635e+00    9.88500000e+00    2.06780255e+00    2.06780255e+00
 1.14426581e+03   9.88706244e+00    9.88500000e+00    2.06773672e+00    2.06773672e+00
 1.14546357e+03   9.88266767e+00    9.88000000e+00    2.06767089e+00    2.06767089e+00
 1.14666133e+03   9.88266589e+00    9.88000000e+00    2.06760509e+00    2.06760509e+00
 1.14785909e+03   9.88195346e+00    9.88000000e+00    2.06753927e+00    2.06753927e+00
 1.14905685e+03   9.88208505e+00    9.88000000e+00    2.06747350e+00    2.06747350e+00
 1.15025460e+03   9.88209015e+00    9.88000000e+00    2.06740774e+00    2.06740774e+00
 1.15145236e+03   9.87769949e+00    9.87500000e+00    2.06734199e+00    2.06734199e+00
 1.15265012e+03   9.87753267e+00    9.87500000e+00    2.06727626e+00    2.06727626e+00
 1.15384788e+03   9.87712983e+00    9.87500000e+00    2.06721056e+00    2.06721056e+00
 1.15504564e+03   9.87699575e+00    9.87500000e+00    2.06714488e+00    2.06714488e+00
 1.15624339e+03   9.87260602e+00    9.87000000e+00    2.06707923e+00    2.06707922e+00
 1.15744115e+03   9.87257888e+00    9.87000000e+00    2.06701361e+00    2.06701361e+00
 1.15863891e+03   9.87202631e+00    9.87000000e+00    2.06694801e+00    2.06694801e+00
 1.15983667e+03   9.87198768e+00    9.87000000e+00    2.06688246e+00    2.06688246e+00
 1.16103443e+03   9.86781629e+00    9.86500000e+00    2.06681693e+00    2.06681693e+00
 1.16223219e+03   9.86756522e+00    9.86500000e+00    2.06675145e+00    2.06675145e+00
 1.16342994e+03   9.86739424e+00    9.86500000e+00    2.06668600e+00    2.06668600e+00
 1.16462770e+03   9.86704988e+00    9.86500000e+00    2.06662058e+00    2.06662058e+00
 1.16582546e+03   9.86695052e+00    9.86500000e+00    2.06655521e+00    2.06655521e+00
 1.16702322e+03   9.86252345e+00    9.86000000e+00    2.06648987e+00    2.06648987e+00
 1.16822098e+03   9.86250793e+00    9.86000000e+00    2.06642460e+00    2.06642460e+00
 1.16941873e+03   9.85783554e+00    9.85500000e+00    2.06635934e+00    2.06635933e+00
 1.17061649e+03   9.86191309e+00    9.86000000e+00    2.06629415e+00    2.06629415e+00
 1.17181425e+03   9.85756008e+00    9.85500000e+00    2.06622900e+00    2.06622899e+00
 1.17301201e+03   9.85745352e+00    9.85500000e+00    2.06616390e+00    2.06616390e+00
 1.17420977e+03   9.85720889e+00    9.85500000e+00    2.06609885e+00    2.06609885e+00
 1.17540753e+03   9.85697408e+00    9.85500000e+00    2.06603385e+00    2.06603385e+00
 1.17660528e+03   9.85698026e+00    9.85500000e+00    2.06596892e+00    2.06596892e+00
 1.17780304e+03   9.85243487e+00    9.85000000e+00    2.06590401e+00    2.06590401e+00
 1.17900080e+03   9.85244131e+00    9.85000000e+00    2.06583919e+00    2.06583919e+00
 1.18019856e+03   9.84770870e+00    9.84500000e+00    2.06577439e+00    2.06577439e+00
 1.18139632e+03   9.84784081e+00    9.84500000e+00    2.06570968e+00    2.06570968e+00
 1.18259408e+03   9.84742340e+00    9.84500000e+00    2.06564501e+00    2.06564501e+00
 1.18379183e+03   9.84736915e+00    9.84500000e+00    2.06558042e+00    2.06558041e+00
 1.18498959e+03   9.84723339e+00    9.84500000e+00    2.06551588e+00    2.06551588e+00
 1.18618735e+03   9.84691766e+00    9.84500000e+00    2.06545140e+00    2.06545140e+00
 1.18738511e+03   9.84690807e+00    9.84500000e+00    2.06538699e+00    2.06538699e+00
 1.18858287e+03   9.84235130e+00    9.84000000e+00    2.06532263e+00    2.06532263e+00
 1.18978062e+03   9.84236536e+00    9.84000000e+00    2.06525836e+00    2.06525836e+00
 1.19097838e+03   9.83760834e+00    9.83500000e+00    2.06519412e+00    2.06519412e+00
 1.19217614e+03   9.83774571e+00    9.83500000e+00    2.06512999e+00    2.06512999e+00
 1.19337390e+03   9.83734539e+00    9.83500000e+00    2.06506590e+00    2.06506590e+00
 1.19457166e+03   9.83728042e+00    9.83500000e+00    2.06500190e+00    2.06500190e+00
 1.19576942e+03   9.83714021e+00    9.83500000e+00    2.06493796e+00    2.06493796e+00
 1.19696717e+03   9.83286490e+00    9.83000000e+00    2.06487409e+00    2.06487409e+00
 1.19816493e+03   9.83283320e+00    9.83000000e+00    2.06481030e+00    2.06481030e+00
 1.19936269e+03   9.83226659e+00    9.83000000e+00    2.06474657e+00    2.06474657e+00
 1.20056045e+03   9.83226485e+00    9.83000000e+00    2.06468293e+00    2.06468293e+00
 1.20175821e+03   9.82753458e+00    9.82500000e+00    2.06461935e+00    2.06461935e+00
 1.20295596e+03   9.82765621e+00    9.82500000e+00    2.06455587e+00    2.06455586e+00
 1.20415372e+03   9.82732826e+00    9.82500000e+00    2.06449244e+00    2.06449244e+00
 1.20535148e+03   9.82719063e+00    9.82500000e+00    2.06442911e+00    2.06442911e+00
 1.20654924e+03   9.82698184e+00    9.82500000e+00    2.06436585e+00    2.06436585e+00
 1.20774700e+03   9.82271730e+00    9.82000000e+00    2.06430267e+00    2.06430267e+00
 1.20894476e+03   9.82260345e+00    9.82000000e+00    2.06423958e+00    2.06423958e+00
 1.21014251e+03   9.82218070e+00    9.82000000e+00    2.06417655e+00    2.06417655e+00
 1.21134027e+03   9.82215141e+00    9.82000000e+00    2.06411362e+00    2.06411362e+00
 1.21253803e+03   9.81764702e+00    9.81500000e+00    2.06405076e+00    2.06405076e+00
 1.21373579e+03   9.81758872e+00    9.81500000e+00    2.06398800e+00    2.06398800e+00
 1.21493355e+03   9.81740626e+00    9.81500000e+00    2.06392532e+00    2.06392532e+00
 1.21613131e+03   9.81713981e+00    9.81500000e+00    2.06386272e+00    2.06386272e+00
 1.21732906e+03   9.81698767e+00    9.81500000e+00    2.06380021e+00    2.06380021e+00
 1.21852682e+03   9.81251996e+00    9.81000000e+00    2.06373777e+00    2.06373777e+00
 1.21972458e+03   9.81250331e+00    9.81000000e+00    2.06367544e+00    2.06367544e+00
 1.22092234e+03   9.81208201e+00    9.81000000e+00    2.06361318e+00    2.06361318e+00
 1.22212010e+03   9.81205373e+00    9.81000000e+00    2.06355103e+00    2.06355103e+00
 1.22331785e+03   9.80735057e+00    9.80500000e+00    2.06348894e+00    2.06348894e+00
 1.22451561e+03   9.80755646e+00    9.80500000e+00    2.06342697e+00    2.06342697e+00
 1.22571337e+03   9.80748449e+00    9.80500000e+00    2.06336508e+00    2.06336508e+00
 1.22691113e+03   9.80703744e+00    9.80500000e+00    2.06330327e+00    2.06330327e+00
 1.22810889e+03   9.80712388e+00    9.80500000e+00    2.06324158e+00    2.06324158e+00
 1.22930665e+03   9.80237897e+00    9.80000000e+00    2.06317994e+00    2.06317994e+00
 1.23050440e+03   9.80242839e+00    9.80000000e+00    2.06311843e+00    2.06311843e+00
 1.23170216e+03   9.80196907e+00    9.80000000e+00    2.06305699e+00    2.06305699e+00
 1.23289992e+03   9.80196956e+00    9.80000000e+00    2.06299566e+00    2.06299566e+00
 1.23409768e+03   9.79773300e+00    9.79500000e+00    2.06293442e+00    2.06293442e+00
 1.23529544e+03   9.79750815e+00    9.79500000e+00    2.06287327e+00    2.06287327e+00
 1.23649319e+03   9.79753977e+00    9.79500000e+00    2.06281223e+00    2.06281223e+00
 1.23769095e+03   9.79696086e+00    9.79500000e+00    2.06275126e+00    2.06275126e+00
 1.23888871e+03   9.79695384e+00    9.79500000e+00    2.06269041e+00    2.06269041e+00
 1.24008647e+03   9.79225486e+00    9.79000000e+00    2.06262964e+00    2.06262964e+00
 1.24128423e+03   9.79239285e+00    9.79000000e+00    2.06256899e+00    2.06256899e+00
 1.24248199e+03   9.79217436e+00    9.79000000e+00    2.06250842e+00    2.06250842e+00
 1.24367974e+03   9.79192573e+00    9.79000000e+00    2.06244796e+00    2.06244796e+00
 1.24487750e+03   9.78781813e+00    9.78500000e+00    2.06238760e+00    2.06238760e+00
 1.24607526e+03   9.78728560e+00    9.78500000e+00    2.06232732e+00    2.06232732e+00
 1.24727302e+03   9.78731194e+00    9.78500000e+00    2.06226717e+00    2.06226717e+00
 1.24847078e+03   9.78687635e+00    9.78500000e+00    2.06220709e+00    2.06220709e+00
 1.24966853e+03   9.78686315e+00    9.78500000e+00    2.06214714e+00    2.06214714e+00
 1.25086629e+03   9.78222965e+00    9.78000000e+00    2.06208726e+00    2.06208726e+00
 1.25206405e+03   9.78236390e+00    9.78000000e+00    2.06202752e+00    2.06202752e+00
 1.25326181e+03   9.78218055e+00    9.78000000e+00    2.06196786e+00    2.06196786e+00
 1.25445957e+03   9.77783995e+00    9.77500000e+00    2.06190830e+00    2.06190830e+00
 1.25565733e+03   9.78186270e+00    9.78000000e+00    2.06184886e+00    2.06184886e+00
 1.25685508e+03   9.77709330e+00    9.77500000e+00    2.06178949e+00    2.06178949e+00
 1.25805284e+03   9.77727639e+00    9.77500000e+00    2.06173027e+00    2.06173027e+00
 1.25925060e+03   9.77699268e+00    9.77500000e+00    2.06167112e+00    2.06167112e+00
 1.26044836e+03   9.77279972e+00    9.77000000e+00    2.06161209e+00    2.06161209e+00
 1.26164612e+03   9.77265642e+00    9.77000000e+00    2.06155317e+00    2.06155316e+00
 1.26284388e+03   9.77216582e+00    9.77000000e+00    2.06149433e+00    2.06149433e+00
 1.26404163e+03   9.77217924e+00    9.77000000e+00    2.06143562e+00    2.06143562e+00
 1.26523939e+03   9.76774336e+00    9.76500000e+00    2.06137700e+00    2.06137700e+00
 1.26643715e+03   9.76772616e+00    9.76500000e+00    2.06131851e+00    2.06131851e+00
 1.26763491e+03   9.76720782e+00    9.76500000e+00    2.06126010e+00    2.06126009e+00
 1.26883267e+03   9.76716964e+00    9.76500000e+00    2.06120181e+00    2.06120181e+00
 1.27003042e+03   9.76712886e+00    9.76500000e+00    2.06114363e+00    2.06114363e+00
 1.27122818e+03   9.76271268e+00    9.76000000e+00    2.06108555e+00    2.06108555e+00
 1.27242594e+03   9.76270404e+00    9.76000000e+00    2.06102759e+00    2.06102759e+00
 1.27362370e+03   9.76199016e+00    9.76000000e+00    2.06096972e+00    2.06096972e+00
 1.27482146e+03   9.76219879e+00    9.76000000e+00    2.06091198e+00    2.06091198e+00
 1.27601922e+03   9.76204880e+00    9.76000000e+00    2.06085434e+00    2.06085434e+00
 1.27721697e+03   9.75769203e+00    9.75500000e+00    2.06079680e+00    2.06079680e+00
 1.27841473e+03   9.75776363e+00    9.75500000e+00    2.06073939e+00    2.06073939e+00
 1.27961249e+03   9.75696539e+00    9.75500000e+00    2.06068206e+00    2.06068206e+00
 1.28081025e+03   9.75705574e+00    9.75500000e+00    2.06062487e+00    2.06062487e+00
 1.28200801e+03   9.75259619e+00    9.75000000e+00    2.06056777e+00    2.06056777e+00
 1.28320576e+03   9.75257467e+00    9.75000000e+00    2.06051079e+00    2.06051079e+00
 1.28440352e+03   9.75235979e+00    9.75000000e+00    2.06045392e+00    2.06045392e+00
 1.28560128e+03   9.75207269e+00    9.75000000e+00    2.06039715e+00    2.06039715e+00
 1.28679904e+03   9.75200856e+00    9.75000000e+00    2.06034051e+00    2.06034051e+00
 1.28799680e+03   9.74756909e+00    9.74500000e+00    2.06028397e+00    2.06028397e+00
 1.28919456e+03   9.74752808e+00    9.74500000e+00    2.06022756e+00    2.06022755e+00
 1.29039231e+03   9.74688402e+00    9.74500000e+00    2.06017122e+00    2.06017122e+00
 1.29159007e+03   9.74691577e+00    9.74500000e+00    2.06011503e+00    2.06011503e+00
 1.29278783e+03   9.74687352e+00    9.74500000e+00    2.06005895e+00    2.06005895e+00
 1.29398559e+03   9.74250888e+00    9.74000000e+00    2.06000297e+00    2.06000297e+00
 1.29518335e+03   9.74250744e+00    9.74000000e+00    2.05994711e+00    2.05994711e+00
 1.29638110e+03   9.74184555e+00    9.74000000e+00    2.05989134e+00    2.05989134e+00
 1.29757886e+03   9.74203032e+00    9.74000000e+00    2.05983572e+00    2.05983572e+00
 1.29877662e+03   9.74195932e+00    9.74000000e+00    2.05978020e+00    2.05978020e+00
 1.29997438e+03   9.73747813e+00    9.73500000e+00    2.05972478e+00    2.05972478e+00
 1.30117214e+03   9.73754090e+00    9.73500000e+00    2.05966950e+00    2.05966950e+00
 1.30236990e+03   9.73278756e+00    9.73000000e+00    2.05961430e+00    2.05961430e+00
 1.30356765e+03   9.73696574e+00    9.73500000e+00    2.05955925e+00    2.05955924e+00
 1.30476541e+03   9.73256774e+00    9.73000000e+00    2.05950428e+00    2.05950428e+00
 1.30596317e+03   9.73239648e+00    9.73000000e+00    2.05944945e+00    2.05944944e+00
 1.30716093e+03   9.73233271e+00    9.73000000e+00    2.05939473e+00    2.05939472e+00
 1.30835869e+03   9.73190309e+00    9.73000000e+00    2.05934010e+00    2.05934010e+00
 1.30955645e+03   9.73186354e+00    9.73000000e+00    2.05928561e+00    2.05928561e+00
 1.31075420e+03   9.72734690e+00    9.72500000e+00    2.05923122e+00    2.05923122e+00
 1.31195196e+03   9.72734931e+00    9.72500000e+00    2.05917697e+00    2.05917697e+00
 1.31314972e+03   9.72710349e+00    9.72500000e+00    2.05912282e+00    2.05912281e+00
 1.31434748e+03   9.72277665e+00    9.72000000e+00    2.05906877e+00    2.05906877e+00
 1.31554524e+03   9.72282030e+00    9.72000000e+00    2.05901487e+00    2.05901486e+00
 1.31674299e+03   9.72234024e+00    9.72000000e+00    2.05896105e+00    2.05896105e+00
 1.31794075e+03   9.72231175e+00    9.72000000e+00    2.05890737e+00    2.05890737e+00
 1.31913851e+03   9.72186810e+00    9.72000000e+00    2.05885379e+00    2.05885379e+00
 1.32033627e+03   9.71759595e+00    9.71500000e+00    2.05880033e+00    2.05880033e+00
 1.32153403e+03   9.71782981e+00    9.71500000e+00    2.05874700e+00    2.05874700e+00
 1.32273179e+03   9.71731323e+00    9.71500000e+00    2.05869377e+00    2.05869377e+00
 1.32392954e+03   9.71727859e+00    9.71500000e+00    2.05864067e+00    2.05864067e+00
 1.32512730e+03   9.71256238e+00    9.71000000e+00    2.05858765e+00    2.05858765e+00
 1.32632506e+03   9.71252130e+00    9.71000000e+00    2.05853479e+00    2.05853479e+00
 1.32752282e+03   9.71258353e+00    9.71000000e+00    2.05848204e+00    2.05848204e+00
 1.32872058e+03   9.71225819e+00    9.71000000e+00    2.05842939e+00    2.05842939e+00
 1.32991833e+03   9.71225335e+00    9.71000000e+00    2.05837687e+00    2.05837687e+00
 1.33111609e+03   9.70774303e+00    9.70500000e+00    2.05832445e+00    2.05832445e+00
 1.33231385e+03   9.70749818e+00    9.70500000e+00    2.05827216e+00    2.05827215e+00
 1.33351161e+03   9.70770611e+00    9.70500000e+00    2.05822000e+00    2.05821999e+00
 1.33470937e+03   9.70718344e+00    9.70500000e+00    2.05816793e+00    2.05816793e+00
 1.33590713e+03   9.70723217e+00    9.70500000e+00    2.05811600e+00    2.05811599e+00
 1.33710488e+03   9.70250049e+00    9.70000000e+00    2.05806415e+00    2.05806415e+00
 1.33830264e+03   9.70250797e+00    9.70000000e+00    2.05801245e+00    2.05801245e+00
 1.33950040e+03   9.70266120e+00    9.70000000e+00    2.05796087e+00    2.05796087e+00
 1.34069816e+03   9.70216278e+00    9.70000000e+00    2.05790939e+00    2.05790938e+00
 1.34189592e+03   9.70220997e+00    9.70000000e+00    2.05785804e+00    2.05785803e+00
 1.34309367e+03   9.69742010e+00    9.69500000e+00    2.05780677e+00    2.05780677e+00
 1.34429143e+03   9.69752996e+00    9.69500000e+00    2.05775567e+00    2.05775566e+00
 1.34548919e+03   9.69754612e+00    9.69500000e+00    2.05770467e+00    2.05770467e+00
 1.34668695e+03   9.69713929e+00    9.69500000e+00    2.05765378e+00    2.05765378e+00
 1.34788471e+03   9.69718590e+00    9.69500000e+00    2.05760303e+00    2.05760303e+00
 1.34908247e+03   9.69238182e+00    9.69000000e+00    2.05755235e+00    2.05755235e+00
 1.35028022e+03   9.69253675e+00    9.69000000e+00    2.05750183e+00    2.05750183e+00
 1.35147798e+03   9.69239614e+00    9.69000000e+00    2.05745142e+00    2.05745141e+00
 1.35267574e+03   9.69208930e+00    9.69000000e+00    2.05740112e+00    2.05740111e+00
 1.35387350e+03   9.69215824e+00    9.69000000e+00    2.05735094e+00    2.05735094e+00
 1.35507126e+03   9.68734497e+00    9.68500000e+00    2.05730086e+00    2.05730085e+00
 1.35626902e+03   9.68750491e+00    9.68500000e+00    2.05725092e+00    2.05725091e+00
 1.35746677e+03   9.68732308e+00    9.68500000e+00    2.05720108e+00    2.05720108e+00
 1.35866453e+03   9.68703858e+00    9.68500000e+00    2.05715138e+00    2.05715138e+00
 1.35986229e+03   9.68711901e+00    9.68500000e+00    2.05710180e+00    2.05710180e+00
 1.36106005e+03   9.68230666e+00    9.68000000e+00    2.05705230e+00    2.05705230e+00
 1.36225781e+03   9.68242718e+00    9.68000000e+00    2.05700295e+00    2.05700295e+00
 1.36345556e+03   9.68228290e+00    9.68000000e+00    2.05695372e+00    2.05695372e+00
 1.36465332e+03   9.68199584e+00    9.68000000e+00    2.05690459e+00    2.05690459e+00
 1.36585108e+03   9.68206904e+00    9.68000000e+00    2.05685559e+00    2.05685559e+00
 1.36704884e+03   9.67726728e+00    9.67500000e+00    2.05680667e+00    2.05680667e+00
 1.36824660e+03   9.67731882e+00    9.67500000e+00    2.05675792e+00    2.05675792e+00
 1.36944436e+03   9.67726766e+00    9.67500000e+00    2.05670928e+00    2.05670928e+00
 1.37064211e+03   9.67696018e+00    9.67500000e+00    2.05666074e+00    2.05666074e+00
 1.37183987e+03   9.67701131e+00    9.67500000e+00    2.05661233e+00    2.05661233e+00
 1.37303763e+03   9.67222387e+00    9.67000000e+00    2.05656402e+00    2.05656401e+00
 1.37423539e+03   9.67220981e+00    9.67000000e+00    2.05651584e+00    2.05651584e+00
 1.37543315e+03   9.67229800e+00    9.67000000e+00    2.05646777e+00    2.05646777e+00
 1.37663090e+03   9.67192367e+00    9.67000000e+00    2.05641982e+00    2.05641982e+00
 1.37782866e+03   9.67195405e+00    9.67000000e+00    2.05637201e+00    2.05637201e+00
 1.37902642e+03   9.66717082e+00    9.66500000e+00    2.05632428e+00    2.05632428e+00
 1.38022418e+03   9.66709500e+00    9.66500000e+00    2.05627669e+00    2.05627669e+00
 1.38142194e+03   9.66733077e+00    9.66500000e+00    2.05622922e+00    2.05622922e+00
 1.38261970e+03   9.66687038e+00    9.66500000e+00    2.05618185e+00    2.05618184e+00
 1.38381745e+03   9.66689845e+00    9.66500000e+00    2.05613461e+00    2.05613461e+00
 1.38501521e+03   9.66214524e+00    9.66000000e+00    2.05608747e+00    2.05608747e+00
 1.38621297e+03   9.66204147e+00    9.66000000e+00    2.05604047e+00    2.05604047e+00
 1.38741073e+03   9.66226652e+00    9.66000000e+00    2.05599359e+00    2.05599359e+00
 1.38860849e+03   9.65780475e+00    9.65500000e+00    2.05594681e+00    2.05594681e+00
 1.38980624e+03   9.66184463e+00    9.66000000e+00    2.05590015e+00    2.05590015e+00
 1.39100400e+03   9.65729626e+00    9.65500000e+00    2.05585360e+00    2.05585360e+00
 1.39220176e+03   9.65703712e+00    9.65500000e+00    2.05580718e+00    2.05580718e+00
 1.39339952e+03   9.65711318e+00    9.65500000e+00    2.05576088e+00    2.05576088e+00
 1.39459728e+03   9.65279011e+00    9.65000000e+00    2.05571469e+00    2.05571469e+00
 1.39579504e+03   9.65277685e+00    9.65000000e+00    2.05566862e+00    2.05566862e+00
 1.39699279e+03   9.65203800e+00    9.65000000e+00    2.05562264e+00    2.05562264e+00
 1.39819055e+03   9.65201769e+00    9.65000000e+00    2.05557682e+00    2.05557682e+00
 1.39938831e+03   9.65230892e+00    9.65000000e+00    2.05553111e+00    2.05553111e+00
 1.40058607e+03   9.64776693e+00    9.64500000e+00    2.05548549e+00    2.05548549e+00
 1.40178383e+03   9.64771736e+00    9.64500000e+00    2.05544000e+00    2.05544000e+00
 1.40298159e+03   9.64722292e+00    9.64500000e+00    2.05539461e+00    2.05539461e+00
 1.40417934e+03   9.64693781e+00    9.64500000e+00    2.05534936e+00    2.05534936e+00
 1.40537710e+03   9.64721274e+00    9.64500000e+00    2.05530424e+00    2.05530424e+00
 1.40657486e+03   9.64270248e+00    9.64000000e+00    2.05525920e+00    2.05525920e+00
 1.40777262e+03   9.64266774e+00    9.64000000e+00    2.05521429e+00    2.05521429e+00
 1.40897038e+03   9.64240451e+00    9.64000000e+00    2.05516950e+00    2.05516950e+00
 1.41016813e+03   9.64188978e+00    9.64000000e+00    2.05512482e+00    2.05512482e+00
 1.41136589e+03   9.64224070e+00    9.64000000e+00    2.05508028e+00    2.05508028e+00
 1.41256365e+03   9.63761756e+00    9.63500000e+00    2.05503581e+00    2.05503581e+00
 1.41376141e+03   9.63761789e+00    9.63500000e+00    2.05499148e+00    2.05499148e+00
 1.41495917e+03   9.63773120e+00    9.63500000e+00    2.05494729e+00    2.05494729e+00
 1.41615693e+03   9.63711833e+00    9.63500000e+00    2.05490318e+00    2.05490318e+00
 1.41735468e+03   9.63689057e+00    9.63500000e+00    2.05485920e+00    2.05485919e+00
 1.41855244e+03   9.63684970e+00    9.63500000e+00    2.05481531e+00    2.05481531e+00
 1.41975020e+03   9.63259034e+00    9.63000000e+00    2.05477158e+00    2.05477158e+00
 1.42094796e+03   9.63267215e+00    9.63000000e+00    2.05472795e+00    2.05472795e+00
 1.42214572e+03   9.63187172e+00    9.63000000e+00    2.05468441e+00    2.05468441e+00
 1.42334347e+03   9.63185835e+00    9.63000000e+00    2.05464099e+00    2.05464099e+00
 1.42454123e+03   9.63198428e+00    9.63000000e+00    2.05459773e+00    2.05459773e+00
 1.42573899e+03   9.62751778e+00    9.62500000e+00    2.05455454e+00    2.05455454e+00
 1.42693675e+03   9.62755890e+00    9.62500000e+00    2.05451149e+00    2.05451149e+00
 1.42813451e+03   9.62699399e+00    9.62500000e+00    2.05446851e+00    2.05446851e+00
 1.42933227e+03   9.62694036e+00    9.62500000e+00    2.05442570e+00    2.05442570e+00
 1.43053002e+03   9.62694944e+00    9.62500000e+00    2.05438299e+00    2.05438299e+00
 1.43172778e+03   9.62252901e+00    9.62000000e+00    2.05434038e+00    2.05434038e+00
 1.43292554e+03   9.62247713e+00    9.62000000e+00    2.05429788e+00    2.05429788e+00
 1.43412330e+03   9.62215976e+00    9.62000000e+00    2.05425552e+00    2.05425551e+00
 1.43532106e+03   9.61774903e+00    9.61500000e+00    2.05421325e+00    2.05421324e+00
 1.43651882e+03   9.62207032e+00    9.62000000e+00    2.05417112e+00    2.05417112e+00
 1.43771657e+03   9.61742597e+00    9.61500000e+00    2.05412906e+00    2.05412906e+00
 1.43891433e+03   9.61742681e+00    9.61500000e+00    2.05408716e+00    2.05408716e+00
 1.44011209e+03   9.61739223e+00    9.61500000e+00    2.05404536e+00    2.05404536e+00
 1.44130985e+03   9.61686757e+00    9.61500000e+00    2.05400364e+00    2.05400364e+00
 1.44250761e+03   9.61264740e+00    9.61000000e+00    2.05396207e+00    2.05396207e+00
 1.44370536e+03   9.61270652e+00    9.61000000e+00    2.05392061e+00    2.05392061e+00
 1.44490312e+03   9.61240377e+00    9.61000000e+00    2.05387926e+00    2.05387926e+00
 1.44610088e+03   9.61245973e+00    9.61000000e+00    2.05383801e+00    2.05383801e+00
 1.44729864e+03   9.60768958e+00    9.60500000e+00    2.05379688e+00    2.05379688e+00
 1.44849640e+03   9.61186141e+00    9.61000000e+00    2.05375588e+00    2.05375588e+00
 1.44969416e+03   9.61181126e+00    9.61000000e+00    2.05371497e+00    2.05371497e+00
 1.45089191e+03   9.60735946e+00    9.60500000e+00    2.05367418e+00    2.05367418e+00
 1.45208967e+03   9.60734201e+00    9.60500000e+00    2.05363351e+00    2.05363351e+00
 1.45328743e+03   9.60272305e+00    9.60000000e+00    2.05359294e+00    2.05359293e+00
 1.45448519e+03   9.60276099e+00    9.60000000e+00    2.05355248e+00    2.05355248e+00
 1.45568295e+03   9.60693362e+00    9.60500000e+00    2.05351217e+00    2.05351217e+00
 1.45688070e+03   9.60230132e+00    9.60000000e+00    2.05347193e+00    2.05347193e+00
 1.45807846e+03   9.60228866e+00    9.60000000e+00    2.05343180e+00    2.05343180e+00
 1.45927622e+03   9.60223513e+00    9.60000000e+00    2.05339182e+00    2.05339182e+00
 1.46047398e+03   9.59767861e+00    9.59500000e+00    2.05335192e+00    2.05335191e+00
 1.46167174e+03   9.59752605e+00    9.59500000e+00    2.05331212e+00    2.05331212e+00
 1.46286950e+03   9.59760457e+00    9.59500000e+00    2.05327248e+00    2.05327247e+00
 1.46406725e+03   9.59727169e+00    9.59500000e+00    2.05323291e+00    2.05323291e+00
 1.46526501e+03   9.59730317e+00    9.59500000e+00    2.05319347e+00    2.05319347e+00
 1.46646277e+03   9.59257819e+00    9.59000000e+00    2.05315412e+00    2.05315412e+00
 1.46766053e+03   9.59684663e+00    9.59500000e+00    2.05311491e+00    2.05311491e+00
 1.46885829e+03   9.59256413e+00    9.59000000e+00    2.05307580e+00    2.05307579e+00
 1.47005604e+03   9.59225050e+00    9.59000000e+00    2.05303678e+00    2.05303678e+00
 1.47125380e+03   9.59221191e+00    9.59000000e+00    2.05299790e+00    2.05299790e+00
 1.47245156e+03   9.59207407e+00    9.59000000e+00    2.05295912e+00    2.05295912e+00
 1.47364932e+03   9.58745976e+00    9.58500000e+00    2.05292043e+00    2.05292043e+00
 1.47484708e+03   9.58745595e+00    9.58500000e+00    2.05288188e+00    2.05288188e+00
 1.47604484e+03   9.58721158e+00    9.58500000e+00    2.05284343e+00    2.05284343e+00
 1.47724259e+03   9.58716912e+00    9.58500000e+00    2.05280508e+00    2.05280508e+00
 1.47844035e+03   9.58726504e+00    9.58500000e+00    2.05276687e+00    2.05276687e+00
 1.47963811e+03   9.58244473e+00    9.58000000e+00    2.05272873e+00    2.05272872e+00
 1.48083587e+03   9.58270336e+00    9.58000000e+00    2.05269072e+00    2.05269072e+00
 1.48203363e+03   9.58274451e+00    9.58000000e+00    2.05265283e+00    2.05265283e+00
 1.48323139e+03   9.58215267e+00    9.58000000e+00    2.05261502e+00    2.05261502e+00
 1.48442914e+03   9.58214466e+00    9.58000000e+00    2.05257734e+00    2.05257734e+00
 1.48562690e+03   9.57760410e+00    9.57500000e+00    2.05253975e+00    2.05253975e+00
 1.48682466e+03   9.57757875e+00    9.57500000e+00    2.05250229e+00    2.05250229e+00
 1.48802242e+03   9.57742052e+00    9.57500000e+00    2.05246493e+00    2.05246493e+00
 1.48922018e+03   9.57708197e+00    9.57500000e+00    2.05242768e+00    2.05242768e+00
 1.49041793e+03   9.57708664e+00    9.57500000e+00    2.05239053e+00    2.05239053e+00
 1.49161569e+03   9.57719324e+00    9.57500000e+00    2.05235352e+00    2.05235352e+00
 1.49281345e+03   9.57236536e+00    9.57000000e+00    2.05231658e+00    2.05231657e+00
 1.49401121e+03   9.57261335e+00    9.57000000e+00    2.05227975e+00    2.05227975e+00
 1.49520897e+03   9.57259218e+00    9.57000000e+00    2.05224307e+00    2.05224307e+00
 1.49640673e+03   9.57205436e+00    9.57000000e+00    2.05220645e+00    2.05220645e+00
 1.49760448e+03   9.57205599e+00    9.57000000e+00    2.05216994e+00    2.05216994e+00
 1.49880224e+03   9.56750733e+00    9.56500000e+00    2.05213356e+00    2.05213356e+00
 1.50000000e+03   9.56752528e+00    9.56500000e+00    2.05209729e+00    2.05209728e+00
