Stellar Sequence
Central Pressure Range = 4.0 to 1000.0 MeVfm^3
Number of Stars = 1250
h = 5 meters
r0 = 10.0 meters
P_MeV/fm3          R_km using LE     R_km not using LE M_M_solar using LE M_M_solar not using LE
 4.00000000e+00   1.45703903e+01    1.45300000e+01    2.31189432e-01    2.31189431e-01
 4.79743795e+00   1.38029545e+01    1.37700000e+01    2.61856112e-01    2.61856111e-01
 5.59487590e+00   1.33042712e+01    1.32750000e+01    2.91482024e-01    2.91482024e-01
 6.39231385e+00   1.29652989e+01    1.29400000e+01    3.20096579e-01    3.20096578e-01
 7.18975180e+00   1.27224574e+01    1.27000000e+01    3.47744130e-01    3.47744130e-01
 7.98718975e+00   1.25411007e+01    1.25200000e+01    3.74477192e-01    3.74477192e-01
 8.78462770e+00   1.24046343e+01    1.23850000e+01    4.00342650e-01    4.00342650e-01
 9.58206565e+00   1.22986924e+01    1.22800000e+01    4.25390233e-01    4.25390232e-01
 1.03795036e+01   1.22172331e+01    1.22000000e+01    4.49664183e-01    4.49664183e-01
 1.11769416e+01   1.21514713e+01    1.21350000e+01    4.73204843e-01    4.73204842e-01
 1.19743795e+01   1.21002049e+01    1.20850000e+01    4.96049325e-01    4.96049325e-01
 1.27718175e+01   1.20554729e+01    1.20400000e+01    5.18235098e-01    5.18235097e-01
 1.35692554e+01   1.20237296e+01    1.20100000e+01    5.39795450e-01    5.39795450e-01
 1.43666934e+01   1.19938397e+01    1.19800000e+01    5.60758588e-01    5.60758587e-01
 1.51641313e+01   1.19725397e+01    1.19600000e+01    5.81152685e-01    5.81152685e-01
 1.59615693e+01   1.19524442e+01    1.19400000e+01    6.01006104e-01    6.01006104e-01
 1.67590072e+01   1.19368816e+01    1.19250000e+01    6.20341467e-01    6.20341467e-01
 1.75564452e+01   1.19221109e+01    1.19100000e+01    6.39183127e-01    6.39183126e-01
 1.83538831e+01   1.19115616e+01    1.19000000e+01    6.57550309e-01    6.57550308e-01
 1.91513211e+01   1.19015581e+01    1.18900000e+01    6.75464564e-01    6.75464563e-01
 1.99487590e+01   1.18955706e+01    1.18850000e+01    6.92942663e-01    6.92942663e-01
 2.07461970e+01   1.18863749e+01    1.18750000e+01    7.10004057e-01    7.10004057e-01
 2.15436349e+01   1.18810756e+01    1.18700000e+01    7.26665003e-01    7.26665003e-01
 2.23410729e+01   1.18760335e+01    1.18650000e+01    7.42940104e-01    7.42940104e-01
 2.31385108e+01   1.18748002e+01    1.18650000e+01    7.58845180e-01    7.58845179e-01
 2.39359488e+01   1.18701531e+01    1.18600000e+01    7.74392594e-01    7.74392594e-01
 2.47333867e+01   1.18692572e+01    1.18600000e+01    7.89596084e-01    7.89596083e-01
 2.55308247e+01   1.18648908e+01    1.18550000e+01    8.04468699e-01    8.04468699e-01
 2.63282626e+01   1.18642272e+01    1.18550000e+01    8.19020267e-01    8.19020267e-01
 2.71257006e+01   1.18600397e+01    1.18500000e+01    8.33264086e-01    8.33264086e-01
 2.79231385e+01   1.18595395e+01    1.18500000e+01    8.47210074e-01    8.47210074e-01
 2.87205765e+01   1.18590973e+01    1.18500000e+01    8.60867427e-01    8.60867427e-01
 2.95180144e+01   1.18587067e+01    1.18500000e+01    8.74246487e-01    8.74246487e-01
 3.03154524e+01   1.18583554e+01    1.18500000e+01    8.87356360e-01    8.87356360e-01
 3.11128903e+01   1.18580354e+01    1.18500000e+01    9.00204878e-01    9.00204878e-01
 3.19103283e+01   1.18541095e+01    1.18450000e+01    9.12800559e-01    9.12800558e-01
 3.27077662e+01   1.18538362e+01    1.18450000e+01    9.25152208e-01    9.25152208e-01
 3.35052042e+01   1.18535801e+01    1.18450000e+01    9.37266416e-01    9.37266415e-01
 3.43026421e+01   1.18533296e+01    1.18450000e+01    9.49150104e-01    9.49150104e-01
 3.51000801e+01   1.18530823e+01    1.18450000e+01    9.60811181e-01    9.60811181e-01
 3.58975180e+01   1.18528368e+01    1.18450000e+01    9.72256049e-01    9.72256049e-01
 3.66949560e+01   1.18525993e+01    1.18450000e+01    9.83490401e-01    9.83490401e-01
 3.74923939e+01   1.18523596e+01    1.18450000e+01    9.94520433e-01    9.94520433e-01
 3.82898319e+01   1.18521073e+01    1.18450000e+01    1.00535222e+00    1.00535222e+00
 3.90872698e+01   1.18482160e+01    1.18400000e+01    1.01599139e+00    1.01599139e+00
 3.98847078e+01   1.18479608e+01    1.18400000e+01    1.02644291e+00    1.02644291e+00
 4.06821457e+01   1.18476938e+01    1.18400000e+01    1.03671166e+00    1.03671166e+00
 4.14795837e+01   1.18474265e+01    1.18400000e+01    1.04680309e+00    1.04680309e+00
 4.22770216e+01   1.18471376e+01    1.18400000e+01    1.05672222e+00    1.05672222e+00
 4.30744596e+01   1.18468442e+01    1.18400000e+01    1.06647313e+00    1.06647313e+00
 4.38718975e+01   1.18428855e+01    1.18350000e+01    1.07605997e+00    1.07605997e+00
 4.46693355e+01   1.18425767e+01    1.18350000e+01    1.08548732e+00    1.08548732e+00
 4.54667734e+01   1.18422509e+01    1.18350000e+01    1.09475953e+00    1.09475953e+00
 4.62642114e+01   1.18419111e+01    1.18350000e+01    1.10388032e+00    1.10388032e+00
 4.70616493e+01   1.18415588e+01    1.18350000e+01    1.11285326e+00    1.11285326e+00
 4.78590873e+01   1.18375367e+01    1.18300000e+01    1.12168202e+00    1.12168202e+00
 4.86565252e+01   1.18371637e+01    1.18300000e+01    1.13037022e+00    1.13037022e+00
 4.94539632e+01   1.18367762e+01    1.18300000e+01    1.13892138e+00    1.13892138e+00
 5.02514011e+01   1.18363689e+01    1.18300000e+01    1.14733879e+00    1.14733878e+00
 5.10488391e+01   1.18322963e+01    1.18250000e+01    1.15562548e+00    1.15562548e+00
 5.18462770e+01   1.18318830e+01    1.18250000e+01    1.16378436e+00    1.16378436e+00
 5.26437150e+01   1.18314437e+01    1.18250000e+01    1.17181850e+00    1.17181850e+00
 5.34411529e+01   1.18309897e+01    1.18250000e+01    1.17973101e+00    1.17973101e+00
 5.42385909e+01   1.18268741e+01    1.18200000e+01    1.18752475e+00    1.18752475e+00
 5.50360288e+01   1.18263991e+01    1.18200000e+01    1.19520222e+00    1.19520222e+00
 5.58334668e+01   1.18259248e+01    1.18200000e+01    1.20276587e+00    1.20276587e+00
 5.66309047e+01   1.18217596e+01    1.18150000e+01    1.21021829e+00    1.21021829e+00
 5.74283427e+01   1.18212631e+01    1.18150000e+01    1.21756208e+00    1.21756208e+00
 5.82257806e+01   1.18207447e+01    1.18150000e+01    1.22479964e+00    1.22479964e+00
 5.90232186e+01   1.18165498e+01    1.18100000e+01    1.23193325e+00    1.23193325e+00
 5.98206565e+01   1.18160067e+01    1.18100000e+01    1.23896504e+00    1.23896504e+00
 6.06180945e+01   1.18117954e+01    1.18050000e+01    1.24589715e+00    1.24589714e+00
 6.14155324e+01   1.18112499e+01    1.18050000e+01    1.25273168e+00    1.25273168e+00
 6.22129704e+01   1.18106792e+01    1.18050000e+01    1.25947071e+00    1.25947071e+00
 6.30104083e+01   1.18064336e+01    1.18000000e+01    1.26611625e+00    1.26611625e+00
 6.38078463e+01   1.18058592e+01    1.18000000e+01    1.27267029e+00    1.27267029e+00
 6.46052842e+01   1.18015747e+01    1.17950000e+01    1.27913465e+00    1.27913465e+00
 6.54027222e+01   1.18009897e+01    1.17950000e+01    1.28551103e+00    1.28551103e+00
 6.62001601e+01   1.18003831e+01    1.17950000e+01    1.29180116e+00    1.29180116e+00
 6.69975981e+01   1.17960887e+01    1.17900000e+01    1.29800682e+00    1.29800682e+00
 6.77950360e+01   1.17954638e+01    1.17900000e+01    1.30412976e+00    1.30412976e+00
 6.85924740e+01   1.17911448e+01    1.17850000e+01    1.31017167e+00    1.31017166e+00
 6.93899119e+01   1.17905139e+01    1.17850000e+01    1.31613410e+00    1.31613410e+00
 7.01873499e+01   1.17861846e+01    1.17800000e+01    1.32201851e+00    1.32201851e+00
 7.09847878e+01   1.17855368e+01    1.17800000e+01    1.32782635e+00    1.32782635e+00
 7.17822258e+01   1.17811882e+01    1.17750000e+01    1.33355906e+00    1.33355906e+00
 7.25796637e+01   1.17805266e+01    1.17750000e+01    1.33921812e+00    1.33921812e+00
 7.33771017e+01   1.17761600e+01    1.17700000e+01    1.34480495e+00    1.34480495e+00
 7.41745396e+01   1.17754886e+01    1.17700000e+01    1.35032091e+00    1.35032091e+00
 7.49719776e+01   1.17711109e+01    1.17650000e+01    1.35576730e+00    1.35576730e+00
 7.57694155e+01   1.17704280e+01    1.17650000e+01    1.36114533e+00    1.36114533e+00
 7.65668535e+01   1.17660359e+01    1.17600000e+01    1.36645626e+00    1.36645626e+00
 7.73642914e+01   1.17653417e+01    1.17600000e+01    1.37170130e+00    1.37170130e+00
 7.81617294e+01   1.17609393e+01    1.17550000e+01    1.37688165e+00    1.37688165e+00
 7.89591673e+01   1.17602363e+01    1.17550000e+01    1.38199842e+00    1.38199841e+00
 7.97566053e+01   1.17558236e+01    1.17500000e+01    1.38705278e+00    1.38705278e+00
 8.05540432e+01   1.17551094e+01    1.17500000e+01    1.39204591e+00    1.39204591e+00
 8.13514812e+01   1.17506783e+01    1.17450000e+01    1.39697878e+00    1.39697878e+00
 8.21489191e+01   1.17499478e+01    1.17450000e+01    1.40185250e+00    1.40185250e+00
 8.29463571e+01   1.17455091e+01    1.17400000e+01    1.40666801e+00    1.40666801e+00
 8.37437950e+01   1.17447809e+01    1.17400000e+01    1.41142630e+00    1.41142630e+00
 8.45412330e+01   1.17403437e+01    1.17350000e+01    1.41612838e+00    1.41612838e+00
 8.53386709e+01   1.17358895e+01    1.17300000e+01    1.42077517e+00    1.42077517e+00
 8.61361089e+01   1.17351494e+01    1.17300000e+01    1.42536769e+00    1.42536769e+00
 8.69335468e+01   1.17306945e+01    1.17250000e+01    1.42990684e+00    1.42990684e+00
 8.77309848e+01   1.17299398e+01    1.17250000e+01    1.43439350e+00    1.43439350e+00
 8.85284227e+01   1.17254618e+01    1.17200000e+01    1.43882855e+00    1.43882855e+00
 8.93258607e+01   1.17247125e+01    1.17200000e+01    1.44321274e+00    1.44321273e+00
 9.01232986e+01   1.17202423e+01    1.17150000e+01    1.44754698e+00    1.44754698e+00
 9.09207366e+01   1.17194801e+01    1.17150000e+01    1.45183200e+00    1.45183200e+00
 9.17181745e+01   1.17149997e+01    1.17100000e+01    1.45606865e+00    1.45606865e+00
 9.25156125e+01   1.17105032e+01    1.17050000e+01    1.46025774e+00    1.46025774e+00
 9.33130504e+01   1.17097393e+01    1.17050000e+01    1.46439996e+00    1.46439996e+00
 9.41104884e+01   1.17052462e+01    1.17000000e+01    1.46849612e+00    1.46849612e+00
 9.49079263e+01   1.17044764e+01    1.17000000e+01    1.47254694e+00    1.47254694e+00
 9.57053643e+01   1.16999693e+01    1.16950000e+01    1.47655308e+00    1.47655308e+00
 9.65028022e+01   1.16954721e+01    1.16900000e+01    1.48051522e+00    1.48051522e+00
 9.73002402e+01   1.16946890e+01    1.16900000e+01    1.48443411e+00    1.48443411e+00
 9.80976781e+01   1.16901891e+01    1.16850000e+01    1.48831038e+00    1.48831038e+00
 9.88951161e+01   1.16893966e+01    1.16850000e+01    1.49214466e+00    1.49214466e+00
 9.96925540e+01   1.16848897e+01    1.16800000e+01    1.49593758e+00    1.49593758e+00
 1.00489992e+02   1.16803752e+01    1.16750000e+01    1.49968981e+00    1.49968981e+00
 1.01287430e+02   1.16795811e+01    1.16750000e+01    1.50340198e+00    1.50340198e+00
 1.02084868e+02   1.16750713e+01    1.16700000e+01    1.50707468e+00    1.50707468e+00
 1.02882306e+02   1.16742671e+01    1.16700000e+01    1.51070847e+00    1.51070847e+00
 1.03679744e+02   1.16697507e+01    1.16650000e+01    1.51430393e+00    1.51430393e+00
 1.04477182e+02   1.16652293e+01    1.16600000e+01    1.51786162e+00    1.51786161e+00
 1.05274620e+02   1.16644198e+01    1.16600000e+01    1.52138209e+00    1.52138209e+00
 1.06072058e+02   1.16599006e+01    1.16550000e+01    1.52486590e+00    1.52486590e+00
 1.06869496e+02   1.16553724e+01    1.16500000e+01    1.52831357e+00    1.52831357e+00
 1.07666934e+02   1.16545600e+01    1.16500000e+01    1.53172562e+00    1.53172562e+00
 1.08464371e+02   1.16500352e+01    1.16450000e+01    1.53510258e+00    1.53510258e+00
 1.09261809e+02   1.16492403e+01    1.16450000e+01    1.53844495e+00    1.53844495e+00
 1.10059247e+02   1.16446886e+01    1.16400000e+01    1.54175322e+00    1.54175322e+00
 1.10856685e+02   1.16401543e+01    1.16350000e+01    1.54502788e+00    1.54502788e+00
 1.11654123e+02   1.16393612e+01    1.16350000e+01    1.54826939e+00    1.54826939e+00
 1.12451561e+02   1.16348075e+01    1.16300000e+01    1.55147821e+00    1.55147821e+00
 1.13248999e+02   1.16340006e+01    1.16300000e+01    1.55465478e+00    1.55465478e+00
 1.14046437e+02   1.16294656e+01    1.16250000e+01    1.55779957e+00    1.55779957e+00
 1.14843875e+02   1.16249181e+01    1.16200000e+01    1.56091301e+00    1.56091301e+00
 1.15641313e+02   1.16241164e+01    1.16200000e+01    1.56399553e+00    1.56399553e+00
 1.16438751e+02   1.16195580e+01    1.16150000e+01    1.56704755e+00    1.56704755e+00
 1.17236189e+02   1.16150134e+01    1.16100000e+01    1.57006950e+00    1.57006950e+00
 1.18033627e+02   1.16142166e+01    1.16100000e+01    1.57306178e+00    1.57306178e+00
 1.18831065e+02   1.16096556e+01    1.16050000e+01    1.57602479e+00    1.57602479e+00
 1.19628503e+02   1.16051116e+01    1.16000000e+01    1.57895892e+00    1.57895892e+00
 1.20425941e+02   1.16042974e+01    1.16000000e+01    1.58186456e+00    1.58186456e+00
 1.21223379e+02   1.15997466e+01    1.15950000e+01    1.58474207e+00    1.58474207e+00
 1.22020817e+02   1.15989470e+01    1.15950000e+01    1.58759184e+00    1.58759183e+00
 1.22818255e+02   1.15943823e+01    1.15900000e+01    1.59041421e+00    1.59041421e+00
 1.23615693e+02   1.15898371e+01    1.15850000e+01    1.59320957e+00    1.59320957e+00
 1.24413131e+02   1.15890212e+01    1.15850000e+01    1.59597825e+00    1.59597825e+00
 1.25210568e+02   1.15844680e+01    1.15800000e+01    1.59872060e+00    1.59872060e+00
 1.26008006e+02   1.15799165e+01    1.15750000e+01    1.60143697e+00    1.60143697e+00
 1.26805444e+02   1.15791029e+01    1.15750000e+01    1.60412770e+00    1.60412770e+00
 1.27602882e+02   1.15745562e+01    1.15700000e+01    1.60679311e+00    1.60679311e+00
 1.28400320e+02   1.15699839e+01    1.15650000e+01    1.60943353e+00    1.60943353e+00
 1.29197758e+02   1.15691913e+01    1.15650000e+01    1.61204929e+00    1.61204929e+00
 1.29995196e+02   1.15646293e+01    1.15600000e+01    1.61464066e+00    1.61464066e+00
 1.30792634e+02   1.15638222e+01    1.15600000e+01    1.61720796e+00    1.61720796e+00
 1.31590072e+02   1.15592688e+01    1.15550000e+01    1.61975149e+00    1.61975148e+00
 1.32387510e+02   1.15547035e+01    1.15500000e+01    1.62227155e+00    1.62227155e+00
 1.33184948e+02   1.15539075e+01    1.15500000e+01    1.62476844e+00    1.62476844e+00
 1.33982386e+02   1.15493353e+01    1.15450000e+01    1.62724245e+00    1.62724245e+00
 1.34779824e+02   1.15447893e+01    1.15400000e+01    1.62969388e+00    1.62969388e+00
 1.35577262e+02   1.15439774e+01    1.15400000e+01    1.63212299e+00    1.63212299e+00
 1.36374700e+02   1.15394289e+01    1.15350000e+01    1.63453000e+00    1.63453000e+00
 1.37172138e+02   1.15348655e+01    1.15300000e+01    1.63691523e+00    1.63691523e+00
 1.37969576e+02   1.15340620e+01    1.15300000e+01    1.63927894e+00    1.63927894e+00
 1.38767014e+02   1.15295063e+01    1.15250000e+01    1.64162139e+00    1.64162139e+00
 1.39564452e+02   1.15286992e+01    1.15250000e+01    1.64394287e+00    1.64394287e+00
 1.40361890e+02   1.15241513e+01    1.15200000e+01    1.64624359e+00    1.64624359e+00
 1.41159327e+02   1.15195821e+01    1.15150000e+01    1.64852377e+00    1.64852377e+00
 1.41956765e+02   1.15187946e+01    1.15150000e+01    1.65078368e+00    1.65078368e+00
 1.42754203e+02   1.15142226e+01    1.15100000e+01    1.65302357e+00    1.65302356e+00
 1.43551641e+02   1.15096771e+01    1.15050000e+01    1.65524369e+00    1.65524369e+00
 1.44349079e+02   1.15088721e+01    1.15050000e+01    1.65744428e+00    1.65744428e+00
 1.45146517e+02   1.15043253e+01    1.15000000e+01    1.65962550e+00    1.65962550e+00
 1.45943955e+02   1.14997611e+01    1.14950000e+01    1.66178761e+00    1.66178760e+00
 1.46741393e+02   1.14989721e+01    1.14950000e+01    1.66393083e+00    1.66393083e+00
 1.47538831e+02   1.14944143e+01    1.14900000e+01    1.66605543e+00    1.66605543e+00
 1.48336269e+02   1.14936227e+01    1.14900000e+01    1.66816159e+00    1.66816159e+00
 1.49133707e+02   1.14890679e+01    1.14850000e+01    1.67024947e+00    1.67024947e+00
 1.49931145e+02   1.14845045e+01    1.14800000e+01    1.67231931e+00    1.67231931e+00
 1.50728583e+02   1.14837210e+01    1.14800000e+01    1.67437135e+00    1.67437135e+00
 1.51526021e+02   1.14791571e+01    1.14750000e+01    1.67640581e+00    1.67640581e+00
 1.52323459e+02   1.14746125e+01    1.14700000e+01    1.67842280e+00    1.67842280e+00
 1.53120897e+02   1.14738123e+01    1.14700000e+01    1.68042255e+00    1.68042255e+00
 1.53918335e+02   1.14692712e+01    1.14650000e+01    1.68240527e+00    1.68240527e+00
 1.54715773e+02   1.14684744e+01    1.14650000e+01    1.68437120e+00    1.68437120e+00
 1.55513211e+02   1.14639356e+01    1.14600000e+01    1.68632045e+00    1.68632045e+00
 1.56310649e+02   1.14593679e+01    1.14550000e+01    1.68825319e+00    1.68825319e+00
 1.57108086e+02   1.14585997e+01    1.14550000e+01    1.69016965e+00    1.69016965e+00
 1.57905524e+02   1.14540366e+01    1.14500000e+01    1.69207006e+00    1.69207006e+00
 1.58702962e+02   1.14494995e+01    1.14450000e+01    1.69395450e+00    1.69395450e+00
 1.59500400e+02   1.14487086e+01    1.14450000e+01    1.69582314e+00    1.69582314e+00
 1.60297838e+02   1.14441707e+01    1.14400000e+01    1.69767621e+00    1.69767621e+00
 1.61095276e+02   1.14433874e+01    1.14400000e+01    1.69951392e+00    1.69951392e+00
 1.61892714e+02   1.14388484e+01    1.14350000e+01    1.70133632e+00    1.70133632e+00
 1.62690152e+02   1.14342913e+01    1.14300000e+01    1.70314362e+00    1.70314362e+00
 1.63487590e+02   1.14335265e+01    1.14300000e+01    1.70493601e+00    1.70493601e+00
 1.64285028e+02   1.14289747e+01    1.14250000e+01    1.70671369e+00    1.70671369e+00
 1.65082466e+02   1.14244336e+01    1.14200000e+01    1.70847669e+00    1.70847669e+00
 1.65879904e+02   1.14236580e+01    1.14200000e+01    1.71022524e+00    1.71022524e+00
 1.66677342e+02   1.14191177e+01    1.14150000e+01    1.71195955e+00    1.71195955e+00
 1.67474780e+02   1.14183490e+01    1.14150000e+01    1.71367969e+00    1.71367969e+00
 1.68272218e+02   1.14138048e+01    1.14100000e+01    1.71538579e+00    1.71538579e+00
 1.69069656e+02   1.14092600e+01    1.14050000e+01    1.71707805e+00    1.71707805e+00
 1.69867094e+02   1.14084980e+01    1.14050000e+01    1.71875666e+00    1.71875666e+00
 1.70664532e+02   1.14039550e+01    1.14000000e+01    1.72042163e+00    1.72042163e+00
 1.71461970e+02   1.13994121e+01    1.13950000e+01    1.72207316e+00    1.72207316e+00
 1.72259408e+02   1.13986535e+01    1.13950000e+01    1.72371147e+00    1.72371147e+00
 1.73056845e+02   1.13941121e+01    1.13900000e+01    1.72533660e+00    1.72533660e+00
 1.73854283e+02   1.13933558e+01    1.13900000e+01    1.72694868e+00    1.72694868e+00
 1.74651721e+02   1.13888136e+01    1.13850000e+01    1.72854791e+00    1.72854790e+00
 1.75449159e+02   1.13842816e+01    1.13800000e+01    1.73013442e+00    1.73013442e+00
 1.76246597e+02   1.13835212e+01    1.13800000e+01    1.73170824e+00    1.73170824e+00
 1.77044035e+02   1.13789883e+01    1.13750000e+01    1.73326959e+00    1.73326959e+00
 1.77841473e+02   1.13782346e+01    1.13750000e+01    1.73481864e+00    1.73481864e+00
 1.78638911e+02   1.13737025e+01    1.13700000e+01    1.73635537e+00    1.73635537e+00
 1.79436349e+02   1.13691618e+01    1.13650000e+01    1.73787998e+00    1.73787998e+00
 1.80233787e+02   1.13684206e+01    1.13650000e+01    1.73939266e+00    1.73939266e+00
 1.81031225e+02   1.13638806e+01    1.13600000e+01    1.74089341e+00    1.74089341e+00
 1.81828663e+02   1.13593546e+01    1.13550000e+01    1.74238239e+00    1.74238238e+00
 1.82626101e+02   1.13586023e+01    1.13550000e+01    1.74385977e+00    1.74385977e+00
 1.83423539e+02   1.13540800e+01    1.13500000e+01    1.74532561e+00    1.74532561e+00
 1.84220977e+02   1.13533281e+01    1.13500000e+01    1.74677999e+00    1.74677999e+00
 1.85018415e+02   1.13488073e+01    1.13450000e+01    1.74822311e+00    1.74822311e+00
 1.85815853e+02   1.13442717e+01    1.13400000e+01    1.74965505e+00    1.74965505e+00
 1.86613291e+02   1.13435396e+01    1.13400000e+01    1.75107585e+00    1.75107585e+00
 1.87410729e+02   1.13390036e+01    1.13350000e+01    1.75248571e+00    1.75248571e+00
 1.88208167e+02   1.13382789e+01    1.13350000e+01    1.75388474e+00    1.75388474e+00
 1.89005604e+02   1.13337412e+01    1.13300000e+01    1.75527292e+00    1.75527292e+00
 1.89803042e+02   1.13292279e+01    1.13250000e+01    1.75665049e+00    1.75665049e+00
 1.90600480e+02   1.13284850e+01    1.13250000e+01    1.75801754e+00    1.75801754e+00
 1.91397918e+02   1.13239721e+01    1.13200000e+01    1.75937406e+00    1.75937405e+00
 1.92195356e+02   1.13232308e+01    1.13200000e+01    1.76072025e+00    1.76072025e+00
 1.92992794e+02   1.13187221e+01    1.13150000e+01    1.76205624e+00    1.76205624e+00
 1.93790232e+02   1.13141890e+01    1.13100000e+01    1.76338199e+00    1.76338199e+00
 1.94587670e+02   1.13134737e+01    1.13100000e+01    1.76469771e+00    1.76469771e+00
 1.95385108e+02   1.13089442e+01    1.13050000e+01    1.76600351e+00    1.76600351e+00
 1.96182546e+02   1.13082328e+01    1.13050000e+01    1.76729936e+00    1.76729936e+00
 1.96979984e+02   1.13037010e+01    1.13000000e+01    1.76858546e+00    1.76858546e+00
 1.97777422e+02   1.12992016e+01    1.12950000e+01    1.76986191e+00    1.76986191e+00
 1.98574860e+02   1.12984646e+01    1.12950000e+01    1.77112869e+00    1.77112868e+00
 1.99372298e+02   1.12939651e+01    1.12900000e+01    1.77238598e+00    1.77238598e+00
 2.00169736e+02   1.12932345e+01    1.12900000e+01    1.77363389e+00    1.77363389e+00
 2.00967174e+02   1.12887347e+01    1.12850000e+01    1.77487239e+00    1.77487239e+00
 2.01764612e+02   1.12842085e+01    1.12800000e+01    1.77610168e+00    1.77610168e+00
 2.02562050e+02   1.12835106e+01    1.12800000e+01    1.77732183e+00    1.77732183e+00
 2.03359488e+02   1.12789827e+01    1.12750000e+01    1.77853284e+00    1.77853284e+00
 2.04156926e+02   1.12782892e+01    1.12750000e+01    1.77973491e+00    1.77973491e+00
 2.04954363e+02   1.12737630e+01    1.12700000e+01    1.78092806e+00    1.78092806e+00
 2.05751801e+02   1.12730725e+01    1.12700000e+01    1.78211232e+00    1.78211232e+00
 2.06549239e+02   1.12685467e+01    1.12650000e+01    1.78328791e+00    1.78328791e+00
 2.07346677e+02   1.12640594e+01    1.12600000e+01    1.78445479e+00    1.78445479e+00
 2.08144115e+02   1.12633341e+01    1.12600000e+01    1.78561305e+00    1.78561305e+00
 2.08941553e+02   1.12588491e+01    1.12550000e+01    1.78676287e+00    1.78676287e+00
 2.09738991e+02   1.12581295e+01    1.12550000e+01    1.78790418e+00    1.78790418e+00
 2.10536429e+02   1.12536412e+01    1.12500000e+01    1.78903711e+00    1.78903711e+00
 2.11333867e+02   1.12491258e+01    1.12450000e+01    1.79016184e+00    1.79016184e+00
 2.12131305e+02   1.12484419e+01    1.12450000e+01    1.79127826e+00    1.79127826e+00
 2.12928743e+02   1.12439240e+01    1.12400000e+01    1.79238654e+00    1.79238654e+00
 2.13726181e+02   1.12432482e+01    1.12400000e+01    1.79348683e+00    1.79348683e+00
 2.14523619e+02   1.12387306e+01    1.12350000e+01    1.79457902e+00    1.79457902e+00
 2.15321057e+02   1.12380569e+01    1.12350000e+01    1.79566330e+00    1.79566330e+00
 2.16118495e+02   1.12335432e+01    1.12300000e+01    1.79673978e+00    1.79673978e+00
 2.16915933e+02   1.12290663e+01    1.12250000e+01    1.79780838e+00    1.79780838e+00
 2.17713371e+02   1.12283585e+01    1.12250000e+01    1.79886931e+00    1.79886931e+00
 2.18510809e+02   1.12238849e+01    1.12200000e+01    1.79992259e+00    1.79992259e+00
 2.19308247e+02   1.12231801e+01    1.12200000e+01    1.80096822e+00    1.80096822e+00
 2.20105685e+02   1.12187059e+01    1.12150000e+01    1.80200641e+00    1.80200640e+00
 2.20903122e+02   1.12180096e+01    1.12150000e+01    1.80303709e+00    1.80303709e+00
 2.21700560e+02   1.12135298e+01    1.12100000e+01    1.80406035e+00    1.80406035e+00
 2.22497998e+02   1.12090329e+01    1.12050000e+01    1.80507637e+00    1.80507637e+00
 2.23295436e+02   1.12083616e+01    1.12050000e+01    1.80608504e+00    1.80608504e+00
 2.24092874e+02   1.12038639e+01    1.12000000e+01    1.80708650e+00    1.80708650e+00
 2.24890312e+02   1.12031981e+01    1.12000000e+01    1.80808091e+00    1.80808091e+00
 2.25687750e+02   1.11987036e+01    1.11950000e+01    1.80906814e+00    1.80906814e+00
 2.26485188e+02   1.11980360e+01    1.11950000e+01    1.81004837e+00    1.81004837e+00
 2.27282626e+02   1.11935478e+01    1.11900000e+01    1.81102169e+00    1.81102169e+00
 2.28080064e+02   1.11890693e+01    1.11850000e+01    1.81198802e+00    1.81198802e+00
 2.28877502e+02   1.11883937e+01    1.11850000e+01    1.81294756e+00    1.81294756e+00
 2.29674940e+02   1.11839160e+01    1.11800000e+01    1.81390030e+00    1.81390030e+00
 2.30472378e+02   1.11832441e+01    1.11800000e+01    1.81484626e+00    1.81484626e+00
 2.31269816e+02   1.11787660e+01    1.11750000e+01    1.81578563e+00    1.81578563e+00
 2.32067254e+02   1.11781018e+01    1.11750000e+01    1.81671832e+00    1.81671832e+00
 2.32864692e+02   1.11736171e+01    1.11700000e+01    1.81764441e+00    1.81764441e+00
 2.33662130e+02   1.11729630e+01    1.11700000e+01    1.81856410e+00    1.81856410e+00
 2.34459568e+02   1.11684751e+01    1.11650000e+01    1.81947723e+00    1.81947723e+00
 2.35257006e+02   1.11640088e+01    1.11600000e+01    1.82038398e+00    1.82038398e+00
 2.36054444e+02   1.11633359e+01    1.11600000e+01    1.82128444e+00    1.82128444e+00
 2.36851882e+02   1.11588735e+01    1.11550000e+01    1.82217851e+00    1.82217851e+00
 2.37649319e+02   1.11581998e+01    1.11550000e+01    1.82306640e+00    1.82306640e+00
 2.38446757e+02   1.11537429e+01    1.11500000e+01    1.82394809e+00    1.82394809e+00
 2.39244195e+02   1.11530681e+01    1.11500000e+01    1.82482358e+00    1.82482358e+00
 2.40041633e+02   1.11486169e+01    1.11450000e+01    1.82569308e+00    1.82569308e+00
 2.40839071e+02   1.11479472e+01    1.11450000e+01    1.82655645e+00    1.82655645e+00
 2.41636509e+02   1.11434937e+01    1.11400000e+01    1.82741382e+00    1.82741382e+00
 2.42433947e+02   1.11428343e+01    1.11400000e+01    1.82826534e+00    1.82826534e+00
 2.43231385e+02   1.11383806e+01    1.11350000e+01    1.82911086e+00    1.82911086e+00
 2.44028823e+02   1.11339019e+01    1.11300000e+01    1.82995056e+00    1.82995056e+00
 2.44826261e+02   1.11332700e+01    1.11300000e+01    1.83078450e+00    1.83078450e+00
 2.45623699e+02   1.11287945e+01    1.11250000e+01    1.83161260e+00    1.83161260e+00
 2.46421137e+02   1.11281605e+01    1.11250000e+01    1.83243505e+00    1.83243505e+00
 2.47218575e+02   1.11236914e+01    1.11200000e+01    1.83325181e+00    1.83325181e+00
 2.48016013e+02   1.11230537e+01    1.11200000e+01    1.83406290e+00    1.83406290e+00
 2.48813451e+02   1.11185920e+01    1.11150000e+01    1.83486851e+00    1.83486851e+00
 2.49610889e+02   1.11179540e+01    1.11150000e+01    1.83566851e+00    1.83566851e+00
 2.50408327e+02   1.11134916e+01    1.11100000e+01    1.83646300e+00    1.83646300e+00
 2.51205765e+02   1.11128561e+01    1.11100000e+01    1.83725215e+00    1.83725214e+00
 2.52003203e+02   1.11083984e+01    1.11050000e+01    1.83803578e+00    1.83803578e+00
 2.52800641e+02   1.11039347e+01    1.11000000e+01    1.83881411e+00    1.83881411e+00
 2.53598078e+02   1.11033086e+01    1.11000000e+01    1.83958714e+00    1.83958714e+00
 2.54395516e+02   1.10988402e+01    1.10950000e+01    1.84035482e+00    1.84035482e+00
 2.55192954e+02   1.10982237e+01    1.10950000e+01    1.84111736e+00    1.84111736e+00
 2.55990392e+02   1.10937553e+01    1.10900000e+01    1.84187465e+00    1.84187465e+00
 2.56787830e+02   1.10931407e+01    1.10900000e+01    1.84262675e+00    1.84262675e+00
 2.57585268e+02   1.10886787e+01    1.10850000e+01    1.84337385e+00    1.84337385e+00
 2.58382706e+02   1.10880675e+01    1.10850000e+01    1.84411578e+00    1.84411578e+00
 2.59180144e+02   1.10836044e+01    1.10800000e+01    1.84485268e+00    1.84485268e+00
 2.59977582e+02   1.10829954e+01    1.10800000e+01    1.84558466e+00    1.84558466e+00
 2.60775020e+02   1.10785359e+01    1.10750000e+01    1.84631159e+00    1.84631159e+00
 2.61572458e+02   1.10779234e+01    1.10750000e+01    1.84703366e+00    1.84703366e+00
 2.62369896e+02   1.10734714e+01    1.10700000e+01    1.84775083e+00    1.84775083e+00
 2.63167334e+02   1.10728526e+01    1.10700000e+01    1.84846310e+00    1.84846309e+00
 2.63964772e+02   1.10684088e+01    1.10650000e+01    1.84917066e+00    1.84917066e+00
 2.64762210e+02   1.10677875e+01    1.10650000e+01    1.84987336e+00    1.84987336e+00
 2.65559648e+02   1.10633466e+01    1.10600000e+01    1.85057132e+00    1.85057132e+00
 2.66357086e+02   1.10627278e+01    1.10600000e+01    1.85126468e+00    1.85126467e+00
 2.67154524e+02   1.10582934e+01    1.10550000e+01    1.85195326e+00    1.85195326e+00
 2.67951962e+02   1.10538400e+01    1.10500000e+01    1.85263725e+00    1.85263725e+00
 2.68749400e+02   1.10532425e+01    1.10500000e+01    1.85331668e+00    1.85331668e+00
 2.69546837e+02   1.10487909e+01    1.10450000e+01    1.85399148e+00    1.85399148e+00
 2.70344275e+02   1.10481975e+01    1.10450000e+01    1.85466183e+00    1.85466183e+00
 2.71141713e+02   1.10437515e+01    1.10400000e+01    1.85532764e+00    1.85532764e+00
 2.71939151e+02   1.10431492e+01    1.10400000e+01    1.85598896e+00    1.85598896e+00
 2.72736589e+02   1.10387126e+01    1.10350000e+01    1.85664597e+00    1.85664597e+00
 2.73534027e+02   1.10381059e+01    1.10350000e+01    1.85729848e+00    1.85729848e+00
 2.74331465e+02   1.10336733e+01    1.10300000e+01    1.85794664e+00    1.85794663e+00
 2.75128903e+02   1.10330653e+01    1.10300000e+01    1.85859055e+00    1.85859055e+00
 2.75926341e+02   1.10286400e+01    1.10250000e+01    1.85923007e+00    1.85923007e+00
 2.76723779e+02   1.10280258e+01    1.10250000e+01    1.85986538e+00    1.85986538e+00
 2.77521217e+02   1.10236102e+01    1.10200000e+01    1.86049646e+00    1.86049646e+00
 2.78318655e+02   1.10229954e+01    1.10200000e+01    1.86112328e+00    1.86112328e+00
 2.79116093e+02   1.10185855e+01    1.10150000e+01    1.86174603e+00    1.86174603e+00
 2.79913531e+02   1.10179773e+01    1.10150000e+01    1.86236456e+00    1.86236456e+00
 2.80710969e+02   1.10135599e+01    1.10100000e+01    1.86297896e+00    1.86297896e+00
 2.81508407e+02   1.10129621e+01    1.10100000e+01    1.86358939e+00    1.86358939e+00
 2.82305845e+02   1.10085376e+01    1.10050000e+01    1.86419566e+00    1.86419566e+00
 2.83103283e+02   1.10079463e+01    1.10050000e+01    1.86479793e+00    1.86479793e+00
 2.83900721e+02   1.10035175e+01    1.10000000e+01    1.86539627e+00    1.86539627e+00
 2.84698159e+02   1.10029337e+01    1.10000000e+01    1.86599055e+00    1.86599055e+00
 2.85495596e+02   1.09984978e+01    1.09950000e+01    1.86658098e+00    1.86658098e+00
 2.86293034e+02   1.09979233e+01    1.09950000e+01    1.86716746e+00    1.86716746e+00
 2.87090472e+02   1.09934861e+01    1.09900000e+01    1.86775002e+00    1.86775002e+00
 2.87887910e+02   1.09929218e+01    1.09900000e+01    1.86832884e+00    1.86832884e+00
 2.88685348e+02   1.09884914e+01    1.09850000e+01    1.86890374e+00    1.86890374e+00
 2.89482786e+02   1.09879161e+01    1.09850000e+01    1.86947483e+00    1.86947483e+00
 2.90280224e+02   1.09834976e+01    1.09800000e+01    1.87004226e+00    1.87004226e+00
 2.91077662e+02   1.09829132e+01    1.09800000e+01    1.87060584e+00    1.87060584e+00
 2.91875100e+02   1.09784994e+01    1.09750000e+01    1.87116574e+00    1.87116574e+00
 2.92672538e+02   1.09779118e+01    1.09750000e+01    1.87172199e+00    1.87172199e+00
 2.93469976e+02   1.09735046e+01    1.09700000e+01    1.87227450e+00    1.87227450e+00
 2.94267414e+02   1.09729159e+01    1.09700000e+01    1.87282346e+00    1.87282345e+00
 2.95064852e+02   1.09685178e+01    1.09650000e+01    1.87336876e+00    1.87336876e+00
 2.95862290e+02   1.09679326e+01    1.09650000e+01    1.87391043e+00    1.87391043e+00
 2.96659728e+02   1.09635354e+01    1.09600000e+01    1.87444866e+00    1.87444866e+00
 2.97457166e+02   1.09629578e+01    1.09600000e+01    1.87498326e+00    1.87498326e+00
 2.98254604e+02   1.09585437e+01    1.09550000e+01    1.87551434e+00    1.87551434e+00
 2.99052042e+02   1.09579788e+01    1.09550000e+01    1.87604204e+00    1.87604204e+00
 2.99849480e+02   1.09535573e+01    1.09500000e+01    1.87656617e+00    1.87656617e+00
 3.00646918e+02   1.09529965e+01    1.09500000e+01    1.87708689e+00    1.87708689e+00
 3.01444355e+02   1.09485792e+01    1.09450000e+01    1.87760424e+00    1.87760424e+00
 3.02241793e+02   1.09480261e+01    1.09450000e+01    1.87811812e+00    1.87811812e+00
 3.03039231e+02   1.09436178e+01    1.09400000e+01    1.87862870e+00    1.87862870e+00
 3.03836669e+02   1.09430599e+01    1.09400000e+01    1.87913591e+00    1.87913591e+00
 3.04634107e+02   1.09386536e+01    1.09350000e+01    1.87963975e+00    1.87963974e+00
 3.05431545e+02   1.09380854e+01    1.09350000e+01    1.88014039e+00    1.88014039e+00
 3.06228983e+02   1.09336902e+01    1.09300000e+01    1.88063767e+00    1.88063767e+00
 3.07026421e+02   1.09331101e+01    1.09300000e+01    1.88113168e+00    1.88113168e+00
 3.07823859e+02   1.09287274e+01    1.09250000e+01    1.88162257e+00    1.88162257e+00
 3.08621297e+02   1.09281566e+01    1.09250000e+01    1.88211014e+00    1.88211014e+00
 3.09418735e+02   1.09276203e+01    1.09250000e+01    1.88259453e+00    1.88259453e+00
 3.10216173e+02   1.09232133e+01    1.09200000e+01    1.88307583e+00    1.88307583e+00
 3.11013611e+02   1.09226592e+01    1.09200000e+01    1.88355390e+00    1.88355390e+00
 3.11811049e+02   1.09182588e+01    1.09150000e+01    1.88402890e+00    1.88402890e+00
 3.12608487e+02   1.09176977e+01    1.09150000e+01    1.88450080e+00    1.88450080e+00
 3.13405925e+02   1.09133037e+01    1.09100000e+01    1.88496955e+00    1.88496955e+00
 3.14203363e+02   1.09127494e+01    1.09100000e+01    1.88543535e+00    1.88543535e+00
 3.15000801e+02   1.09083691e+01    1.09050000e+01    1.88589804e+00    1.88589804e+00
 3.15798239e+02   1.09078156e+01    1.09050000e+01    1.88635768e+00    1.88635768e+00
 3.16595677e+02   1.09034239e+01    1.09000000e+01    1.88681444e+00    1.88681444e+00
 3.17393114e+02   1.09028756e+01    1.09000000e+01    1.88726812e+00    1.88726812e+00
 3.18190552e+02   1.08984700e+01    1.08950000e+01    1.88771883e+00    1.88771883e+00
 3.18987990e+02   1.08979344e+01    1.08950000e+01    1.88816671e+00    1.88816671e+00
 3.19785428e+02   1.08935348e+01    1.08900000e+01    1.88861157e+00    1.88861157e+00
 3.20582866e+02   1.08930074e+01    1.08900000e+01    1.88905355e+00    1.88905355e+00
 3.21380304e+02   1.08886200e+01    1.08850000e+01    1.88949270e+00    1.88949270e+00
 3.22177742e+02   1.08880721e+01    1.08850000e+01    1.88992891e+00    1.88992891e+00
 3.22975180e+02   1.08875413e+01    1.08850000e+01    1.89036234e+00    1.89036234e+00
 3.23772618e+02   1.08831328e+01    1.08800000e+01    1.89079293e+00    1.89079293e+00
 3.24570056e+02   1.08826068e+01    1.08800000e+01    1.89122065e+00    1.89122065e+00
 3.25367494e+02   1.08782131e+01    1.08750000e+01    1.89164570e+00    1.89164569e+00
 3.26164932e+02   1.08776960e+01    1.08750000e+01    1.89206790e+00    1.89206790e+00
 3.26962370e+02   1.08733019e+01    1.08700000e+01    1.89248731e+00    1.89248731e+00
 3.27759808e+02   1.08727681e+01    1.08700000e+01    1.89290411e+00    1.89290411e+00
 3.28557246e+02   1.08683837e+01    1.08650000e+01    1.89331810e+00    1.89331810e+00
 3.29354684e+02   1.08678353e+01    1.08650000e+01    1.89372937e+00    1.89372937e+00
 3.30152122e+02   1.08634724e+01    1.08600000e+01    1.89413808e+00    1.89413808e+00
 3.30949560e+02   1.08629364e+01    1.08600000e+01    1.89454402e+00    1.89454402e+00
 3.31746998e+02   1.08585651e+01    1.08550000e+01    1.89494732e+00    1.89494732e+00
 3.32544436e+02   1.08580314e+01    1.08550000e+01    1.89534807e+00    1.89534807e+00
 3.33341873e+02   1.08536467e+01    1.08500000e+01    1.89574612e+00    1.89574612e+00
 3.34139311e+02   1.08531192e+01    1.08500000e+01    1.89614162e+00    1.89614162e+00
 3.34936749e+02   1.08525915e+01    1.08500000e+01    1.89653457e+00    1.89653457e+00
 3.35734187e+02   1.08482254e+01    1.08450000e+01    1.89692489e+00    1.89692489e+00
 3.36531625e+02   1.08477031e+01    1.08450000e+01    1.89731274e+00    1.89731273e+00
 3.37329063e+02   1.08433230e+01    1.08400000e+01    1.89769802e+00    1.89769802e+00
 3.38126501e+02   1.08427980e+01    1.08400000e+01    1.89808075e+00    1.89808075e+00
 3.38923939e+02   1.08384132e+01    1.08350000e+01    1.89846109e+00    1.89846109e+00
 3.39721377e+02   1.08379053e+01    1.08350000e+01    1.89883888e+00    1.89883888e+00
 3.40518815e+02   1.08335306e+01    1.08300000e+01    1.89921417e+00    1.89921417e+00
 3.41316253e+02   1.08330187e+01    1.08300000e+01    1.89958713e+00    1.89958713e+00
 3.42113691e+02   1.08325041e+01    1.08300000e+01    1.89995756e+00    1.89995756e+00
 3.42911129e+02   1.08281121e+01    1.08250000e+01    1.90032556e+00    1.90032556e+00
 3.43708567e+02   1.08276100e+01    1.08250000e+01    1.90069127e+00    1.90069127e+00
 3.44506005e+02   1.08232316e+01    1.08200000e+01    1.90105450e+00    1.90105449e+00
 3.45303443e+02   1.08227316e+01    1.08200000e+01    1.90141534e+00    1.90141534e+00
 3.46100881e+02   1.08183606e+01    1.08150000e+01    1.90177393e+00    1.90177393e+00
 3.46898319e+02   1.08178396e+01    1.08150000e+01    1.90213008e+00    1.90213008e+00
 3.47695757e+02   1.08134748e+01    1.08100000e+01    1.90248392e+00    1.90248392e+00
 3.48493195e+02   1.08129555e+01    1.08100000e+01    1.90283552e+00    1.90283551e+00
 3.49290633e+02   1.08086099e+01    1.08050000e+01    1.90318472e+00    1.90318472e+00
 3.50088070e+02   1.08080931e+01    1.08050000e+01    1.90353169e+00    1.90353169e+00
 3.50885508e+02   1.08075887e+01    1.08050000e+01    1.90387641e+00    1.90387641e+00
 3.51682946e+02   1.08032172e+01    1.08000000e+01    1.90421881e+00    1.90421881e+00
 3.52480384e+02   1.08027045e+01    1.08000000e+01    1.90455903e+00    1.90455903e+00
 3.53277822e+02   1.07983579e+01    1.07950000e+01    1.90489701e+00    1.90489701e+00
 3.54075260e+02   1.07978475e+01    1.07950000e+01    1.90523272e+00    1.90523272e+00
 3.54872698e+02   1.07934902e+01    1.07900000e+01    1.90556632e+00    1.90556631e+00
 3.55670136e+02   1.07929816e+01    1.07900000e+01    1.90589768e+00    1.90589768e+00
 3.56467574e+02   1.07924762e+01    1.07900000e+01    1.90622683e+00    1.90622683e+00
 3.57265012e+02   1.07881263e+01    1.07850000e+01    1.90655392e+00    1.90655392e+00
 3.58062450e+02   1.07876270e+01    1.07850000e+01    1.90687880e+00    1.90687879e+00
 3.58859888e+02   1.07832642e+01    1.07800000e+01    1.90720150e+00    1.90720150e+00
 3.59657326e+02   1.07827664e+01    1.07800000e+01    1.90752221e+00    1.90752221e+00
 3.60454764e+02   1.07783987e+01    1.07750000e+01    1.90784072e+00    1.90784072e+00
 3.61252202e+02   1.07779124e+01    1.07750000e+01    1.90815711e+00    1.90815711e+00
 3.62049640e+02   1.07735622e+01    1.07700000e+01    1.90847155e+00    1.90847155e+00
 3.62847078e+02   1.07730623e+01    1.07700000e+01    1.90878382e+00    1.90878381e+00
 3.63644516e+02   1.07725680e+01    1.07700000e+01    1.90909401e+00    1.90909401e+00
 3.64441954e+02   1.07682035e+01    1.07650000e+01    1.90940228e+00    1.90940228e+00
 3.65239392e+02   1.07677259e+01    1.07650000e+01    1.90970842e+00    1.90970842e+00
 3.66036829e+02   1.07633678e+01    1.07600000e+01    1.91001253e+00    1.91001253e+00
 3.66834267e+02   1.07628784e+01    1.07600000e+01    1.91031475e+00    1.91031475e+00
 3.67631705e+02   1.07585272e+01    1.07550000e+01    1.91061487e+00    1.91061487e+00
 3.68429143e+02   1.07580236e+01    1.07550000e+01    1.91091301e+00    1.91091300e+00
 3.69226581e+02   1.07575592e+01    1.07550000e+01    1.91120928e+00    1.91120928e+00
 3.70024019e+02   1.07531989e+01    1.07500000e+01    1.91150350e+00    1.91150349e+00
 3.70821457e+02   1.07527093e+01    1.07500000e+01    1.91179576e+00    1.91179576e+00
 3.71618895e+02   1.07483636e+01    1.07450000e+01    1.91208619e+00    1.91208619e+00
 3.72416333e+02   1.07478684e+01    1.07450000e+01    1.91237460e+00    1.91237460e+00
 3.73213771e+02   1.07435376e+01    1.07400000e+01    1.91266111e+00    1.91266111e+00
 3.74011209e+02   1.07430475e+01    1.07400000e+01    1.91294580e+00    1.91294580e+00
 3.74808647e+02   1.07425642e+01    1.07400000e+01    1.91322851e+00    1.91322851e+00
 3.75606085e+02   1.07382157e+01    1.07350000e+01    1.91350935e+00    1.91350935e+00
 3.76403523e+02   1.07377350e+01    1.07350000e+01    1.91378840e+00    1.91378840e+00
 3.77200961e+02   1.07333986e+01    1.07300000e+01    1.91406551e+00    1.91406550e+00
 3.77998399e+02   1.07329113e+01    1.07300000e+01    1.91434078e+00    1.91434078e+00
 3.78795837e+02   1.07324373e+01    1.07300000e+01    1.91461430e+00    1.91461430e+00
 3.79593275e+02   1.07280920e+01    1.07250000e+01    1.91488590e+00    1.91488590e+00
 3.80390713e+02   1.07276168e+01    1.07250000e+01    1.91515572e+00    1.91515572e+00
 3.81188151e+02   1.07232795e+01    1.07200000e+01    1.91542379e+00    1.91542379e+00
 3.81985588e+02   1.07227979e+01    1.07200000e+01    1.91569000e+00    1.91569000e+00
 3.82783026e+02   1.07184524e+01    1.07150000e+01    1.91595445e+00    1.91595444e+00
 3.83580464e+02   1.07179893e+01    1.07150000e+01    1.91621718e+00    1.91621718e+00
 3.84377902e+02   1.07175171e+01    1.07150000e+01    1.91647808e+00    1.91647808e+00
 3.85175340e+02   1.07131705e+01    1.07100000e+01    1.91673725e+00    1.91673725e+00
 3.85972778e+02   1.07127037e+01    1.07100000e+01    1.91699475e+00    1.91699475e+00
 3.86770216e+02   1.07083589e+01    1.07050000e+01    1.91725043e+00    1.91725043e+00
 3.87567654e+02   1.07078954e+01    1.07050000e+01    1.91750443e+00    1.91750443e+00
 3.88365092e+02   1.07074339e+01    1.07050000e+01    1.91775677e+00    1.91775677e+00
 3.89162530e+02   1.07030817e+01    1.07000000e+01    1.91800734e+00    1.91800734e+00
 3.89959968e+02   1.07026240e+01    1.07000000e+01    1.91825624e+00    1.91825624e+00
 3.90757406e+02   1.06982885e+01    1.06950000e+01    1.91850352e+00    1.91850352e+00
 3.91554844e+02   1.06978220e+01    1.06950000e+01    1.91874906e+00    1.91874906e+00
 3.92352282e+02   1.06934896e+01    1.06900000e+01    1.91899296e+00    1.91899295e+00
 3.93149720e+02   1.06930172e+01    1.06900000e+01    1.91923527e+00    1.91923527e+00
 3.93947158e+02   1.06925665e+01    1.06900000e+01    1.91947586e+00    1.91947586e+00
 3.94744596e+02   1.06882244e+01    1.06850000e+01    1.91971483e+00    1.91971483e+00
 3.95542034e+02   1.06877630e+01    1.06850000e+01    1.91995226e+00    1.91995226e+00
 3.96339472e+02   1.06834373e+01    1.06800000e+01    1.92018799e+00    1.92018799e+00
 3.97136910e+02   1.06829683e+01    1.06800000e+01    1.92042213e+00    1.92042213e+00
 3.97934347e+02   1.06825220e+01    1.06800000e+01    1.92065475e+00    1.92065475e+00
 3.98731785e+02   1.06781843e+01    1.06750000e+01    1.92088571e+00    1.92088571e+00
 3.99529223e+02   1.06777188e+01    1.06750000e+01    1.92111508e+00    1.92111508e+00
 4.00326661e+02   1.06734056e+01    1.06700000e+01    1.92134299e+00    1.92134299e+00
 4.01124099e+02   1.06729373e+01    1.06700000e+01    1.92156925e+00    1.92156925e+00
 4.01921537e+02   1.06724860e+01    1.06700000e+01    1.92179395e+00    1.92179395e+00
 4.02718975e+02   1.06681600e+01    1.06650000e+01    1.92201722e+00    1.92201722e+00
 4.03516413e+02   1.06677015e+01    1.06650000e+01    1.92223886e+00    1.92223886e+00
 4.04313851e+02   1.06633796e+01    1.06600000e+01    1.92245897e+00    1.92245897e+00
 4.05111289e+02   1.06629251e+01    1.06600000e+01    1.92267768e+00    1.92267768e+00
 4.05908727e+02   1.06624736e+01    1.06600000e+01    1.92289478e+00    1.92289478e+00
 4.06706165e+02   1.06581485e+01    1.06550000e+01    1.92311037e+00    1.92311037e+00
 4.07503603e+02   1.06576958e+01    1.06550000e+01    1.92332460e+00    1.92332460e+00
 4.08301041e+02   1.06533744e+01    1.06500000e+01    1.92353724e+00    1.92353724e+00
 4.09098479e+02   1.06529214e+01    1.06500000e+01    1.92374839e+00    1.92374839e+00
 4.09895917e+02   1.06524812e+01    1.06500000e+01    1.92395821e+00    1.92395821e+00
 4.10693355e+02   1.06481539e+01    1.06450000e+01    1.92416647e+00    1.92416647e+00
 4.11490793e+02   1.06477065e+01    1.06450000e+01    1.92437326e+00    1.92437326e+00
 4.12288231e+02   1.06433852e+01    1.06400000e+01    1.92457873e+00    1.92457873e+00
 4.13085669e+02   1.06429406e+01    1.06400000e+01    1.92478269e+00    1.92478269e+00
 4.13883106e+02   1.06424971e+01    1.06400000e+01    1.92498520e+00    1.92498520e+00
 4.14680544e+02   1.06381731e+01    1.06350000e+01    1.92518640e+00    1.92518640e+00
 4.15477982e+02   1.06377354e+01    1.06350000e+01    1.92538612e+00    1.92538612e+00
 4.16275420e+02   1.06334139e+01    1.06300000e+01    1.92558442e+00    1.92558442e+00
 4.17072858e+02   1.06329709e+01    1.06300000e+01    1.92578141e+00    1.92578141e+00
 4.17870296e+02   1.06325367e+01    1.06300000e+01    1.92597698e+00    1.92597698e+00
 4.18667734e+02   1.06282107e+01    1.06250000e+01    1.92617114e+00    1.92617114e+00
 4.19465172e+02   1.06277732e+01    1.06250000e+01    1.92636399e+00    1.92636399e+00
 4.20262610e+02   1.06273485e+01    1.06250000e+01    1.92655547e+00    1.92655547e+00
 4.21060048e+02   1.06230136e+01    1.06200000e+01    1.92674556e+00    1.92674556e+00
 4.21857486e+02   1.06225832e+01    1.06200000e+01    1.92693433e+00    1.92693433e+00
 4.22654924e+02   1.06182690e+01    1.06150000e+01    1.92712181e+00    1.92712181e+00
 4.23452362e+02   1.06178260e+01    1.06150000e+01    1.92730789e+00    1.92730789e+00
 4.24249800e+02   1.06174035e+01    1.06150000e+01    1.92749265e+00    1.92749265e+00
 4.25047238e+02   1.06130794e+01    1.06100000e+01    1.92767618e+00    1.92767618e+00
 4.25844676e+02   1.06126484e+01    1.06100000e+01    1.92785832e+00    1.92785832e+00
 4.26642114e+02   1.06083385e+01    1.06050000e+01    1.92803915e+00    1.92803915e+00
 4.27439552e+02   1.06079005e+01    1.06050000e+01    1.92821879e+00    1.92821879e+00
 4.28236990e+02   1.06074737e+01    1.06050000e+01    1.92839705e+00    1.92839705e+00
 4.29034428e+02   1.06031619e+01    1.06000000e+01    1.92857401e+00    1.92857401e+00
 4.29831865e+02   1.06027250e+01    1.06000000e+01    1.92874982e+00    1.92874982e+00
 4.30629303e+02   1.05984249e+01    1.05950000e+01    1.92892427e+00    1.92892427e+00
 4.31426741e+02   1.05979873e+01    1.05950000e+01    1.92909743e+00    1.92909743e+00
 4.32224179e+02   1.05975618e+01    1.05950000e+01    1.92926946e+00    1.92926946e+00
 4.33021617e+02   1.05932557e+01    1.05900000e+01    1.92944016e+00    1.92944016e+00
 4.33819055e+02   1.05928193e+01    1.05900000e+01    1.92960960e+00    1.92960960e+00
 4.34616493e+02   1.05924047e+01    1.05900000e+01    1.92977788e+00    1.92977788e+00
 4.35413931e+02   1.05880942e+01    1.05850000e+01    1.92994491e+00    1.92994491e+00
 4.36211369e+02   1.05876607e+01    1.05850000e+01    1.93011068e+00    1.93011068e+00
 4.37008807e+02   1.05833642e+01    1.05800000e+01    1.93027528e+00    1.93027528e+00
 4.37806245e+02   1.05829376e+01    1.05800000e+01    1.93043871e+00    1.93043871e+00
 4.38603683e+02   1.05825123e+01    1.05800000e+01    1.93060087e+00    1.93060087e+00
 4.39401121e+02   1.05782058e+01    1.05750000e+01    1.93076184e+00    1.93076184e+00
 4.40198559e+02   1.05777907e+01    1.05750000e+01    1.93092172e+00    1.93092172e+00
 4.40995997e+02   1.05773689e+01    1.05750000e+01    1.93108033e+00    1.93108033e+00
 4.41793435e+02   1.05730568e+01    1.05700000e+01    1.93123775e+00    1.93123775e+00
 4.42590873e+02   1.05726475e+01    1.05700000e+01    1.93139413e+00    1.93139412e+00
 4.43388311e+02   1.05683389e+01    1.05650000e+01    1.93154924e+00    1.93154924e+00
 4.44185749e+02   1.05679157e+01    1.05650000e+01    1.93170318e+00    1.93170318e+00
 4.44983187e+02   1.05675074e+01    1.05650000e+01    1.93185609e+00    1.93185609e+00
 4.45780624e+02   1.05632014e+01    1.05600000e+01    1.93200778e+00    1.93200777e+00
 4.46578062e+02   1.05627802e+01    1.05600000e+01    1.93215831e+00    1.93215831e+00
 4.47375500e+02   1.05623737e+01    1.05600000e+01    1.93230777e+00    1.93230777e+00
 4.48172938e+02   1.05580676e+01    1.05550000e+01    1.93245611e+00    1.93245611e+00
 4.48970376e+02   1.05576530e+01    1.05550000e+01    1.93260328e+00    1.93260328e+00
 4.49767814e+02   1.05533527e+01    1.05500000e+01    1.93274935e+00    1.93274935e+00
 4.50565252e+02   1.05529420e+01    1.05500000e+01    1.93289439e+00    1.93289439e+00
 4.51362690e+02   1.05525309e+01    1.05500000e+01    1.93303826e+00    1.93303826e+00
 4.52160128e+02   1.05482243e+01    1.05450000e+01    1.93318101e+00    1.93318101e+00
 4.52957566e+02   1.05478211e+01    1.05450000e+01    1.93332279e+00    1.93332279e+00
 4.53755004e+02   1.05474146e+01    1.05450000e+01    1.93346339e+00    1.93346339e+00
 4.54552442e+02   1.05431045e+01    1.05400000e+01    1.93360289e+00    1.93360289e+00
 4.55349880e+02   1.05427030e+01    1.05400000e+01    1.93374144e+00    1.93374144e+00
 4.56147318e+02   1.05423063e+01    1.05400000e+01    1.93387884e+00    1.93387884e+00
 4.56944756e+02   1.05379909e+01    1.05350000e+01    1.93401515e+00    1.93401515e+00
 4.57742194e+02   1.05375891e+01    1.05350000e+01    1.93415048e+00    1.93415048e+00
 4.58539632e+02   1.05333050e+01    1.05300000e+01    1.93428475e+00    1.93428475e+00
 4.59337070e+02   1.05328828e+01    1.05300000e+01    1.93441794e+00    1.93441794e+00
 4.60134508e+02   1.05324815e+01    1.05300000e+01    1.93455008e+00    1.93455008e+00
 4.60931946e+02   1.05281993e+01    1.05250000e+01    1.93468129e+00    1.93468128e+00
 4.61729384e+02   1.05277793e+01    1.05250000e+01    1.93481137e+00    1.93481137e+00
 4.62526821e+02   1.05273821e+01    1.05250000e+01    1.93494042e+00    1.93494042e+00
 4.63324259e+02   1.05230980e+01    1.05200000e+01    1.93506857e+00    1.93506857e+00
 4.64121697e+02   1.05226810e+01    1.05200000e+01    1.93519561e+00    1.93519561e+00
 4.64919135e+02   1.05222906e+01    1.05200000e+01    1.93532163e+00    1.93532163e+00
 4.65716573e+02   1.05180002e+01    1.05150000e+01    1.93544673e+00    1.93544673e+00
 4.66514011e+02   1.05175890e+01    1.05150000e+01    1.93557080e+00    1.93557080e+00
 4.67311449e+02   1.05133042e+01    1.05100000e+01    1.93569385e+00    1.93569385e+00
 4.68108887e+02   1.05129066e+01    1.05100000e+01    1.93581593e+00    1.93581593e+00
 4.68906325e+02   1.05125033e+01    1.05100000e+01    1.93593709e+00    1.93593709e+00
 4.69703763e+02   1.05082160e+01    1.05050000e+01    1.93605721e+00    1.93605721e+00
 4.70501201e+02   1.05078192e+01    1.05050000e+01    1.93617633e+00    1.93617633e+00
 4.71298639e+02   1.05074228e+01    1.05050000e+01    1.93629461e+00    1.93629461e+00
 4.72096077e+02   1.05031322e+01    1.05000000e+01    1.93641184e+00    1.93641184e+00
 4.72893515e+02   1.05027389e+01    1.05000000e+01    1.93652809e+00    1.93652809e+00
 4.73690953e+02   1.05023465e+01    1.05000000e+01    1.93664348e+00    1.93664348e+00
 4.74488391e+02   1.04980537e+01    1.04950000e+01    1.93675788e+00    1.93675788e+00
 4.75285829e+02   1.04976648e+01    1.04950000e+01    1.93687132e+00    1.93687132e+00
 4.76083267e+02   1.04972743e+01    1.04950000e+01    1.93698383e+00    1.93698383e+00
 4.76880705e+02   1.04929806e+01    1.04900000e+01    1.93709549e+00    1.93709549e+00
 4.77678143e+02   1.04925956e+01    1.04900000e+01    1.93720614e+00    1.93720614e+00
 4.78475580e+02   1.04883055e+01    1.04850000e+01    1.93731584e+00    1.93731584e+00
 4.79273018e+02   1.04879120e+01    1.04850000e+01    1.93742476e+00    1.93742476e+00
 4.80070456e+02   1.04875310e+01    1.04850000e+01    1.93753266e+00    1.93753266e+00
 4.80867894e+02   1.04832392e+01    1.04800000e+01    1.93763965e+00    1.93763965e+00
 4.81665332e+02   1.04828466e+01    1.04800000e+01    1.93774580e+00    1.93774580e+00
 4.82462770e+02   1.04824719e+01    1.04800000e+01    1.93785105e+00    1.93785104e+00
 4.83260208e+02   1.04781782e+01    1.04750000e+01    1.93795536e+00    1.93795536e+00
 4.84057646e+02   1.04777854e+01    1.04750000e+01    1.93805877e+00    1.93805877e+00
 4.84855084e+02   1.04774179e+01    1.04750000e+01    1.93816140e+00    1.93816140e+00
 4.85652522e+02   1.04731213e+01    1.04700000e+01    1.93826306e+00    1.93826306e+00
 4.86449960e+02   1.04727309e+01    1.04700000e+01    1.93836382e+00    1.93836382e+00
 4.87247398e+02   1.04723673e+01    1.04700000e+01    1.93846382e+00    1.93846382e+00
 4.88044836e+02   1.04680691e+01    1.04650000e+01    1.93856289e+00    1.93856288e+00
 4.88842274e+02   1.04676832e+01    1.04650000e+01    1.93866107e+00    1.93866107e+00
 4.89639712e+02   1.04673191e+01    1.04650000e+01    1.93875842e+00    1.93875842e+00
 4.90437150e+02   1.04630227e+01    1.04600000e+01    1.93885497e+00    1.93885497e+00
 4.91234588e+02   1.04626413e+01    1.04600000e+01    1.93895061e+00    1.93895061e+00
 4.92032026e+02   1.04622758e+01    1.04600000e+01    1.93904537e+00    1.93904537e+00
 4.92829464e+02   1.04579804e+01    1.04550000e+01    1.93913942e+00    1.93913942e+00
 4.93626902e+02   1.04576043e+01    1.04550000e+01    1.93923253e+00    1.93923253e+00
 4.94424339e+02   1.04533361e+01    1.04500000e+01    1.93932480e+00    1.93932480e+00
 4.95221777e+02   1.04529395e+01    1.04500000e+01    1.93941630e+00    1.93941630e+00
 4.96019215e+02   1.04525718e+01    1.04500000e+01    1.93950698e+00    1.93950698e+00
 4.96816653e+02   1.04482993e+01    1.04450000e+01    1.93959680e+00    1.93959680e+00
 4.97614091e+02   1.04479032e+01    1.04450000e+01    1.93968578e+00    1.93968578e+00
 4.98411529e+02   1.04475426e+01    1.04450000e+01    1.93977407e+00    1.93977407e+00
 4.99208967e+02   1.04432670e+01    1.04400000e+01    1.93986145e+00    1.93986145e+00
 5.00006405e+02   1.04428761e+01    1.04400000e+01    1.93994801e+00    1.93994801e+00
 5.00803843e+02   1.04425138e+01    1.04400000e+01    1.94003385e+00    1.94003385e+00
 5.01601281e+02   1.04382394e+01    1.04350000e+01    1.94011888e+00    1.94011887e+00
 5.02398719e+02   1.04378571e+01    1.04350000e+01    1.94020308e+00    1.94020307e+00
 5.03196157e+02   1.04374872e+01    1.04350000e+01    1.94028647e+00    1.94028647e+00
 5.03993595e+02   1.04332169e+01    1.04300000e+01    1.94036920e+00    1.94036920e+00
 5.04791033e+02   1.04328417e+01    1.04300000e+01    1.94045104e+00    1.94045104e+00
 5.05588471e+02   1.04324697e+01    1.04300000e+01    1.94053210e+00    1.94053210e+00
 5.06385909e+02   1.04281987e+01    1.04250000e+01    1.94061248e+00    1.94061248e+00
 5.07183347e+02   1.04278308e+01    1.04250000e+01    1.94069204e+00    1.94069204e+00
 5.07980785e+02   1.04274546e+01    1.04250000e+01    1.94077082e+00    1.94077082e+00
 5.08778223e+02   1.04231829e+01    1.04200000e+01    1.94084882e+00    1.94084882e+00
 5.09575661e+02   1.04228227e+01    1.04200000e+01    1.94092618e+00    1.94092618e+00
 5.10373098e+02   1.04224420e+01    1.04200000e+01    1.94100268e+00    1.94100268e+00
 5.11170536e+02   1.04181755e+01    1.04150000e+01    1.94107842e+00    1.94107842e+00
 5.11967974e+02   1.04178136e+01    1.04150000e+01    1.94115351e+00    1.94115351e+00
 5.12765412e+02   1.04174367e+01    1.04150000e+01    1.94122781e+00    1.94122781e+00
 5.13562850e+02   1.04131787e+01    1.04100000e+01    1.94130136e+00    1.94130136e+00
 5.14360288e+02   1.04128029e+01    1.04100000e+01    1.94137415e+00    1.94137415e+00
 5.15157726e+02   1.04124353e+01    1.04100000e+01    1.94144632e+00    1.94144632e+00
 5.15955164e+02   1.04081812e+01    1.04050000e+01    1.94151767e+00    1.94151767e+00
 5.16752602e+02   1.04078010e+01    1.04050000e+01    1.94158828e+00    1.94158828e+00
 5.17550040e+02   1.04074414e+01    1.04050000e+01    1.94165825e+00    1.94165825e+00
 5.18347478e+02   1.04031832e+01    1.04000000e+01    1.94172748e+00    1.94172748e+00
 5.19144916e+02   1.04028063e+01    1.04000000e+01    1.94179596e+00    1.94179596e+00
 5.19942354e+02   1.04024514e+01    1.04000000e+01    1.94186371e+00    1.94186371e+00
 5.20739792e+02   1.03981917e+01    1.03950000e+01    1.94193088e+00    1.94193088e+00
 5.21537230e+02   1.03978176e+01    1.03950000e+01    1.94199724e+00    1.94199724e+00
 5.22334668e+02   1.03974675e+01    1.03950000e+01    1.94206290e+00    1.94206290e+00
 5.23132106e+02   1.03931958e+01    1.03900000e+01    1.94212791e+00    1.94212791e+00
 5.23929544e+02   1.03928339e+01    1.03900000e+01    1.94219225e+00    1.94219224e+00
 5.24726982e+02   1.03924838e+01    1.03900000e+01    1.94225584e+00    1.94225584e+00
 5.25524420e+02   1.03882089e+01    1.03850000e+01    1.94231872e+00    1.94231872e+00
 5.26321857e+02   1.03878587e+01    1.03850000e+01    1.94238105e+00    1.94238105e+00
 5.27119295e+02   1.03874963e+01    1.03850000e+01    1.94244260e+00    1.94244260e+00
 5.27916733e+02   1.03832330e+01    1.03800000e+01    1.94250346e+00    1.94250346e+00
 5.28714171e+02   1.03828776e+01    1.03800000e+01    1.94256368e+00    1.94256368e+00
 5.29511609e+02   1.03825160e+01    1.03800000e+01    1.94262329e+00    1.94262329e+00
 5.30309047e+02   1.03782675e+01    1.03750000e+01    1.94268216e+00    1.94268215e+00
 5.31106485e+02   1.03779013e+01    1.03750000e+01    1.94274033e+00    1.94274033e+00
 5.31903923e+02   1.03775436e+01    1.03750000e+01    1.94279796e+00    1.94279796e+00
 5.32701361e+02   1.03772121e+01    1.03750000e+01    1.94285487e+00    1.94285487e+00
 5.33498799e+02   1.03729267e+01    1.03700000e+01    1.94291111e+00    1.94291111e+00
 5.34296237e+02   1.03725733e+01    1.03700000e+01    1.94296669e+00    1.94296669e+00
 5.35093675e+02   1.03722431e+01    1.03700000e+01    1.94302172e+00    1.94302172e+00
 5.35891113e+02   1.03679593e+01    1.03650000e+01    1.94307602e+00    1.94307602e+00
 5.36688551e+02   1.03676152e+01    1.03650000e+01    1.94312966e+00    1.94312966e+00
 5.37485989e+02   1.03672681e+01    1.03650000e+01    1.94318273e+00    1.94318273e+00
 5.38283427e+02   1.03630038e+01    1.03600000e+01    1.94323517e+00    1.94323517e+00
 5.39080865e+02   1.03626539e+01    1.03600000e+01    1.94328693e+00    1.94328693e+00
 5.39878303e+02   1.03623022e+01    1.03600000e+01    1.94333804e+00    1.94333804e+00
 5.40675741e+02   1.03580553e+01    1.03550000e+01    1.94338864e+00    1.94338864e+00
 5.41473179e+02   1.03576942e+01    1.03550000e+01    1.94343853e+00    1.94343853e+00
 5.42270616e+02   1.03573468e+01    1.03550000e+01    1.94348780e+00    1.94348779e+00
 5.43068054e+02   1.03531009e+01    1.03500000e+01    1.94353645e+00    1.94353645e+00
 5.43865492e+02   1.03527361e+01    1.03500000e+01    1.94358457e+00    1.94358457e+00
 5.44662930e+02   1.03524026e+01    1.03500000e+01    1.94363200e+00    1.94363200e+00
 5.45460368e+02   1.03481436e+01    1.03450000e+01    1.94367880e+00    1.94367880e+00
 5.46257806e+02   1.03477889e+01    1.03450000e+01    1.94372508e+00    1.94372508e+00
 5.47055244e+02   1.03474529e+01    1.03450000e+01    1.94377074e+00    1.94377074e+00
 5.47852682e+02   1.03431961e+01    1.03400000e+01    1.94381577e+00    1.94381576e+00
 5.48650120e+02   1.03428506e+01    1.03400000e+01    1.94386016e+00    1.94386016e+00
 5.49447558e+02   1.03425051e+01    1.03400000e+01    1.94390409e+00    1.94390409e+00
 5.50244996e+02   1.03382559e+01    1.03350000e+01    1.94394734e+00    1.94394734e+00
 5.51042434e+02   1.03379147e+01    1.03350000e+01    1.94399000e+00    1.94399000e+00
 5.51839872e+02   1.03375535e+01    1.03350000e+01    1.94403207e+00    1.94403207e+00
 5.52637310e+02   1.03372375e+01    1.03350000e+01    1.94407365e+00    1.94407365e+00
 5.53434748e+02   1.03329694e+01    1.03300000e+01    1.94411456e+00    1.94411456e+00
 5.54232186e+02   1.03326220e+01    1.03300000e+01    1.94415488e+00    1.94415488e+00
 5.55029624e+02   1.03322945e+01    1.03300000e+01    1.94419469e+00    1.94419469e+00
 5.55827062e+02   1.03280356e+01    1.03250000e+01    1.94423394e+00    1.94423394e+00
 5.56624500e+02   1.03277005e+01    1.03250000e+01    1.94427257e+00    1.94427257e+00
 5.57421938e+02   1.03273529e+01    1.03250000e+01    1.94431061e+00    1.94431060e+00
 5.58219376e+02   1.03231106e+01    1.03200000e+01    1.94434819e+00    1.94434819e+00
 5.59016813e+02   1.03227711e+01    1.03200000e+01    1.94438514e+00    1.94438514e+00
 5.59814251e+02   1.03224213e+01    1.03200000e+01    1.94442153e+00    1.94442153e+00
 5.60611689e+02   1.03181873e+01    1.03150000e+01    1.94445734e+00    1.94445734e+00
 5.61409127e+02   1.03178362e+01    1.03150000e+01    1.94449271e+00    1.94449271e+00
 5.62206565e+02   1.03175062e+01    1.03150000e+01    1.94452743e+00    1.94452743e+00
 5.63004003e+02   1.03132647e+01    1.03100000e+01    1.94456161e+00    1.94456161e+00
 5.63801441e+02   1.03129128e+01    1.03100000e+01    1.94459525e+00    1.94459525e+00
 5.64598879e+02   1.03125910e+01    1.03100000e+01    1.94462842e+00    1.94462842e+00
 5.65396317e+02   1.03122488e+01    1.03100000e+01    1.94466097e+00    1.94466097e+00
 5.66193755e+02   1.03080055e+01    1.03050000e+01    1.94469297e+00    1.94469297e+00
 5.66991193e+02   1.03076619e+01    1.03050000e+01    1.94472451e+00    1.94472450e+00
 5.67788631e+02   1.03073364e+01    1.03050000e+01    1.94475550e+00    1.94475550e+00
 5.68586069e+02   1.03030928e+01    1.03000000e+01    1.94478593e+00    1.94478593e+00
 5.69383507e+02   1.03027447e+01    1.03000000e+01    1.94481579e+00    1.94481579e+00
 5.70180945e+02   1.03024298e+01    1.03000000e+01    1.94484525e+00    1.94484525e+00
 5.70978383e+02   1.02981757e+01    1.02950000e+01    1.94487411e+00    1.94487411e+00
 5.71775821e+02   1.02978457e+01    1.02950000e+01    1.94490245e+00    1.94490245e+00
 5.72573259e+02   1.02975097e+01    1.02950000e+01    1.94493024e+00    1.94493023e+00
 5.73370697e+02   1.02971911e+01    1.02950000e+01    1.94495763e+00    1.94495763e+00
 5.74168135e+02   1.02929403e+01    1.02900000e+01    1.94498441e+00    1.94498441e+00
 5.74965572e+02   1.02926005e+01    1.02900000e+01    1.94501069e+00    1.94501069e+00
 5.75763010e+02   1.02922880e+01    1.02900000e+01    1.94503645e+00    1.94503645e+00
 5.76560448e+02   1.02880339e+01    1.02850000e+01    1.94506181e+00    1.94506181e+00
 5.77357886e+02   1.02877060e+01    1.02850000e+01    1.94508656e+00    1.94508656e+00
 5.78155324e+02   1.02873806e+01    1.02850000e+01    1.94511082e+00    1.94511082e+00
 5.78952762e+02   1.02831349e+01    1.02800000e+01    1.94513460e+00    1.94513460e+00
 5.79750200e+02   1.02828101e+01    1.02800000e+01    1.94515794e+00    1.94515794e+00
 5.80547638e+02   1.02824762e+01    1.02800000e+01    1.94518072e+00    1.94518072e+00
 5.81345076e+02   1.02821717e+01    1.02800000e+01    1.94520298e+00    1.94520298e+00
 5.82142514e+02   1.02779083e+01    1.02750000e+01    1.94522483e+00    1.94522483e+00
 5.82939952e+02   1.02775888e+01    1.02750000e+01    1.94524618e+00    1.94524618e+00
 5.83737390e+02   1.02772709e+01    1.02750000e+01    1.94526701e+00    1.94526701e+00
 5.84534828e+02   1.02730180e+01    1.02700000e+01    1.94528733e+00    1.94528733e+00
 5.85332266e+02   1.02726974e+01    1.02700000e+01    1.94530727e+00    1.94530727e+00
 5.86129704e+02   1.02723721e+01    1.02700000e+01    1.94532668e+00    1.94532668e+00
 5.86927142e+02   1.02681477e+01    1.02650000e+01    1.94534560e+00    1.94534560e+00
 5.87724580e+02   1.02678010e+01    1.02650000e+01    1.94536401e+00    1.94536401e+00
 5.88522018e+02   1.02674915e+01    1.02650000e+01    1.94538206e+00    1.94538206e+00
 5.89319456e+02   1.02671786e+01    1.02650000e+01    1.94539957e+00    1.94539957e+00
 5.90116894e+02   1.02629262e+01    1.02600000e+01    1.94541661e+00    1.94541661e+00
 5.90914331e+02   1.02626025e+01    1.02600000e+01    1.94543315e+00    1.94543315e+00
 5.91711769e+02   1.02622870e+01    1.02600000e+01    1.94544935e+00    1.94544935e+00
 5.92509207e+02   1.02580599e+01    1.02550000e+01    1.94546500e+00    1.94546500e+00
 5.93306645e+02   1.02577173e+01    1.02550000e+01    1.94548019e+00    1.94548019e+00
 5.94104083e+02   1.02574102e+01    1.02550000e+01    1.94549490e+00    1.94549490e+00
 5.94901521e+02   1.02531761e+01    1.02500000e+01    1.94550927e+00    1.94550927e+00
 5.95698959e+02   1.02528534e+01    1.02500000e+01    1.94552310e+00    1.94552310e+00
 5.96496397e+02   1.02525328e+01    1.02500000e+01    1.94553647e+00    1.94553647e+00
 5.97293835e+02   1.02522173e+01    1.02500000e+01    1.94554939e+00    1.94554939e+00
 5.98091273e+02   1.02479909e+01    1.02450000e+01    1.94556196e+00    1.94556196e+00
 5.98888711e+02   1.02476533e+01    1.02450000e+01    1.94557400e+00    1.94557400e+00
 5.99686149e+02   1.02473516e+01    1.02450000e+01    1.94558559e+00    1.94558559e+00
 6.00483587e+02   1.02431088e+01    1.02400000e+01    1.94559675e+00    1.94559675e+00
 6.01281025e+02   1.02428009e+01    1.02400000e+01    1.94560755e+00    1.94560755e+00
 6.02078463e+02   1.02424768e+01    1.02400000e+01    1.94561783e+00    1.94561783e+00
 6.02875901e+02   1.02421750e+01    1.02400000e+01    1.94562767e+00    1.94562767e+00
 6.03673339e+02   1.02379329e+01    1.02350000e+01    1.94563710e+00    1.94563710e+00
 6.04470777e+02   1.02376114e+01    1.02350000e+01    1.94564617e+00    1.94564617e+00
 6.05268215e+02   1.02373068e+01    1.02350000e+01    1.94565472e+00    1.94565472e+00
 6.06065653e+02   1.02330671e+01    1.02300000e+01    1.94566285e+00    1.94566285e+00
 6.06863090e+02   1.02327601e+01    1.02300000e+01    1.94567058e+00    1.94567058e+00
 6.07660528e+02   1.02324364e+01    1.02300000e+01    1.94567794e+00    1.94567794e+00
 6.08457966e+02   1.02282254e+01    1.02250000e+01    1.94568480e+00    1.94568480e+00
 6.09255404e+02   1.02278927e+01    1.02250000e+01    1.94569124e+00    1.94569124e+00
 6.10052842e+02   1.02275864e+01    1.02250000e+01    1.94569730e+00    1.94569730e+00
 6.10850280e+02   1.02272829e+01    1.02250000e+01    1.94570299e+00    1.94570299e+00
 6.11647718e+02   1.02230476e+01    1.02200000e+01    1.94570819e+00    1.94570819e+00
 6.12445156e+02   1.02227361e+01    1.02200000e+01    1.94571297e+00    1.94571297e+00
 6.13242594e+02   1.02224175e+01    1.02200000e+01    1.94571739e+00    1.94571739e+00
 6.14040032e+02   1.02182063e+01    1.02150000e+01    1.94572143e+00    1.94572143e+00
 6.14837470e+02   1.02178804e+01    1.02150000e+01    1.94572501e+00    1.94572501e+00
 6.15634908e+02   1.02175794e+01    1.02150000e+01    1.94572817e+00    1.94572817e+00
 6.16432346e+02   1.02172641e+01    1.02150000e+01    1.94573096e+00    1.94573096e+00
 6.17229784e+02   1.02130489e+01    1.02100000e+01    1.94573340e+00    1.94573340e+00
 6.18027222e+02   1.02127239e+01    1.02100000e+01    1.94573537e+00    1.94573537e+00
 6.18824660e+02   1.02124247e+01    1.02100000e+01    1.94573694e+00    1.94573694e+00
 6.19622098e+02   1.02082031e+01    1.02050000e+01    1.94573814e+00    1.94573814e+00
 6.20419536e+02   1.02078900e+01    1.02050000e+01    1.94573900e+00    1.94573900e+00
 6.21216974e+02   1.02075839e+01    1.02050000e+01    1.94573940e+00    1.94573940e+00
 6.22014412e+02   1.02072753e+01    1.02050000e+01    1.94573940e+00    1.94573940e+00
 6.22811849e+02   1.02030523e+01    1.02000000e+01    1.94573904e+00    1.94573904e+00
 6.23609287e+02   1.02027386e+01    1.02000000e+01    1.94573836e+00    1.94573836e+00
 6.24406725e+02   1.02024460e+01    1.02000000e+01    1.94573721e+00    1.94573721e+00
 6.25204163e+02   1.01982135e+01    1.01950000e+01    1.94573567e+00    1.94573567e+00
 6.26001601e+02   1.01979125e+01    1.01950000e+01    1.94573378e+00    1.94573378e+00
 6.26799039e+02   1.01975991e+01    1.01950000e+01    1.94573157e+00    1.94573157e+00
 6.27596477e+02   1.01973113e+01    1.01950000e+01    1.94572890e+00    1.94572890e+00
 6.28393915e+02   1.01930776e+01    1.01900000e+01    1.94572586e+00    1.94572586e+00
 6.29191353e+02   1.01927737e+01    1.01900000e+01    1.94572246e+00    1.94572246e+00
 6.29988791e+02   1.01924709e+01    1.01900000e+01    1.94571876e+00    1.94571876e+00
 6.30786229e+02   1.01921821e+01    1.01900000e+01    1.94571460e+00    1.94571460e+00
 6.31583667e+02   1.01879485e+01    1.01850000e+01    1.94571008e+00    1.94571008e+00
 6.32381105e+02   1.01876376e+01    1.01850000e+01    1.94570519e+00    1.94570519e+00
 6.33178543e+02   1.01873530e+01    1.01850000e+01    1.94570002e+00    1.94570002e+00
 6.33975981e+02   1.01831233e+01    1.01800000e+01    1.94569440e+00    1.94569440e+00
 6.34773419e+02   1.01828205e+01    1.01800000e+01    1.94568843e+00    1.94568843e+00
 6.35570857e+02   1.01825119e+01    1.01800000e+01    1.94568208e+00    1.94568207e+00
 6.36368295e+02   1.01822381e+01    1.01800000e+01    1.94567547e+00    1.94567547e+00
 6.37165733e+02   1.01779966e+01    1.01750000e+01    1.94566841e+00    1.94566841e+00
 6.37963171e+02   1.01777035e+01    1.01750000e+01    1.94566101e+00    1.94566101e+00
 6.38760608e+02   1.01773957e+01    1.01750000e+01    1.94565323e+00    1.94565323e+00
 6.39558046e+02   1.01731998e+01    1.01700000e+01    1.94564520e+00    1.94564520e+00
 6.40355484e+02   1.01728799e+01    1.01700000e+01    1.94563674e+00    1.94563674e+00
 6.41152922e+02   1.01725894e+01    1.01700000e+01    1.94562793e+00    1.94562793e+00
 6.41950360e+02   1.01722880e+01    1.01700000e+01    1.94561874e+00    1.94561874e+00
 6.42747798e+02   1.01680813e+01    1.01650000e+01    1.94560931e+00    1.94560931e+00
 6.43545236e+02   1.01677734e+01    1.01650000e+01    1.94559947e+00    1.94559947e+00
 6.44342674e+02   1.01674793e+01    1.01650000e+01    1.94558928e+00    1.94558928e+00
 6.45140112e+02   1.01671911e+01    1.01650000e+01    1.94557872e+00    1.94557872e+00
 6.45937550e+02   1.01629675e+01    1.01600000e+01    1.94556791e+00    1.94556791e+00
 6.46734988e+02   1.01626695e+01    1.01600000e+01    1.94555672e+00    1.94555672e+00
 6.47532426e+02   1.01623741e+01    1.01600000e+01    1.94554517e+00    1.94554517e+00
 6.48329864e+02   1.01581681e+01    1.01550000e+01    1.94553325e+00    1.94553325e+00
 6.49127302e+02   1.01578590e+01    1.01550000e+01    1.94552108e+00    1.94552108e+00
 6.49924740e+02   1.01575690e+01    1.01550000e+01    1.94550857e+00    1.94550857e+00
 6.50722178e+02   1.01572778e+01    1.01550000e+01    1.94549568e+00    1.94549568e+00
 6.51519616e+02   1.01530706e+01    1.01500000e+01    1.94548245e+00    1.94548245e+00
 6.52317054e+02   1.01527585e+01    1.01500000e+01    1.94546892e+00    1.94546892e+00
 6.53114492e+02   1.01524785e+01    1.01500000e+01    1.94545512e+00    1.94545512e+00
 6.53911930e+02   1.01521890e+01    1.01500000e+01    1.94544091e+00    1.94544091e+00
 6.54709367e+02   1.01479773e+01    1.01450000e+01    1.94542639e+00    1.94542639e+00
 6.55506805e+02   1.01476657e+01    1.01450000e+01    1.94541154e+00    1.94541154e+00
 6.56304243e+02   1.01473930e+01    1.01450000e+01    1.94539646e+00    1.94539646e+00
 6.57101681e+02   1.01431752e+01    1.01400000e+01    1.94538097e+00    1.94538097e+00
 6.57899119e+02   1.01428891e+01    1.01400000e+01    1.94536517e+00    1.94536517e+00
 6.58696557e+02   1.01425802e+01    1.01400000e+01    1.94534903e+00    1.94534903e+00
 6.59493995e+02   1.01423119e+01    1.01400000e+01    1.94533268e+00    1.94533268e+00
 6.60291433e+02   1.01380898e+01    1.01350000e+01    1.94531593e+00    1.94531593e+00
 6.61088871e+02   1.01378059e+01    1.01350000e+01    1.94529888e+00    1.94529888e+00
 6.61886309e+02   1.01375027e+01    1.01350000e+01    1.94528148e+00    1.94528148e+00
 6.62683747e+02   1.01372356e+01    1.01350000e+01    1.94526387e+00    1.94526387e+00
 6.63481185e+02   1.01330107e+01    1.01300000e+01    1.94524590e+00    1.94524590e+00
 6.64278623e+02   1.01327276e+01    1.01300000e+01    1.94522761e+00    1.94522760e+00
 6.65076061e+02   1.01324314e+01    1.01300000e+01    1.94520898e+00    1.94520898e+00
 6.65873499e+02   1.01321645e+01    1.01300000e+01    1.94519011e+00    1.94519011e+00
 6.66670937e+02   1.01279378e+01    1.01250000e+01    1.94517095e+00    1.94517095e+00
 6.67468375e+02   1.01276546e+01    1.01250000e+01    1.94515144e+00    1.94515144e+00
 6.68265813e+02   1.01273654e+01    1.01250000e+01    1.94513161e+00    1.94513161e+00
 6.69063251e+02   1.01231643e+01    1.01200000e+01    1.94511150e+00    1.94511150e+00
 6.69860689e+02   1.01228700e+01    1.01200000e+01    1.94509118e+00    1.94509118e+00
 6.70658127e+02   1.01225873e+01    1.01200000e+01    1.94507046e+00    1.94507046e+00
 6.71455564e+02   1.01223042e+01    1.01200000e+01    1.94504947e+00    1.94504947e+00
 6.72253002e+02   1.01180968e+01    1.01150000e+01    1.94502815e+00    1.94502815e+00
 6.73050440e+02   1.01178068e+01    1.01150000e+01    1.94500665e+00    1.94500665e+00
 6.73847878e+02   1.01175260e+01    1.01150000e+01    1.94498477e+00    1.94498477e+00
 6.74645316e+02   1.01172477e+01    1.01150000e+01    1.94496261e+00    1.94496261e+00
 6.75442754e+02   1.01130357e+01    1.01100000e+01    1.94494013e+00    1.94494012e+00
 6.76240192e+02   1.01127477e+01    1.01100000e+01    1.94491744e+00    1.94491744e+00
 6.77037630e+02   1.01124705e+01    1.01100000e+01    1.94489444e+00    1.94489444e+00
 6.77835068e+02   1.01121958e+01    1.01100000e+01    1.94487113e+00    1.94487113e+00
 6.78632506e+02   1.01079809e+01    1.01050000e+01    1.94484751e+00    1.94484751e+00
 6.79429944e+02   1.01076928e+01    1.01050000e+01    1.94482365e+00    1.94482365e+00
 6.80227382e+02   1.01074204e+01    1.01050000e+01    1.94479955e+00    1.94479955e+00
 6.81024820e+02   1.01071488e+01    1.01050000e+01    1.94477510e+00    1.94477510e+00
 6.81822258e+02   1.01029318e+01    1.01000000e+01    1.94475038e+00    1.94475038e+00
 6.82619696e+02   1.01026434e+01    1.01000000e+01    1.94472536e+00    1.94472536e+00
 6.83417134e+02   1.01023751e+01    1.01000000e+01    1.94470017e+00    1.94470017e+00
 6.84214572e+02   1.00981722e+01    1.00950000e+01    1.94467462e+00    1.94467462e+00
 6.85012010e+02   1.00978876e+01    1.00950000e+01    1.94464880e+00    1.94464880e+00
 6.85809448e+02   1.00975997e+01    1.00950000e+01    1.94462267e+00    1.94462267e+00
 6.86606886e+02   1.00973337e+01    1.00950000e+01    1.94459636e+00    1.94459636e+00
 6.87404323e+02   1.00931303e+01    1.00900000e+01    1.94456975e+00    1.94456975e+00
 6.88201761e+02   1.00928478e+01    1.00900000e+01    1.94454284e+00    1.94454284e+00
 6.88999199e+02   1.00925614e+01    1.00900000e+01    1.94451564e+00    1.94451564e+00
 6.89796637e+02   1.00922967e+01    1.00900000e+01    1.94448821e+00    1.94448821e+00
 6.90594075e+02   1.00880928e+01    1.00850000e+01    1.94446057e+00    1.94446057e+00
 6.91391513e+02   1.00878130e+01    1.00850000e+01    1.94443258e+00    1.94443258e+00
 6.92188951e+02   1.00875278e+01    1.00850000e+01    1.94440434e+00    1.94440434e+00
 6.92986389e+02   1.00872658e+01    1.00850000e+01    1.94437582e+00    1.94437582e+00
 6.93783827e+02   1.00830589e+01    1.00800000e+01    1.94434713e+00    1.94434713e+00
 6.94581265e+02   1.00827835e+01    1.00800000e+01    1.94431811e+00    1.94431811e+00
 6.95378703e+02   1.00824988e+01    1.00800000e+01    1.94428884e+00    1.94428884e+00
 6.96176141e+02   1.00822411e+01    1.00800000e+01    1.94425927e+00    1.94425927e+00
 6.96973579e+02   1.00780281e+01    1.00750000e+01    1.94422951e+00    1.94422951e+00
 6.97771017e+02   1.00777590e+01    1.00750000e+01    1.94419951e+00    1.94419951e+00
 6.98568455e+02   1.00774744e+01    1.00750000e+01    1.94416919e+00    1.94416919e+00
 6.99365893e+02   1.00772214e+01    1.00750000e+01    1.94413862e+00    1.94413862e+00
 7.00163331e+02   1.00730018e+01    1.00700000e+01    1.94410780e+00    1.94410780e+00
 7.00960769e+02   1.00727381e+01    1.00700000e+01    1.94407682e+00    1.94407681e+00
 7.01758207e+02   1.00724556e+01    1.00700000e+01    1.94404549e+00    1.94404549e+00
 7.02555645e+02   1.00722057e+01    1.00700000e+01    1.94401394e+00    1.94401394e+00
 7.03353082e+02   1.00679826e+01    1.00650000e+01    1.94398209e+00    1.94398209e+00
 7.04150520e+02   1.00677192e+01    1.00650000e+01    1.94395009e+00    1.94395009e+00
 7.04947958e+02   1.00674424e+01    1.00650000e+01    1.94391782e+00    1.94391782e+00
 7.05745396e+02   1.00671926e+01    1.00650000e+01    1.94388527e+00    1.94388527e+00
 7.06542834e+02   1.00629716e+01    1.00600000e+01    1.94385246e+00    1.94385246e+00
 7.07340272e+02   1.00627032e+01    1.00600000e+01    1.94381942e+00    1.94381942e+00
 7.08137710e+02   1.00624334e+01    1.00600000e+01    1.94378623e+00    1.94378623e+00
 7.08935148e+02   1.00621826e+01    1.00600000e+01    1.94375270e+00    1.94375270e+00
 7.09732586e+02   1.00579670e+01    1.00550000e+01    1.94371895e+00    1.94371895e+00
 7.10530024e+02   1.00576923e+01    1.00550000e+01    1.94368492e+00    1.94368492e+00
 7.11327462e+02   1.00574274e+01    1.00550000e+01    1.94365074e+00    1.94365074e+00
 7.12124900e+02   1.00571755e+01    1.00550000e+01    1.94361629e+00    1.94361629e+00
 7.12922338e+02   1.00529653e+01    1.00500000e+01    1.94358160e+00    1.94358159e+00
 7.13719776e+02   1.00526879e+01    1.00500000e+01    1.94354670e+00    1.94354669e+00
 7.14517214e+02   1.00524220e+01    1.00500000e+01    1.94351163e+00    1.94351163e+00
 7.15314652e+02   1.00521671e+01    1.00500000e+01    1.94347647e+00    1.94347647e+00
 7.16112090e+02   1.00479619e+01    1.00450000e+01    1.94344107e+00    1.94344107e+00
 7.16909528e+02   1.00476823e+01    1.00450000e+01    1.94340553e+00    1.94340553e+00
 7.17706966e+02   1.00474165e+01    1.00450000e+01    1.94336981e+00    1.94336981e+00
 7.18504404e+02   1.00471558e+01    1.00450000e+01    1.94333407e+00    1.94333407e+00
 7.19301841e+02   1.00429573e+01    1.00400000e+01    1.94329814e+00    1.94329814e+00
 7.20099279e+02   1.00426737e+01    1.00400000e+01    1.94326208e+00    1.94326208e+00
 7.20896717e+02   1.00424113e+01    1.00400000e+01    1.94322589e+00    1.94322588e+00
 7.21694155e+02   1.00421452e+01    1.00400000e+01    1.94318962e+00    1.94318962e+00
 7.22491593e+02   1.00379510e+01    1.00350000e+01    1.94315332e+00    1.94315331e+00
 7.23289031e+02   1.00376631e+01    1.00350000e+01    1.94311684e+00    1.94311683e+00
 7.24086469e+02   1.00374046e+01    1.00350000e+01    1.94308029e+00    1.94308029e+00
 7.24883907e+02   1.00371369e+01    1.00350000e+01    1.94304362e+00    1.94304362e+00
 7.25681345e+02   1.00329420e+01    1.00300000e+01    1.94300699e+00    1.94300699e+00
 7.26478783e+02   1.00326536e+01    1.00300000e+01    1.94297021e+00    1.94297021e+00
 7.27276221e+02   1.00323958e+01    1.00300000e+01    1.94293337e+00    1.94293337e+00
 7.28073659e+02   1.00321309e+01    1.00300000e+01    1.94289643e+00    1.94289643e+00
 7.28871097e+02   1.00279296e+01    1.00250000e+01    1.94285949e+00    1.94285949e+00
 7.29668535e+02   1.00276474e+01    1.00250000e+01    1.94282254e+00    1.94282253e+00
 7.30465973e+02   1.00273844e+01    1.00250000e+01    1.94278546e+00    1.94278546e+00
 7.31263411e+02   1.00271250e+01    1.00250000e+01    1.94274835e+00    1.94274835e+00
 7.32060849e+02   1.00229174e+01    1.00200000e+01    1.94271117e+00    1.94271117e+00
 7.32858287e+02   1.00226415e+01    1.00200000e+01    1.94267407e+00    1.94267407e+00
 7.33655725e+02   1.00223740e+01    1.00200000e+01    1.94263685e+00    1.94263685e+00
 7.34453163e+02   1.00221197e+01    1.00200000e+01    1.94259962e+00    1.94259961e+00
 7.35250600e+02   1.00179065e+01    1.00150000e+01    1.94256232e+00    1.94256232e+00
 7.36048038e+02   1.00176339e+01    1.00150000e+01    1.94252506e+00    1.94252506e+00
 7.36845476e+02   1.00173674e+01    1.00150000e+01    1.94248780e+00    1.94248780e+00
 7.37642914e+02   1.00171146e+01    1.00150000e+01    1.94245047e+00    1.94245047e+00
 7.38440352e+02   1.00128961e+01    1.00100000e+01    1.94241313e+00    1.94241313e+00
 7.39237790e+02   1.00126265e+01    1.00100000e+01    1.94237577e+00    1.94237577e+00
 7.40035228e+02   1.00123590e+01    1.00100000e+01    1.94233851e+00    1.94233851e+00
 7.40832666e+02   1.00121095e+01    1.00100000e+01    1.94230115e+00    1.94230115e+00
 7.41630104e+02   1.00078849e+01    1.00050000e+01    1.94226381e+00    1.94226381e+00
 7.42427542e+02   1.00076209e+01    1.00050000e+01    1.94222644e+00    1.94222644e+00
 7.43224980e+02   1.00073492e+01    1.00050000e+01    1.94218915e+00    1.94218915e+00
 7.44022418e+02   1.00071043e+01    1.00050000e+01    1.94215186e+00    1.94215186e+00
 7.44819856e+02   1.00028761e+01    1.00000000e+01    1.94211454e+00    1.94211454e+00
 7.45617294e+02   1.00026164e+01    1.00000000e+01    1.94207723e+00    1.94207723e+00
 7.46414732e+02   1.00023381e+01    1.00000000e+01    1.94203994e+00    1.94203993e+00
 7.47212170e+02   1.00020981e+01    1.00000000e+01    1.94200275e+00    1.94200275e+00
 7.48009608e+02   9.99787066e+00    9.99500000e+00    1.94196551e+00    1.94196550e+00
 7.48807046e+02   9.99761085e+00    9.99500000e+00    1.94192830e+00    1.94192830e+00
 7.49604484e+02   9.99732997e+00    9.99500000e+00    1.94189108e+00    1.94189108e+00
 7.50401922e+02   9.99708956e+00    9.99500000e+00    1.94185398e+00    1.94185397e+00
 7.51199359e+02   9.99286669e+00    9.99000000e+00    1.94181688e+00    1.94181688e+00
 7.51996797e+02   9.99260384e+00    9.99000000e+00    1.94177978e+00    1.94177978e+00
 7.52794235e+02   9.99232853e+00    9.99000000e+00    1.94174272e+00    1.94174272e+00
 7.53591673e+02   9.98813542e+00    9.98500000e+00    1.94170569e+00    1.94170569e+00
 7.54389111e+02   9.98786242e+00    9.98500000e+00    1.94166879e+00    1.94166879e+00
 7.55186549e+02   9.98759684e+00    9.98500000e+00    1.94163185e+00    1.94163185e+00
 7.55983987e+02   9.98732935e+00    9.98500000e+00    1.94159497e+00    1.94159497e+00
 7.56781425e+02   9.98312835e+00    9.98000000e+00    1.94155809e+00    1.94155809e+00
 7.57578863e+02   9.98285949e+00    9.98000000e+00    1.94152136e+00    1.94152135e+00
 7.58376301e+02   9.98259086e+00    9.98000000e+00    1.94148464e+00    1.94148464e+00
 7.59173739e+02   9.98232935e+00    9.98000000e+00    1.94144794e+00    1.94144794e+00
 7.59971177e+02   9.97812648e+00    9.97500000e+00    1.94141129e+00    1.94141129e+00
 7.60768615e+02   9.97785596e+00    9.97500000e+00    1.94137471e+00    1.94137471e+00
 7.61566053e+02   9.97758357e+00    9.97500000e+00    1.94133826e+00    1.94133826e+00
 7.62363491e+02   9.97732917e+00    9.97500000e+00    1.94130178e+00    1.94130178e+00
 7.63160929e+02   9.97312539e+00    9.97000000e+00    1.94126539e+00    1.94126539e+00
 7.63958367e+02   9.97285465e+00    9.97000000e+00    1.94122901e+00    1.94122901e+00
 7.64755805e+02   9.97257848e+00    9.97000000e+00    1.94119280e+00    1.94119280e+00
 7.65553243e+02   9.97233006e+00    9.97000000e+00    1.94115661e+00    1.94115661e+00
 7.66350681e+02   9.96812285e+00    9.96500000e+00    1.94112046e+00    1.94112046e+00
 7.67148118e+02   9.96785533e+00    9.96500000e+00    1.94108437e+00    1.94108437e+00
 7.67945556e+02   9.96757595e+00    9.96500000e+00    1.94104837e+00    1.94104837e+00
 7.68742994e+02   9.96733041e+00    9.96500000e+00    1.94101251e+00    1.94101251e+00
 7.69540432e+02   9.96311960e+00    9.96000000e+00    1.94097664e+00    1.94097664e+00
 7.70337870e+02   9.96285544e+00    9.96000000e+00    1.94094087e+00    1.94094087e+00
 7.71135308e+02   9.96257824e+00    9.96000000e+00    1.94090512e+00    1.94090512e+00
 7.71932746e+02   9.96232914e+00    9.96000000e+00    1.94086956e+00    1.94086956e+00
 7.72730184e+02   9.95812596e+00    9.95500000e+00    1.94083403e+00    1.94083403e+00
 7.73527622e+02   9.95785283e+00    9.95500000e+00    1.94079856e+00    1.94079856e+00
 7.74325060e+02   9.95758254e+00    9.95500000e+00    1.94076316e+00    1.94076316e+00
 7.75122498e+02   9.95732661e+00    9.95500000e+00    1.94072785e+00    1.94072785e+00
 7.75919936e+02   9.95708012e+00    9.95500000e+00    1.94069270e+00    1.94069270e+00
 7.76717374e+02   9.95285520e+00    9.95000000e+00    1.94065756e+00    1.94065756e+00
 7.77514812e+02   9.95259143e+00    9.95000000e+00    1.94062252e+00    1.94062252e+00
 7.78312250e+02   9.95232609e+00    9.95000000e+00    1.94058753e+00    1.94058753e+00
 7.79109688e+02   9.95208586e+00    9.95000000e+00    1.94055272e+00    1.94055272e+00
 7.79907126e+02   9.94786097e+00    9.94500000e+00    1.94051796e+00    1.94051796e+00
 7.80704564e+02   9.94759899e+00    9.94500000e+00    1.94048327e+00    1.94048327e+00
 7.81502002e+02   9.94732785e+00    9.94500000e+00    1.94044866e+00    1.94044866e+00
 7.82299440e+02   9.94709059e+00    9.94500000e+00    1.94041415e+00    1.94041415e+00
 7.83096878e+02   9.94286812e+00    9.94000000e+00    1.94037982e+00    1.94037982e+00
 7.83894315e+02   9.94260654e+00    9.94000000e+00    1.94034549e+00    1.94034549e+00
 7.84691753e+02   9.94233640e+00    9.94000000e+00    1.94031128e+00    1.94031128e+00
 7.85489191e+02   9.94209745e+00    9.94000000e+00    1.94027714e+00    1.94027714e+00
 7.86286629e+02   9.93787056e+00    9.93500000e+00    1.94024318e+00    1.94024317e+00
 7.87084067e+02   9.93761410e+00    9.93500000e+00    1.94020928e+00    1.94020928e+00
 7.87881505e+02   9.93734795e+00    9.93500000e+00    1.94017546e+00    1.94017546e+00
 7.88678943e+02   9.93710623e+00    9.93500000e+00    1.94014173e+00    1.94014173e+00
 7.89476381e+02   9.93288172e+00    9.93000000e+00    1.94010811e+00    1.94010811e+00
 7.90273819e+02   9.93261963e+00    9.93000000e+00    1.94007468e+00    1.94007468e+00
 7.91071257e+02   9.93235964e+00    9.93000000e+00    1.94004126e+00    1.94004126e+00
 7.91868695e+02   9.93211515e+00    9.93000000e+00    1.94000797e+00    1.94000797e+00
 7.92666133e+02   9.92789918e+00    9.92500000e+00    1.93997473e+00    1.93997473e+00
 7.93463571e+02   9.92762878e+00    9.92500000e+00    1.93994170e+00    1.93994170e+00
 7.94261009e+02   9.92737669e+00    9.92500000e+00    1.93990875e+00    1.93990875e+00
 7.95058447e+02   9.92712134e+00    9.92500000e+00    1.93987588e+00    1.93987588e+00
 7.95855885e+02   9.92291808e+00    9.92000000e+00    1.93984311e+00    1.93984311e+00
 7.96653323e+02   9.92264075e+00    9.92000000e+00    1.93981044e+00    1.93981044e+00
 7.97450761e+02   9.92239262e+00    9.92000000e+00    1.93977798e+00    1.93977798e+00
 7.98248199e+02   9.92213263e+00    9.92000000e+00    1.93974555e+00    1.93974555e+00
 7.99045637e+02   9.91793617e+00    9.91500000e+00    1.93971324e+00    1.93971324e+00
 7.99843074e+02   9.91765493e+00    9.91500000e+00    1.93968101e+00    1.93968101e+00
 8.00640512e+02   9.91740526e+00    9.91500000e+00    1.93964895e+00    1.93964895e+00
 8.01437950e+02   9.91715190e+00    9.91500000e+00    1.93961703e+00    1.93961703e+00
 8.02235388e+02   9.91295258e+00    9.91000000e+00    1.93958516e+00    1.93958516e+00
 8.03032826e+02   9.91267491e+00    9.91000000e+00    1.93955342e+00    1.93955342e+00
 8.03830264e+02   9.91241658e+00    9.91000000e+00    1.93952176e+00    1.93952176e+00
 8.04627702e+02   9.91217023e+00    9.91000000e+00    1.93949034e+00    1.93949034e+00
 8.05425140e+02   9.90796997e+00    9.90500000e+00    1.93945895e+00    1.93945895e+00
 8.06222578e+02   9.90770291e+00    9.90500000e+00    1.93942769e+00    1.93942768e+00
 8.07020016e+02   9.90743429e+00    9.90500000e+00    1.93939651e+00    1.93939651e+00
 8.07817454e+02   9.90719066e+00    9.90500000e+00    1.93936549e+00    1.93936549e+00
 8.08614892e+02   9.90298561e+00    9.90000000e+00    1.93933465e+00    1.93933465e+00
 8.09412330e+02   9.90272835e+00    9.90000000e+00    1.93930384e+00    1.93930384e+00
 8.10209768e+02   9.90245940e+00    9.90000000e+00    1.93927319e+00    1.93927319e+00
 8.11007206e+02   9.90221298e+00    9.90000000e+00    1.93924261e+00    1.93924261e+00
 8.11804644e+02   9.89800546e+00    9.89500000e+00    1.93921224e+00    1.93921224e+00
 8.12602082e+02   9.89775453e+00    9.89500000e+00    1.93918197e+00    1.93918197e+00
 8.13399520e+02   9.89748011e+00    9.89500000e+00    1.93915179e+00    1.93915179e+00
 8.14196958e+02   9.89723678e+00    9.89500000e+00    1.93912173e+00    1.93912173e+00
 8.14994396e+02   9.89303187e+00    9.89000000e+00    1.93909179e+00    1.93909179e+00
 8.15791833e+02   9.89277961e+00    9.89000000e+00    1.93906207e+00    1.93906207e+00
 8.16589271e+02   9.89251171e+00    9.89000000e+00    1.93903239e+00    1.93903239e+00
 8.17386709e+02   9.89225760e+00    9.89000000e+00    1.93900285e+00    1.93900285e+00
 8.18184147e+02   9.88806288e+00    9.88500000e+00    1.93897340e+00    1.93897340e+00
 8.18981585e+02   9.88780131e+00    9.88500000e+00    1.93894414e+00    1.93894414e+00
 8.19779023e+02   9.88754727e+00    9.88500000e+00    1.93891503e+00    1.93891502e+00
 8.20576461e+02   9.88728533e+00    9.88500000e+00    1.93888598e+00    1.93888598e+00
 8.21373899e+02   9.88705251e+00    9.88500000e+00    1.93885706e+00    1.93885706e+00
 8.22171337e+02   9.88282227e+00    9.88000000e+00    1.93882826e+00    1.93882826e+00
 8.22968775e+02   9.88258021e+00    9.88000000e+00    1.93879969e+00    1.93879969e+00
 8.23766213e+02   9.88231627e+00    9.88000000e+00    1.93877117e+00    1.93877117e+00
 8.24563651e+02   9.88208225e+00    9.88000000e+00    1.93874278e+00    1.93874278e+00
 8.25361089e+02   9.87785910e+00    9.87500000e+00    1.93871451e+00    1.93871451e+00
 8.26158527e+02   9.87760912e+00    9.87500000e+00    1.93868639e+00    1.93868639e+00
 8.26955965e+02   9.87734985e+00    9.87500000e+00    1.93865846e+00    1.93865846e+00
 8.27753403e+02   9.87710827e+00    9.87500000e+00    1.93863058e+00    1.93863058e+00
 8.28550841e+02   9.87289953e+00    9.87000000e+00    1.93860286e+00    1.93860286e+00
 8.29348279e+02   9.87264062e+00    9.87000000e+00    1.93857523e+00    1.93857523e+00
 8.30145717e+02   9.87239046e+00    9.87000000e+00    1.93854781e+00    1.93854781e+00
 8.30943155e+02   9.87214108e+00    9.87000000e+00    1.93852051e+00    1.93852051e+00
 8.31740592e+02   9.86794227e+00    9.86500000e+00    1.93849331e+00    1.93849331e+00
 8.32538030e+02   9.86767197e+00    9.86500000e+00    1.93846624e+00    1.93846624e+00
 8.33335468e+02   9.86742858e+00    9.86500000e+00    1.93843929e+00    1.93843929e+00
 8.34132906e+02   9.86717753e+00    9.86500000e+00    1.93841256e+00    1.93841256e+00
 8.34930344e+02   9.86298437e+00    9.86000000e+00    1.93838591e+00    1.93838590e+00
 8.35727782e+02   9.86271522e+00    9.86000000e+00    1.93835939e+00    1.93835938e+00
 8.36525220e+02   9.86246925e+00    9.86000000e+00    1.93833298e+00    1.93833297e+00
 8.37322658e+02   9.86221280e+00    9.86000000e+00    1.93830672e+00    1.93830672e+00
 8.38120096e+02   9.85802144e+00    9.85500000e+00    1.93828067e+00    1.93828067e+00
 8.38917534e+02   9.85776197e+00    9.85500000e+00    1.93825467e+00    1.93825467e+00
 8.39714972e+02   9.85750917e+00    9.85500000e+00    1.93822884e+00    1.93822884e+00
 8.40512410e+02   9.85726246e+00    9.85500000e+00    1.93820310e+00    1.93820310e+00
 8.41309848e+02   9.85306354e+00    9.85000000e+00    1.93817757e+00    1.93817757e+00
 8.42107286e+02   9.85281381e+00    9.85000000e+00    1.93815218e+00    1.93815218e+00
 8.42904724e+02   9.85254665e+00    9.85000000e+00    1.93812686e+00    1.93812686e+00
 8.43702162e+02   9.85231151e+00    9.85000000e+00    1.93810170e+00    1.93810170e+00
 8.44499600e+02   9.85206135e+00    9.85000000e+00    1.93807666e+00    1.93807666e+00
 8.45297038e+02   9.84786039e+00    9.84500000e+00    1.93805185e+00    1.93805185e+00
 8.46094476e+02   9.84759904e+00    9.84500000e+00    1.93802711e+00    1.93802711e+00
 8.46891914e+02   9.84735721e+00    9.84500000e+00    1.93800250e+00    1.93800250e+00
 8.47689351e+02   9.84711249e+00    9.84500000e+00    1.93797802e+00    1.93797802e+00
 8.48486789e+02   9.84289890e+00    9.84000000e+00    1.93795368e+00    1.93795368e+00
 8.49284227e+02   9.84265501e+00    9.84000000e+00    1.93792956e+00    1.93792956e+00
 8.50081665e+02   9.84239941e+00    9.84000000e+00    1.93790549e+00    1.93790549e+00
 8.50879103e+02   9.84216775e+00    9.84000000e+00    1.93788160e+00    1.93788160e+00
 8.51676541e+02   9.83795585e+00    9.83500000e+00    1.93785780e+00    1.93785780e+00
 8.52473979e+02   9.83770783e+00    9.83500000e+00    1.93783419e+00    1.93783419e+00
 8.53271417e+02   9.83745054e+00    9.83500000e+00    1.93781076e+00    1.93781076e+00
 8.54068855e+02   9.83721905e+00    9.83500000e+00    1.93778739e+00    1.93778739e+00
 8.54866293e+02   9.83301177e+00    9.83000000e+00    1.93776419e+00    1.93776419e+00
 8.55663731e+02   9.83275791e+00    9.83000000e+00    1.93774108e+00    1.93774108e+00
 8.56461169e+02   9.83250838e+00    9.83000000e+00    1.93771820e+00    1.93771820e+00
 8.57258607e+02   9.83226992e+00    9.83000000e+00    1.93769544e+00    1.93769544e+00
 8.58056045e+02   9.83203977e+00    9.83000000e+00    1.93767278e+00    1.93767277e+00
 8.58853483e+02   9.82781611e+00    9.82500000e+00    1.93765027e+00    1.93765026e+00
 8.59650921e+02   9.82756953e+00    9.82500000e+00    1.93762786e+00    1.93762786e+00
 8.60448359e+02   9.82731874e+00    9.82500000e+00    1.93760571e+00    1.93760571e+00
 8.61245797e+02   9.82709734e+00    9.82500000e+00    1.93758364e+00    1.93758364e+00
 8.62043235e+02   9.82287657e+00    9.82000000e+00    1.93756169e+00    1.93756169e+00
 8.62840673e+02   9.82263104e+00    9.82000000e+00    1.93753988e+00    1.93753988e+00
 8.63638110e+02   9.82237821e+00    9.82000000e+00    1.93751820e+00    1.93751820e+00
 8.64435548e+02   9.82215294e+00    9.82000000e+00    1.93749676e+00    1.93749676e+00
 8.65232986e+02   9.81795145e+00    9.81500000e+00    1.93747538e+00    1.93747538e+00
 8.66030424e+02   9.81768931e+00    9.81500000e+00    1.93745414e+00    1.93745414e+00
 8.66827862e+02   9.81744865e+00    9.81500000e+00    1.93743303e+00    1.93743303e+00
 8.67625300e+02   9.81720101e+00    9.81500000e+00    1.93741207e+00    1.93741207e+00
 8.68422738e+02   9.81302538e+00    9.81000000e+00    1.93739133e+00    1.93739133e+00
 8.69220176e+02   9.81275758e+00    9.81000000e+00    1.93737065e+00    1.93737065e+00
 8.70017614e+02   9.81251704e+00    9.81000000e+00    1.93735013e+00    1.93735013e+00
 8.70815052e+02   9.81226753e+00    9.81000000e+00    1.93732971e+00    1.93732971e+00
 8.71612490e+02   9.81204790e+00    9.81000000e+00    1.93730949e+00    1.93730949e+00
 8.72409928e+02   9.80783621e+00    9.80500000e+00    1.93728945e+00    1.93728945e+00
 8.73207366e+02   9.80757719e+00    9.80500000e+00    1.93726947e+00    1.93726947e+00
 8.74004804e+02   9.80734380e+00    9.80500000e+00    1.93724966e+00    1.93724966e+00
 8.74802242e+02   9.80710190e+00    9.80500000e+00    1.93722996e+00    1.93722996e+00
 8.75599680e+02   9.80291367e+00    9.80000000e+00    1.93721047e+00    1.93721047e+00
 8.76397118e+02   9.80265349e+00    9.80000000e+00    1.93719112e+00    1.93719112e+00
 8.77194556e+02   9.80241567e+00    9.80000000e+00    1.93717185e+00    1.93717185e+00
 8.77991994e+02   9.80217386e+00    9.80000000e+00    1.93715276e+00    1.93715276e+00
 8.78789432e+02   9.79798621e+00    9.79500000e+00    1.93713376e+00    1.93713376e+00
 8.79586869e+02   9.79773421e+00    9.79500000e+00    1.93711500e+00    1.93711500e+00
 8.80384307e+02   9.79748222e+00    9.79500000e+00    1.93709634e+00    1.93709634e+00
 8.81181745e+02   9.79725255e+00    9.79500000e+00    1.93707779e+00    1.93707779e+00
 8.81979183e+02   9.79701987e+00    9.79500000e+00    1.93705940e+00    1.93705940e+00
 8.82776621e+02   9.79281653e+00    9.79000000e+00    1.93704112e+00    1.93704112e+00
 8.83574059e+02   9.79256176e+00    9.79000000e+00    1.93702308e+00    1.93702307e+00
 8.84371497e+02   9.79232980e+00    9.79000000e+00    1.93700511e+00    1.93700511e+00
 8.85168935e+02   9.79209379e+00    9.79000000e+00    1.93698728e+00    1.93698728e+00
 8.85966373e+02   9.78789919e+00    9.78500000e+00    1.93696959e+00    1.93696959e+00
 8.86763811e+02   9.78764632e+00    9.78500000e+00    1.93695203e+00    1.93695203e+00
 8.87561249e+02   9.78740177e+00    9.78500000e+00    1.93693471e+00    1.93693471e+00
 8.88358687e+02   9.78717766e+00    9.78500000e+00    1.93691746e+00    1.93691746e+00
 8.89156125e+02   9.78297525e+00    9.78000000e+00    1.93690035e+00    1.93690035e+00
 8.89953563e+02   9.78273895e+00    9.78000000e+00    1.93688337e+00    1.93688337e+00
 8.90751001e+02   9.78248091e+00    9.78000000e+00    1.93686652e+00    1.93686652e+00
 8.91548439e+02   9.78225717e+00    9.78000000e+00    1.93684991e+00    1.93684991e+00
 8.92345877e+02   9.78202910e+00    9.78000000e+00    1.93683336e+00    1.93683336e+00
 8.93143315e+02   9.77782471e+00    9.77500000e+00    1.93681696e+00    1.93681696e+00
 8.93940753e+02   9.77757991e+00    9.77500000e+00    1.93680068e+00    1.93680068e+00
 8.94738191e+02   9.77733221e+00    9.77500000e+00    1.93678455e+00    1.93678455e+00
 8.95535629e+02   9.77711747e+00    9.77500000e+00    1.93676864e+00    1.93676864e+00
 8.96333066e+02   9.77290769e+00    9.77000000e+00    1.93675278e+00    1.93675278e+00
 8.97130504e+02   9.77267514e+00    9.77000000e+00    1.93673710e+00    1.93673710e+00
 8.97927942e+02   9.77241974e+00    9.77000000e+00    1.93672154e+00    1.93672154e+00
 8.98725380e+02   9.77219281e+00    9.77000000e+00    1.93670613e+00    1.93670613e+00
 8.99522818e+02   9.76801055e+00    9.76500000e+00    1.93669093e+00    1.93669093e+00
 9.00320256e+02   9.76776184e+00    9.76500000e+00    1.93667579e+00    1.93667579e+00
 9.01117694e+02   9.76752792e+00    9.76500000e+00    1.93666081e+00    1.93666081e+00
 9.01915132e+02   9.76728098e+00    9.76500000e+00    1.93664594e+00    1.93664594e+00
 9.02712570e+02   9.76706544e+00    9.76500000e+00    1.93663124e+00    1.93663124e+00
 9.03510008e+02   9.76285667e+00    9.76000000e+00    1.93661673e+00    1.93661673e+00
 9.04307446e+02   9.76262447e+00    9.76000000e+00    1.93660230e+00    1.93660230e+00
 9.05104884e+02   9.76238048e+00    9.76000000e+00    1.93658804e+00    1.93658804e+00
 9.05902322e+02   9.76214505e+00    9.76000000e+00    1.93657388e+00    1.93657388e+00
 9.06699760e+02   9.75796253e+00    9.75500000e+00    1.93655988e+00    1.93655988e+00
 9.07497198e+02   9.75771525e+00    9.75500000e+00    1.93654610e+00    1.93654610e+00
 9.08294636e+02   9.75748734e+00    9.75500000e+00    1.93653236e+00    1.93653236e+00
 9.09092074e+02   9.75724304e+00    9.75500000e+00    1.93651879e+00    1.93651879e+00
 9.09889512e+02   9.75702907e+00    9.75500000e+00    1.93650531e+00    1.93650531e+00
 9.10686950e+02   9.75281686e+00    9.75000000e+00    1.93649204e+00    1.93649203e+00
 9.11484388e+02   9.75258653e+00    9.75000000e+00    1.93647896e+00    1.93647896e+00
 9.12281825e+02   9.75235409e+00    9.75000000e+00    1.93646592e+00    1.93646592e+00
 9.13079263e+02   9.75212027e+00    9.75000000e+00    1.93645306e+00    1.93645306e+00
 9.13876701e+02   9.74793300e+00    9.74500000e+00    1.93644030e+00    1.93644030e+00
 9.14674139e+02   9.74768034e+00    9.74500000e+00    1.93642769e+00    1.93642769e+00
 9.15471577e+02   9.74746127e+00    9.74500000e+00    1.93641530e+00    1.93641530e+00
 9.16269015e+02   9.74722167e+00    9.74500000e+00    1.93640299e+00    1.93640299e+00
 9.17066453e+02   9.74700250e+00    9.74500000e+00    1.93639082e+00    1.93639082e+00
 9.17863891e+02   9.74280000e+00    9.74000000e+00    1.93637875e+00    1.93637875e+00
 9.18661329e+02   9.74255479e+00    9.74000000e+00    1.93636686e+00    1.93636686e+00
 9.19458767e+02   9.74233886e+00    9.74000000e+00    1.93635516e+00    1.93635516e+00
 9.20256205e+02   9.74210294e+00    9.74000000e+00    1.93634352e+00    1.93634352e+00
 9.21053643e+02   9.73791527e+00    9.73500000e+00    1.93633206e+00    1.93633206e+00
 9.21851081e+02   9.73766923e+00    9.73500000e+00    1.93632070e+00    1.93632070e+00
 9.22648519e+02   9.73743976e+00    9.73500000e+00    1.93630949e+00    1.93630949e+00
 9.23445957e+02   9.73722127e+00    9.73500000e+00    1.93629850e+00    1.93629850e+00
 9.24243395e+02   9.73699690e+00    9.73500000e+00    1.93628754e+00    1.93628754e+00
 9.25040833e+02   9.73279571e+00    9.73000000e+00    1.93627676e+00    1.93627676e+00
 9.25838271e+02   9.73254746e+00    9.73000000e+00    1.93626611e+00    1.93626611e+00
 9.26635709e+02   9.73232892e+00    9.73000000e+00    1.93625557e+00    1.93625557e+00
 9.27433147e+02   9.73210653e+00    9.73000000e+00    1.93624528e+00    1.93624528e+00
 9.28230584e+02   9.72790545e+00    9.72500000e+00    1.93623502e+00    1.93623502e+00
 9.29028022e+02   9.72767834e+00    9.72500000e+00    1.93622492e+00    1.93622492e+00
 9.29825460e+02   9.72743569e+00    9.72500000e+00    1.93621496e+00    1.93621496e+00
 9.30622898e+02   9.72722131e+00    9.72500000e+00    1.93620511e+00    1.93620511e+00
 9.31420336e+02   9.72699989e+00    9.72500000e+00    1.93619550e+00    1.93619550e+00
 9.32217774e+02   9.72279680e+00    9.72000000e+00    1.93618594e+00    1.93618594e+00
 9.33015212e+02   9.72256338e+00    9.72000000e+00    1.93617652e+00    1.93617652e+00
 9.33812650e+02   9.72233241e+00    9.72000000e+00    1.93616725e+00    1.93616725e+00
 9.34610088e+02   9.72212003e+00    9.72000000e+00    1.93615808e+00    1.93615808e+00
 9.35407526e+02   9.71792095e+00    9.71500000e+00    1.93614914e+00    1.93614914e+00
 9.36204964e+02   9.71769337e+00    9.71500000e+00    1.93614026e+00    1.93614026e+00
 9.37002402e+02   9.71745382e+00    9.71500000e+00    1.93613153e+00    1.93613153e+00
 9.37799840e+02   9.71723771e+00    9.71500000e+00    1.93612295e+00    1.93612295e+00
 9.38597278e+02   9.71702388e+00    9.71500000e+00    1.93611445e+00    1.93611445e+00
 9.39394716e+02   9.71281473e+00    9.71000000e+00    1.93610617e+00    1.93610617e+00
 9.40192154e+02   9.71259230e+00    9.71000000e+00    1.93609800e+00    1.93609800e+00
 9.40989592e+02   9.71235292e+00    9.71000000e+00    1.93608995e+00    1.93608995e+00
 9.41787030e+02   9.71214684e+00    9.71000000e+00    1.93608203e+00    1.93608203e+00
 9.42584468e+02   9.70795052e+00    9.70500000e+00    1.93607422e+00    1.93607421e+00
 9.43381906e+02   9.70771124e+00    9.70500000e+00    1.93606657e+00    1.93606657e+00
 9.44179343e+02   9.70749527e+00    9.70500000e+00    1.93605913e+00    1.93605913e+00
 9.44976781e+02   9.70726045e+00    9.70500000e+00    1.93605173e+00    1.93605173e+00
 9.45774219e+02   9.70706038e+00    9.70500000e+00    1.93604449e+00    1.93604449e+00
 9.46571657e+02   9.70284693e+00    9.70000000e+00    1.93603733e+00    1.93603732e+00
 9.47369095e+02   9.70261721e+00    9.70000000e+00    1.93603038e+00    1.93603038e+00
 9.48166533e+02   9.70240221e+00    9.70000000e+00    1.93602360e+00    1.93602360e+00
 9.48963971e+02   9.70217586e+00    9.70000000e+00    1.93601687e+00    1.93601687e+00
 9.49761409e+02   9.70198017e+00    9.70000000e+00    1.93601027e+00    1.93601027e+00
 9.50558847e+02   9.69775544e+00    9.69500000e+00    1.93600383e+00    1.93600383e+00
 9.51356285e+02   9.69753170e+00    9.69500000e+00    1.93599751e+00    1.93599750e+00
 9.52153723e+02   9.69731255e+00    9.69500000e+00    1.93599140e+00    1.93599140e+00
 9.52951161e+02   9.69709756e+00    9.69500000e+00    1.93598532e+00    1.93598532e+00
 9.53748599e+02   9.69291620e+00    9.69000000e+00    1.93597943e+00    1.93597943e+00
 9.54546037e+02   9.69267053e+00    9.69000000e+00    1.93597363e+00    1.93597363e+00
 9.55343475e+02   9.69245008e+00    9.69000000e+00    1.93596796e+00    1.93596796e+00
 9.56140913e+02   9.69222853e+00    9.69000000e+00    1.93596248e+00    1.93596248e+00
 9.56938351e+02   9.69202674e+00    9.69000000e+00    1.93595713e+00    1.93595713e+00
 9.57735789e+02   9.68783044e+00    9.68500000e+00    1.93595186e+00    1.93595186e+00
 9.58533227e+02   9.68759048e+00    9.68500000e+00    1.93594673e+00    1.93594673e+00
 9.59330665e+02   9.68737301e+00    9.68500000e+00    1.93594170e+00    1.93594170e+00
 9.60128102e+02   9.68715213e+00    9.68500000e+00    1.93593690e+00    1.93593690e+00
 9.60925540e+02   9.68298237e+00    9.68000000e+00    1.93593220e+00    1.93593220e+00
 9.61722978e+02   9.68274931e+00    9.68000000e+00    1.93592755e+00    1.93592755e+00
 9.62520416e+02   9.68251443e+00    9.68000000e+00    1.93592312e+00    1.93592312e+00
 9.63317854e+02   9.68230108e+00    9.68000000e+00    1.93591874e+00    1.93591874e+00
 9.64115292e+02   9.68208170e+00    9.68000000e+00    1.93591454e+00    1.93591454e+00
 9.64912730e+02   9.67790814e+00    9.67500000e+00    1.93591051e+00    1.93591051e+00
 9.65710168e+02   9.67767381e+00    9.67500000e+00    1.93590656e+00    1.93590656e+00
 9.66507606e+02   9.67744272e+00    9.67500000e+00    1.93590274e+00    1.93590274e+00
 9.67305044e+02   9.67723450e+00    9.67500000e+00    1.93589900e+00    1.93589900e+00
 9.68102482e+02   9.67701840e+00    9.67500000e+00    1.93589545e+00    1.93589545e+00
 9.68899920e+02   9.67283771e+00    9.67000000e+00    1.93589209e+00    1.93589208e+00
 9.69697358e+02   9.67260393e+00    9.67000000e+00    1.93588877e+00    1.93588876e+00
 9.70494796e+02   9.67237566e+00    9.67000000e+00    1.93588558e+00    1.93588558e+00
 9.71292234e+02   9.67217323e+00    9.67000000e+00    1.93588254e+00    1.93588253e+00
 9.72089672e+02   9.67196141e+00    9.67000000e+00    1.93587958e+00    1.93587958e+00
 9.72887110e+02   9.66777091e+00    9.66500000e+00    1.93587682e+00    1.93587682e+00
 9.73684548e+02   9.66753903e+00    9.66500000e+00    1.93587420e+00    1.93587420e+00
 9.74481986e+02   9.66731436e+00    9.66500000e+00    1.93587165e+00    1.93587164e+00
 9.75279424e+02   9.66711680e+00    9.66500000e+00    1.93586921e+00    1.93586921e+00
 9.76076861e+02   9.66291990e+00    9.66000000e+00    1.93586692e+00    1.93586692e+00
 9.76874299e+02   9.66270831e+00    9.66000000e+00    1.93586478e+00    1.93586478e+00
 9.77671737e+02   9.66247921e+00    9.66000000e+00    1.93586278e+00    1.93586278e+00
 9.78469175e+02   9.66225915e+00    9.66000000e+00    1.93586088e+00    1.93586088e+00
 9.79266613e+02   9.66206493e+00    9.66000000e+00    1.93585910e+00    1.93585910e+00
 9.80064051e+02   9.65786348e+00    9.65500000e+00    1.93585742e+00    1.93585741e+00
 9.80861489e+02   9.65765130e+00    9.65500000e+00    1.93585588e+00    1.93585588e+00
 9.81658927e+02   9.65742407e+00    9.65500000e+00    1.93585455e+00    1.93585455e+00
 9.82456365e+02   9.65720939e+00    9.65500000e+00    1.93585326e+00    1.93585326e+00
 9.83253803e+02   9.65701794e+00    9.65500000e+00    1.93585210e+00    1.93585210e+00
 9.84051241e+02   9.65281186e+00    9.65000000e+00    1.93585108e+00    1.93585108e+00
 9.84848679e+02   9.65260050e+00    9.65000000e+00    1.93585014e+00    1.93585013e+00
 9.85646117e+02   9.65237304e+00    9.65000000e+00    1.93584940e+00    1.93584940e+00
 9.86443555e+02   9.65216441e+00    9.65000000e+00    1.93584878e+00    1.93584878e+00
 9.87240993e+02   9.65197644e+00    9.65000000e+00    1.93584823e+00    1.93584823e+00
 9.88038431e+02   9.64776431e+00    9.64500000e+00    1.93584783e+00    1.93584783e+00
 9.88835869e+02   9.64755546e+00    9.64500000e+00    1.93584753e+00    1.93584752e+00
 9.89633307e+02   9.64732760e+00    9.64500000e+00    1.93584735e+00    1.93584735e+00
 9.90430745e+02   9.64712345e+00    9.64500000e+00    1.93584739e+00    1.93584739e+00
 9.91228183e+02   9.64295492e+00    9.64000000e+00    1.93584747e+00    1.93584747e+00
 9.92025620e+02   9.64272081e+00    9.64000000e+00    1.93584765e+00    1.93584765e+00
 9.92823058e+02   9.64251539e+00    9.64000000e+00    1.93584800e+00    1.93584800e+00
 9.93620496e+02   9.64228961e+00    9.64000000e+00    1.93584842e+00    1.93584842e+00
 9.94417934e+02   9.64208582e+00    9.64000000e+00    1.93584902e+00    1.93584902e+00
 9.95215372e+02   9.63791591e+00    9.63500000e+00    1.93584977e+00    1.93584977e+00
 9.96012810e+02   9.63768254e+00    9.63500000e+00    1.93585057e+00    1.93585057e+00
 9.96810248e+02   9.63747917e+00    9.63500000e+00    1.93585148e+00    1.93585148e+00
 9.97607686e+02   9.63725864e+00    9.63500000e+00    1.93585255e+00    1.93585255e+00
 9.98405124e+02   9.63705264e+00    9.63500000e+00    1.93585373e+00    1.93585373e+00
 9.99202562e+02   9.63288086e+00    9.63000000e+00    1.93585507e+00    1.93585507e+00
 1.00000000e+03   9.63264978e+00    9.63000000e+00    1.93585651e+00    1.93585651e+00
