Stellar Sequence
Central Pressure Range = 1.5 to 450.0 MeVfm^3
Number of Stars = 1250
h = 5 meters
r0 = 10.0 meters
P_MeV/fm3          R_km using LE     R_km not using LE M_M_solar using LE M_M_solar not using LE
 1.50000000e+00   1.41234041e+01    1.41250000e+01    1.63325678e-01    1.63325678e-01
 1.85908727e+00   1.35432529e+01    1.35450000e+01    1.96324887e-01    1.96324887e-01
 2.21817454e+00   1.32445903e+01    1.32450000e+01    2.27690011e-01    2.27690011e-01
 2.57726181e+00   1.30794916e+01    1.30800000e+01    2.57626595e-01    2.57626595e-01
 2.93634908e+00   1.29886050e+01    1.29900000e+01    2.86299395e-01    2.86299396e-01
 3.29543635e+00   1.29381720e+01    1.29400000e+01    3.13788044e-01    3.13788044e-01
 3.65452362e+00   1.29137405e+01    1.29150000e+01    3.40178254e-01    3.40178255e-01
 4.01361089e+00   1.29067631e+01    1.29100000e+01    3.65537973e-01    3.65537974e-01
 4.37269816e+00   1.29094215e+01    1.29100000e+01    3.89966157e-01    3.89966157e-01
 4.73178543e+00   1.29186001e+01    1.29200000e+01    4.13523234e-01    4.13523235e-01
 5.09087270e+00   1.29321325e+01    1.29350000e+01    4.36282544e-01    4.36282545e-01
 5.44995997e+00   1.29494945e+01    1.29500000e+01    4.58307880e-01    4.58307880e-01
 5.80904724e+00   1.29674026e+01    1.29700000e+01    4.79633532e-01    4.79633533e-01
 6.16813451e+00   1.29864047e+01    1.29900000e+01    5.00325825e-01    5.00325826e-01
 6.52722178e+00   1.30067842e+01    1.30100000e+01    5.20416672e-01    5.20416673e-01
 6.88630905e+00   1.30273678e+01    1.30300000e+01    5.39935661e-01    5.39935661e-01
 7.24539632e+00   1.30474323e+01    1.30500000e+01    5.58929587e-01    5.58929587e-01
 7.60448359e+00   1.30669531e+01    1.30700000e+01    5.77420279e-01    5.77420279e-01
 7.96357086e+00   1.30871321e+01    1.30900000e+01    5.95432668e-01    5.95432668e-01
 8.32265813e+00   1.31062685e+01    1.31050000e+01    6.12996333e-01    6.12996333e-01
 8.68174540e+00   1.31239984e+01    1.31250000e+01    6.30133012e-01    6.30133012e-01
 9.04083267e+00   1.31437623e+01    1.31450000e+01    6.46860981e-01    6.46860981e-01
 9.39991994e+00   1.31608214e+01    1.31600000e+01    6.63198367e-01    6.63198367e-01
 9.75900721e+00   1.31763587e+01    1.31750000e+01    6.79166626e-01    6.79166626e-01
 1.01180945e+01   1.31935497e+01    1.31950000e+01    6.94782094e-01    6.94782095e-01
 1.04771817e+01   1.32096811e+01    1.32100000e+01    7.10055367e-01    7.10055367e-01
 1.08362690e+01   1.32248034e+01    1.32250000e+01    7.25002746e-01    7.25002746e-01
 1.11953563e+01   1.32412001e+01    1.32400000e+01    7.39641807e-01    7.39641807e-01
 1.15544436e+01   1.32540374e+01    1.32550000e+01    7.53977278e-01    7.53977278e-01
 1.19135308e+01   1.32693147e+01    1.32700000e+01    7.68025054e-01    7.68025054e-01
 1.22726181e+01   1.32792235e+01    1.32800000e+01    7.81789781e-01    7.81789781e-01
 1.26317054e+01   1.32924137e+01    1.32950000e+01    7.95292821e-01    7.95292822e-01
 1.29907926e+01   1.33049184e+01    1.33050000e+01    8.08537784e-01    8.08537784e-01
 1.33498799e+01   1.33200257e+01    1.33200000e+01    8.21535028e-01    8.21535028e-01
 1.37089672e+01   1.33316947e+01    1.33300000e+01    8.34287496e-01    8.34287495e-01
 1.40680544e+01   1.33417075e+01    1.33400000e+01    8.46807595e-01    8.46807595e-01
 1.44271417e+01   1.33536064e+01    1.33550000e+01    8.59106032e-01    8.59106033e-01
 1.47862290e+01   1.33602806e+01    1.33600000e+01    8.71181535e-01    8.71181535e-01
 1.51453163e+01   1.33709252e+01    1.33700000e+01    8.83049224e-01    8.83049223e-01
 1.55044035e+01   1.33829179e+01    1.33850000e+01    8.94713911e-01    8.94713911e-01
 1.58634908e+01   1.33904035e+01    1.33900000e+01    9.06177458e-01    9.06177458e-01
 1.62225781e+01   1.33969740e+01    1.34000000e+01    9.17448901e-01    9.17448902e-01
 1.65816653e+01   1.34088424e+01    1.34100000e+01    9.28538645e-01    9.28538645e-01
 1.69407526e+01   1.34137080e+01    1.34150000e+01    9.39440234e-01    9.39440234e-01
 1.72998399e+01   1.34213843e+01    1.34200000e+01    9.50168475e-01    9.50168475e-01
 1.76589271e+01   1.34311024e+01    1.34300000e+01    9.60728169e-01    9.60728169e-01
 1.80180144e+01   1.34374310e+01    1.34400000e+01    9.71118951e-01    9.71118952e-01
 1.83771017e+01   1.34433141e+01    1.34450000e+01    9.81347483e-01    9.81347483e-01
 1.87361890e+01   1.34511231e+01    1.34500000e+01    9.91419858e-01    9.91419857e-01
 1.90952762e+01   1.34583383e+01    1.34600000e+01    1.00133830e+00    1.00133830e+00
 1.94543635e+01   1.34636157e+01    1.34650000e+01    1.01110595e+00    1.01110595e+00
 1.98134508e+01   1.34682212e+01    1.34700000e+01    1.02072790e+00    1.02072790e+00
 2.01725380e+01   1.34758746e+01    1.34750000e+01    1.03021073e+00    1.03021073e+00
 2.05316253e+01   1.34820853e+01    1.34850000e+01    1.03955363e+00    1.03955363e+00
 2.08907126e+01   1.34873093e+01    1.34900000e+01    1.04876013e+00    1.04876013e+00
 2.12497998e+01   1.34916626e+01    1.34900000e+01    1.05783417e+00    1.05783417e+00
 2.16088871e+01   1.34939965e+01    1.34950000e+01    1.06677841e+00    1.06677841e+00
 2.19679744e+01   1.34988269e+01    1.35000000e+01    1.07559963e+00    1.07559963e+00
 2.23270616e+01   1.35064060e+01    1.35050000e+01    1.08430068e+00    1.08430068e+00
 2.26861489e+01   1.35066380e+01    1.35050000e+01    1.09287554e+00    1.09287554e+00
 2.30452362e+01   1.35145161e+01    1.35150000e+01    1.10133960e+00    1.10133960e+00
 2.34043235e+01   1.35148631e+01    1.35150000e+01    1.10968294e+00    1.10968294e+00
 2.37634107e+01   1.35192673e+01    1.35200000e+01    1.11791788e+00    1.11791788e+00
 2.41224980e+01   1.35252523e+01    1.35250000e+01    1.12604490e+00    1.12604490e+00
 2.44815853e+01   1.35275899e+01    1.35300000e+01    1.13406187e+00    1.13406187e+00
 2.48406725e+01   1.35286269e+01    1.35300000e+01    1.14197295e+00    1.14197295e+00
 2.51997598e+01   1.35313699e+01    1.35300000e+01    1.14978266e+00    1.14978266e+00
 2.55588471e+01   1.35342916e+01    1.35350000e+01    1.15749200e+00    1.15749200e+00
 2.59179343e+01   1.35383564e+01    1.35400000e+01    1.16510408e+00    1.16510408e+00
 2.62770216e+01   1.35418802e+01    1.35400000e+01    1.17261970e+00    1.17261970e+00
 2.66361089e+01   1.35442822e+01    1.35450000e+01    1.18004024e+00    1.18004024e+00
 2.69951962e+01   1.35438027e+01    1.35450000e+01    1.18736608e+00    1.18736608e+00
 2.73542834e+01   1.35461038e+01    1.35450000e+01    1.19460342e+00    1.19460342e+00
 2.77133707e+01   1.35508345e+01    1.35500000e+01    1.20175380e+00    1.20175380e+00
 2.80724580e+01   1.35499073e+01    1.35500000e+01    1.20881276e+00    1.20881276e+00
 2.84315452e+01   1.35537156e+01    1.35550000e+01    1.21579020e+00    1.21579020e+00
 2.87906325e+01   1.35543373e+01    1.35550000e+01    1.22268154e+00    1.22268154e+00
 2.91497198e+01   1.35566869e+01    1.35550000e+01    1.22949215e+00    1.22949215e+00
 2.95088070e+01   1.35566420e+01    1.35550000e+01    1.23622034e+00    1.23622034e+00
 2.98678943e+01   1.35604077e+01    1.35600000e+01    1.24287234e+00    1.24287234e+00
 3.02269816e+01   1.35594656e+01    1.35600000e+01    1.24944313e+00    1.24944313e+00
 3.05860689e+01   1.35598334e+01    1.35600000e+01    1.25593881e+00    1.25593881e+00
 3.09451561e+01   1.35631040e+01    1.35650000e+01    1.26236188e+00    1.26236188e+00
 3.13042434e+01   1.35640123e+01    1.35650000e+01    1.26870981e+00    1.26870981e+00
 3.16633307e+01   1.35633368e+01    1.35650000e+01    1.27498447e+00    1.27498448e+00
 3.20224179e+01   1.35644242e+01    1.35650000e+01    1.28118972e+00    1.28118972e+00
 3.23815052e+01   1.35646813e+01    1.35650000e+01    1.28732468e+00    1.28732468e+00
 3.27405925e+01   1.35652633e+01    1.35650000e+01    1.29339150e+00    1.29339150e+00
 3.30996797e+01   1.35658472e+01    1.35650000e+01    1.29939115e+00    1.29939115e+00
 3.34587670e+01   1.35662721e+01    1.35650000e+01    1.30532464e+00    1.30532464e+00
 3.38178543e+01   1.35665646e+01    1.35650000e+01    1.31119317e+00    1.31119317e+00
 3.41769416e+01   1.35671723e+01    1.35650000e+01    1.31699813e+00    1.31699813e+00
 3.45360288e+01   1.35671999e+01    1.35650000e+01    1.32274001e+00    1.32274001e+00
 3.48951161e+01   1.35677909e+01    1.35700000e+01    1.32842064e+00    1.32842065e+00
 3.52542034e+01   1.35674934e+01    1.35650000e+01    1.33403993e+00    1.33403993e+00
 3.56132906e+01   1.35686105e+01    1.35700000e+01    1.33960052e+00    1.33960052e+00
 3.59723779e+01   1.35674718e+01    1.35650000e+01    1.34510080e+00    1.34510080e+00
 3.63314652e+01   1.35675830e+01    1.35700000e+01    1.35054425e+00    1.35054425e+00
 3.66905524e+01   1.35671077e+01    1.35650000e+01    1.35593054e+00    1.35593054e+00
 3.70496397e+01   1.35675876e+01    1.35700000e+01    1.36126165e+00    1.36126165e+00
 3.74087270e+01   1.35664206e+01    1.35650000e+01    1.36653652e+00    1.36653652e+00
 3.77678143e+01   1.35658394e+01    1.35650000e+01    1.37175776e+00    1.37175776e+00
 3.81269015e+01   1.35667637e+01    1.35650000e+01    1.37692661e+00    1.37692661e+00
 3.84859888e+01   1.35652318e+01    1.35650000e+01    1.38204129e+00    1.38204129e+00
 3.88450761e+01   1.35654955e+01    1.35650000e+01    1.38710554e+00    1.38710554e+00
 3.92041633e+01   1.35651964e+01    1.35650000e+01    1.39211854e+00    1.39211854e+00
 3.95632506e+01   1.35626851e+01    1.35650000e+01    1.39707990e+00    1.39707990e+00
 3.99223379e+01   1.35638626e+01    1.35650000e+01    1.40199451e+00    1.40199451e+00
 4.02814251e+01   1.35630899e+01    1.35650000e+01    1.40685910e+00    1.40685910e+00
 4.06405124e+01   1.35620443e+01    1.35600000e+01    1.41167574e+00    1.41167574e+00
 4.09995997e+01   1.35614661e+01    1.35600000e+01    1.41644539e+00    1.41644539e+00
 4.13586869e+01   1.35604653e+01    1.35600000e+01    1.42116836e+00    1.42116836e+00
 4.17177742e+01   1.35596346e+01    1.35600000e+01    1.42584560e+00    1.42584560e+00
 4.20768615e+01   1.35590092e+01    1.35600000e+01    1.43047789e+00    1.43047789e+00
 4.24359488e+01   1.35570096e+01    1.35550000e+01    1.43506465e+00    1.43506465e+00
 4.27950360e+01   1.35573064e+01    1.35550000e+01    1.43960929e+00    1.43960929e+00
 4.31541233e+01   1.35559717e+01    1.35550000e+01    1.44410947e+00    1.44410947e+00
 4.35132106e+01   1.35533207e+01    1.35550000e+01    1.44856632e+00    1.44856632e+00
 4.38722978e+01   1.35536850e+01    1.35550000e+01    1.45298312e+00    1.45298312e+00
 4.42313851e+01   1.35513248e+01    1.35500000e+01    1.45735660e+00    1.45735660e+00
 4.45904724e+01   1.35496462e+01    1.35500000e+01    1.46168982e+00    1.46168982e+00
 4.49495596e+01   1.35499616e+01    1.35500000e+01    1.46598401e+00    1.46598401e+00
 4.53086469e+01   1.35480432e+01    1.35500000e+01    1.47023696e+00    1.47023696e+00
 4.56677342e+01   1.35459662e+01    1.35450000e+01    1.47445075e+00    1.47445075e+00
 4.60268215e+01   1.35462127e+01    1.35450000e+01    1.47862741e+00    1.47862741e+00
 4.63859087e+01   1.35450999e+01    1.35450000e+01    1.48276494e+00    1.48276494e+00
 4.67449960e+01   1.35437595e+01    1.35450000e+01    1.48686479e+00    1.48686479e+00
 4.71040833e+01   1.35430258e+01    1.35450000e+01    1.49092796e+00    1.49092796e+00
 4.74631705e+01   1.35411906e+01    1.35400000e+01    1.49495387e+00    1.49495387e+00
 4.78222578e+01   1.35392102e+01    1.35400000e+01    1.49894345e+00    1.49894345e+00
 4.81813451e+01   1.35364290e+01    1.35350000e+01    1.50289688e+00    1.50289688e+00
 4.85404323e+01   1.35355663e+01    1.35350000e+01    1.50681642e+00    1.50681642e+00
 4.88995196e+01   1.35358150e+01    1.35350000e+01    1.51070191e+00    1.51070191e+00
 4.92586069e+01   1.35334910e+01    1.35350000e+01    1.51455152e+00    1.51455152e+00
 4.96176942e+01   1.35310195e+01    1.35300000e+01    1.51836715e+00    1.51836715e+00
 4.99767814e+01   1.35286177e+01    1.35300000e+01    1.52214943e+00    1.52214943e+00
 5.03358687e+01   1.35278180e+01    1.35250000e+01    1.52589979e+00    1.52589979e+00
 5.06949560e+01   1.35269830e+01    1.35250000e+01    1.52961753e+00    1.52961753e+00
 5.10540432e+01   1.35263289e+01    1.35250000e+01    1.53330326e+00    1.53330326e+00
 5.14131305e+01   1.35238476e+01    1.35250000e+01    1.53695610e+00    1.53695610e+00
 5.17722178e+01   1.35216731e+01    1.35200000e+01    1.54057787e+00    1.54057787e+00
 5.21313050e+01   1.35193459e+01    1.35200000e+01    1.54416851e+00    1.54416851e+00
 5.24903923e+01   1.35170729e+01    1.35150000e+01    1.54772868e+00    1.54772868e+00
 5.28494796e+01   1.35162416e+01    1.35150000e+01    1.55125947e+00    1.55125947e+00
 5.32085669e+01   1.35132804e+01    1.35150000e+01    1.55475919e+00    1.55475919e+00
 5.35676541e+01   1.35110335e+01    1.35100000e+01    1.55822987e+00    1.55822987e+00
 5.39267414e+01   1.35097062e+01    1.35100000e+01    1.56167197e+00    1.56167197e+00
 5.42858287e+01   1.35080560e+01    1.35100000e+01    1.56508519e+00    1.56508519e+00
 5.46449159e+01   1.35059774e+01    1.35050000e+01    1.56846971e+00    1.56846971e+00
 5.50040032e+01   1.35052144e+01    1.35050000e+01    1.57182696e+00    1.57182696e+00
 5.53630905e+01   1.35026896e+01    1.35000000e+01    1.57515544e+00    1.57515544e+00
 5.57221777e+01   1.35005097e+01    1.35000000e+01    1.57845671e+00    1.57845671e+00
 5.60812650e+01   1.34983710e+01    1.35000000e+01    1.58173091e+00    1.58173091e+00
 5.64403523e+01   1.34963616e+01    1.34950000e+01    1.58497847e+00    1.58497847e+00
 5.67994396e+01   1.34944151e+01    1.34950000e+01    1.58819959e+00    1.58819959e+00
 5.71585268e+01   1.34931791e+01    1.34950000e+01    1.59139498e+00    1.59139498e+00
 5.75176141e+01   1.34901991e+01    1.34900000e+01    1.59456354e+00    1.59456354e+00
 5.78767014e+01   1.34879180e+01    1.34850000e+01    1.59770694e+00    1.59770694e+00
 5.82357886e+01   1.34860780e+01    1.34850000e+01    1.60082539e+00    1.60082539e+00
 5.85948759e+01   1.34835503e+01    1.34850000e+01    1.60391843e+00    1.60391843e+00
 5.89539632e+01   1.34814914e+01    1.34800000e+01    1.60698713e+00    1.60698713e+00
 5.93130504e+01   1.34796462e+01    1.34800000e+01    1.61003152e+00    1.61003152e+00
 5.96721377e+01   1.34787346e+01    1.34800000e+01    1.61305228e+00    1.61305228e+00
 6.00312250e+01   1.34757072e+01    1.34750000e+01    1.61604806e+00    1.61604806e+00
 6.03903122e+01   1.34739254e+01    1.34750000e+01    1.61902088e+00    1.61902088e+00
 6.07493995e+01   1.34722319e+01    1.34700000e+01    1.62197050e+00    1.62197050e+00
 6.11084868e+01   1.34705733e+01    1.34700000e+01    1.62489705e+00    1.62489705e+00
 6.14675741e+01   1.34688444e+01    1.34700000e+01    1.62780073e+00    1.62780073e+00
 6.18266613e+01   1.34656477e+01    1.34650000e+01    1.63068108e+00    1.63068108e+00
 6.21857486e+01   1.34627789e+01    1.34600000e+01    1.63353928e+00    1.63353928e+00
 6.25448359e+01   1.34601666e+01    1.34600000e+01    1.63637555e+00    1.63637555e+00
 6.29039231e+01   1.34573601e+01    1.34550000e+01    1.63918988e+00    1.63918988e+00
 6.32630104e+01   1.34561221e+01    1.34550000e+01    1.64198354e+00    1.64198354e+00
 6.36220977e+01   1.34538246e+01    1.34550000e+01    1.64475519e+00    1.64475519e+00
 6.39811849e+01   1.34522926e+01    1.34500000e+01    1.64750618e+00    1.64750618e+00
 6.43402722e+01   1.34501306e+01    1.34500000e+01    1.65023589e+00    1.65023589e+00
 6.46993595e+01   1.34487114e+01    1.34500000e+01    1.65294526e+00    1.65294526e+00
 6.50584468e+01   1.34447818e+01    1.34450000e+01    1.65563287e+00    1.65563287e+00
 6.54175340e+01   1.34421461e+01    1.34400000e+01    1.65830083e+00    1.65830083e+00
 6.57766213e+01   1.34391327e+01    1.34400000e+01    1.66094866e+00    1.66094866e+00
 6.61357086e+01   1.34377887e+01    1.34350000e+01    1.66357751e+00    1.66357751e+00
 6.64947958e+01   1.34358207e+01    1.34350000e+01    1.66618648e+00    1.66618648e+00
 6.68538831e+01   1.34348493e+01    1.34350000e+01    1.66877654e+00    1.66877654e+00
 6.72129704e+01   1.34305890e+01    1.34300000e+01    1.67134562e+00    1.67134562e+00
 6.75720576e+01   1.34283224e+01    1.34250000e+01    1.67389669e+00    1.67389669e+00
 6.79311449e+01   1.34254142e+01    1.34250000e+01    1.67642869e+00    1.67642869e+00
 6.82902322e+01   1.34236903e+01    1.34250000e+01    1.67894271e+00    1.67894271e+00
 6.86493195e+01   1.34222962e+01    1.34200000e+01    1.68143845e+00    1.68143845e+00
 6.90084067e+01   1.34196746e+01    1.34200000e+01    1.68391528e+00    1.68391528e+00
 6.93674940e+01   1.34168084e+01    1.34150000e+01    1.68637386e+00    1.68637386e+00
 6.97265813e+01   1.34131355e+01    1.34100000e+01    1.68881412e+00    1.68881412e+00
 7.00856685e+01   1.34116890e+01    1.34100000e+01    1.69123793e+00    1.69123793e+00
 7.04447558e+01   1.34102036e+01    1.34100000e+01    1.69364417e+00    1.69364417e+00
 7.08038431e+01   1.34074868e+01    1.34050000e+01    1.69603231e+00    1.69603231e+00
 7.11629303e+01   1.34043660e+01    1.34050000e+01    1.69840312e+00    1.69840312e+00
 7.15220176e+01   1.34019811e+01    1.34000000e+01    1.70075727e+00    1.70075727e+00
 7.18811049e+01   1.34000418e+01    1.34000000e+01    1.70309488e+00    1.70309488e+00
 7.22401922e+01   1.33988575e+01    1.34000000e+01    1.70541617e+00    1.70541617e+00
 7.25992794e+01   1.33952018e+01    1.33950000e+01    1.70771963e+00    1.70771963e+00
 7.29583667e+01   1.33916440e+01    1.33900000e+01    1.71000675e+00    1.71000675e+00
 7.33174540e+01   1.33898953e+01    1.33900000e+01    1.71227872e+00    1.71227872e+00
 7.36765412e+01   1.33877756e+01    1.33850000e+01    1.71453441e+00    1.71453441e+00
 7.40356285e+01   1.33846492e+01    1.33850000e+01    1.71677374e+00    1.71677375e+00
 7.43947158e+01   1.33818251e+01    1.33800000e+01    1.71899737e+00    1.71899737e+00
 7.47538030e+01   1.33807642e+01    1.33800000e+01    1.72120649e+00    1.72120649e+00
 7.51128903e+01   1.33786429e+01    1.33800000e+01    1.72339961e+00    1.72339961e+00
 7.54719776e+01   1.33748801e+01    1.33750000e+01    1.72557653e+00    1.72557653e+00
 7.58310649e+01   1.33719800e+01    1.33700000e+01    1.72773869e+00    1.72773869e+00
 7.61901521e+01   1.33706408e+01    1.33700000e+01    1.72988682e+00    1.72988682e+00
 7.65492394e+01   1.33682415e+01    1.33650000e+01    1.73201949e+00    1.73201949e+00
 7.69083267e+01   1.33647043e+01    1.33650000e+01    1.73413682e+00    1.73413682e+00
 7.72674139e+01   1.33617565e+01    1.33600000e+01    1.73623983e+00    1.73623983e+00
 7.76265012e+01   1.33600125e+01    1.33600000e+01    1.73832914e+00    1.73832914e+00
 7.79855885e+01   1.33591003e+01    1.33600000e+01    1.74040452e+00    1.74040452e+00
 7.83446757e+01   1.33546716e+01    1.33550000e+01    1.74246391e+00    1.74246391e+00
 7.87037630e+01   1.33519326e+01    1.33500000e+01    1.74451003e+00    1.74451003e+00
 7.90628503e+01   1.33505236e+01    1.33500000e+01    1.74654304e+00    1.74654304e+00
 7.94219376e+01   1.33491511e+01    1.33500000e+01    1.74856215e+00    1.74856215e+00
 7.97810248e+01   1.33442773e+01    1.33450000e+01    1.75056587e+00    1.75056587e+00
 8.01401121e+01   1.33431786e+01    1.33400000e+01    1.75255790e+00    1.75255790e+00
 8.04991994e+01   1.33412642e+01    1.33400000e+01    1.75453603e+00    1.75453603e+00
 8.08582866e+01   1.33367633e+01    1.33350000e+01    1.75649960e+00    1.75649960e+00
 8.12173739e+01   1.33340958e+01    1.33350000e+01    1.75845081e+00    1.75845081e+00
 8.15764612e+01   1.33327713e+01    1.33300000e+01    1.76038967e+00    1.76038967e+00
 8.19355484e+01   1.33308103e+01    1.33300000e+01    1.76231517e+00    1.76231517e+00
 8.22946357e+01   1.33271372e+01    1.33250000e+01    1.76422688e+00    1.76422688e+00
 8.26537230e+01   1.33248958e+01    1.33250000e+01    1.76612665e+00    1.76612665e+00
 8.30128102e+01   1.33236621e+01    1.33200000e+01    1.76801415e+00    1.76801415e+00
 8.33718975e+01   1.33197834e+01    1.33200000e+01    1.76988772e+00    1.76988772e+00
 8.37309848e+01   1.33170240e+01    1.33150000e+01    1.77174922e+00    1.77174922e+00
 8.40900721e+01   1.33158015e+01    1.33150000e+01    1.77359908e+00    1.77359908e+00
 8.44491593e+01   1.33117568e+01    1.33100000e+01    1.77543505e+00    1.77543505e+00
 8.48082466e+01   1.33085009e+01    1.33050000e+01    1.77725904e+00    1.77725904e+00
 8.51673339e+01   1.33074319e+01    1.33050000e+01    1.77907176e+00    1.77907176e+00
 8.55264211e+01   1.33044104e+01    1.33050000e+01    1.78087121e+00    1.78087121e+00
 8.58855084e+01   1.33008590e+01    1.33000000e+01    1.78265811e+00    1.78265811e+00
 8.62445957e+01   1.32989872e+01    1.33000000e+01    1.78443375e+00    1.78443375e+00
 8.66036829e+01   1.32979943e+01    1.32950000e+01    1.78619765e+00    1.78619765e+00
 8.69627702e+01   1.32936975e+01    1.32900000e+01    1.78794789e+00    1.78794789e+00
 8.73218575e+01   1.32915334e+01    1.32900000e+01    1.78968725e+00    1.78968725e+00
 8.76809448e+01   1.32904496e+01    1.32900000e+01    1.79141528e+00    1.79141528e+00
 8.80400320e+01   1.32864204e+01    1.32850000e+01    1.79313004e+00    1.79313004e+00
 8.83991193e+01   1.32843298e+01    1.32850000e+01    1.79483416e+00    1.79483416e+00
 8.87582066e+01   1.32826299e+01    1.32800000e+01    1.79652678e+00    1.79652678e+00
 8.91172938e+01   1.32785698e+01    1.32750000e+01    1.79820680e+00    1.79820680e+00
 8.94763811e+01   1.32766222e+01    1.32750000e+01    1.79987633e+00    1.79987633e+00
 8.98354684e+01   1.32749063e+01    1.32750000e+01    1.80153466e+00    1.80153466e+00
 9.01945556e+01   1.32716809e+01    1.32700000e+01    1.80318099e+00    1.80318099e+00
 9.05536429e+01   1.32688178e+01    1.32650000e+01    1.80481634e+00    1.80481633e+00
 9.09127302e+01   1.32671723e+01    1.32650000e+01    1.80644112e+00    1.80644112e+00
 9.12718175e+01   1.32639407e+01    1.32650000e+01    1.80805416e+00    1.80805416e+00
 9.16309047e+01   1.32612527e+01    1.32600000e+01    1.80965646e+00    1.80965646e+00
 9.19899920e+01   1.32594272e+01    1.32600000e+01    1.81124839e+00    1.81124839e+00
 9.23490793e+01   1.32554614e+01    1.32550000e+01    1.81282849e+00    1.81282849e+00
 9.27081665e+01   1.32531875e+01    1.32500000e+01    1.81439870e+00    1.81439870e+00
 9.30672538e+01   1.32518868e+01    1.32500000e+01    1.81595871e+00    1.81595871e+00
 9.34263411e+01   1.32476866e+01    1.32450000e+01    1.81750686e+00    1.81750686e+00
 9.37854283e+01   1.32450629e+01    1.32450000e+01    1.81904534e+00    1.81904534e+00
 9.41445156e+01   1.32429585e+01    1.32400000e+01    1.82057370e+00    1.82057370e+00
 9.45036029e+01   1.32388298e+01    1.32350000e+01    1.82209074e+00    1.82209074e+00
 9.48626902e+01   1.32372491e+01    1.32350000e+01    1.82359885e+00    1.82359885e+00
 9.52217774e+01   1.32345872e+01    1.32350000e+01    1.82509633e+00    1.82509633e+00
 9.55808647e+01   1.32312876e+01    1.32300000e+01    1.82658339e+00    1.82658339e+00
 9.59399520e+01   1.32301914e+01    1.32300000e+01    1.82806166e+00    1.82806166e+00
 9.62990392e+01   1.32268135e+01    1.32250000e+01    1.82952895e+00    1.82952895e+00
 9.66581265e+01   1.32236388e+01    1.32200000e+01    1.83098649e+00    1.83098649e+00
 9.70172138e+01   1.32223945e+01    1.32200000e+01    1.83243531e+00    1.83243531e+00
 9.73763010e+01   1.32195183e+01    1.32200000e+01    1.83387368e+00    1.83387368e+00
 9.77353883e+01   1.32169043e+01    1.32150000e+01    1.83530258e+00    1.83530258e+00
 9.80944756e+01   1.32155063e+01    1.32150000e+01    1.83672260e+00    1.83672260e+00
 9.84535629e+01   1.32121884e+01    1.32100000e+01    1.83813239e+00    1.83813239e+00
 9.88126501e+01   1.32095042e+01    1.32100000e+01    1.83953310e+00    1.83953310e+00
 9.91717374e+01   1.32078082e+01    1.32050000e+01    1.84092500e+00    1.84092500e+00
 9.95308247e+01   1.32029181e+01    1.32000000e+01    1.84230628e+00    1.84230628e+00
 9.98899119e+01   1.32011053e+01    1.32000000e+01    1.84367988e+00    1.84367988e+00
 1.00248999e+02   1.31980237e+01    1.31950000e+01    1.84504395e+00    1.84504395e+00
 1.00608086e+02   1.31950722e+01    1.31950000e+01    1.84639899e+00    1.84639899e+00
 1.00967174e+02   1.31933607e+01    1.31900000e+01    1.84774585e+00    1.84774585e+00
 1.01326261e+02   1.31911132e+01    1.31900000e+01    1.84908359e+00    1.84908359e+00
 1.01685348e+02   1.31884516e+01    1.31850000e+01    1.85041240e+00    1.85041240e+00
 1.02044436e+02   1.31869503e+01    1.31850000e+01    1.85173311e+00    1.85173311e+00
 1.02403523e+02   1.31838146e+01    1.31800000e+01    1.85304448e+00    1.85304448e+00
 1.02762610e+02   1.31807269e+01    1.31800000e+01    1.85434727e+00    1.85434727e+00
 1.03121697e+02   1.31781460e+01    1.31750000e+01    1.85564190e+00    1.85564190e+00
 1.03480785e+02   1.31743486e+01    1.31750000e+01    1.85692753e+00    1.85692753e+00
 1.03839872e+02   1.31732971e+01    1.31700000e+01    1.85820613e+00    1.85820613e+00
 1.04198959e+02   1.31703531e+01    1.31700000e+01    1.85947556e+00    1.85947556e+00
 1.04558046e+02   1.31666477e+01    1.31650000e+01    1.86073649e+00    1.86073649e+00
 1.04917134e+02   1.31663576e+01    1.31650000e+01    1.86199077e+00    1.86199077e+00
 1.05276221e+02   1.31631812e+01    1.31600000e+01    1.86323573e+00    1.86323573e+00
 1.05635308e+02   1.31603031e+01    1.31600000e+01    1.86447279e+00    1.86447279e+00
 1.05994396e+02   1.31573826e+01    1.31550000e+01    1.86570193e+00    1.86570193e+00
 1.06353483e+02   1.31536610e+01    1.31500000e+01    1.86692279e+00    1.86692279e+00
 1.06712570e+02   1.31525498e+01    1.31500000e+01    1.86813704e+00    1.86813704e+00
 1.07071657e+02   1.31497169e+01    1.31500000e+01    1.86934272e+00    1.86934272e+00
 1.07430745e+02   1.31468429e+01    1.31450000e+01    1.87054074e+00    1.87054074e+00
 1.07789832e+02   1.31457274e+01    1.31450000e+01    1.87173184e+00    1.87173184e+00
 1.08148919e+02   1.31420823e+01    1.31400000e+01    1.87291434e+00    1.87291434e+00
 1.08508006e+02   1.31390996e+01    1.31350000e+01    1.87408963e+00    1.87408963e+00
 1.08867094e+02   1.31361600e+01    1.31350000e+01    1.87525738e+00    1.87525738e+00
 1.09226181e+02   1.31330896e+01    1.31300000e+01    1.87641773e+00    1.87641773e+00
 1.09585268e+02   1.31320650e+01    1.31300000e+01    1.87757171e+00    1.87757171e+00
 1.09944355e+02   1.31294376e+01    1.31300000e+01    1.87871763e+00    1.87871763e+00
 1.10303443e+02   1.31265690e+01    1.31250000e+01    1.87985627e+00    1.87985627e+00
 1.10662530e+02   1.31241025e+01    1.31200000e+01    1.88098790e+00    1.88098790e+00
 1.11021617e+02   1.31200577e+01    1.31200000e+01    1.88211166e+00    1.88211166e+00
 1.11380705e+02   1.31191075e+01    1.31150000e+01    1.88322988e+00    1.88322988e+00
 1.11739792e+02   1.31162378e+01    1.31150000e+01    1.88434012e+00    1.88434012e+00
 1.12098879e+02   1.31130861e+01    1.31100000e+01    1.88544335e+00    1.88544335e+00
 1.12457966e+02   1.31122697e+01    1.31100000e+01    1.88654069e+00    1.88654069e+00
 1.12817054e+02   1.31083139e+01    1.31050000e+01    1.88762988e+00    1.88762988e+00
 1.13176141e+02   1.31058445e+01    1.31050000e+01    1.88871283e+00    1.88871283e+00
 1.13535228e+02   1.31033087e+01    1.31000000e+01    1.88978912e+00    1.88978912e+00
 1.13894315e+02   1.30999345e+01    1.31000000e+01    1.89085827e+00    1.89085827e+00
 1.14253403e+02   1.30995741e+01    1.31000000e+01    1.89192217e+00    1.89192217e+00
 1.14612490e+02   1.30963557e+01    1.30950000e+01    1.89297826e+00    1.89297826e+00
 1.14971577e+02   1.30937484e+01    1.30900000e+01    1.89402810e+00    1.89402810e+00
 1.15330665e+02   1.30901319e+01    1.30900000e+01    1.89507091e+00    1.89507091e+00
 1.15689752e+02   1.30869483e+01    1.30850000e+01    1.89610757e+00    1.89610757e+00
 1.16048839e+02   1.30860886e+01    1.30850000e+01    1.89713885e+00    1.89713885e+00
 1.16407926e+02   1.30832957e+01    1.30800000e+01    1.89816297e+00    1.89816297e+00
 1.16767014e+02   1.30807970e+01    1.30800000e+01    1.89918087e+00    1.89918087e+00
 1.17126101e+02   1.30780980e+01    1.30750000e+01    1.90019247e+00    1.90019247e+00
 1.17485188e+02   1.30742520e+01    1.30700000e+01    1.90119743e+00    1.90119743e+00
 1.17844275e+02   1.30732461e+01    1.30700000e+01    1.90219744e+00    1.90219744e+00
 1.18203363e+02   1.30704899e+01    1.30700000e+01    1.90319054e+00    1.90319054e+00
 1.18562450e+02   1.30677997e+01    1.30650000e+01    1.90417769e+00    1.90417769e+00
 1.18921537e+02   1.30660617e+01    1.30650000e+01    1.90515916e+00    1.90515916e+00
 1.19280624e+02   1.30615314e+01    1.30600000e+01    1.90613356e+00    1.90613356e+00
 1.19639712e+02   1.30604586e+01    1.30600000e+01    1.90710346e+00    1.90710346e+00
 1.19998799e+02   1.30575809e+01    1.30550000e+01    1.90806676e+00    1.90806676e+00
 1.20357886e+02   1.30551005e+01    1.30550000e+01    1.90902432e+00    1.90902432e+00
 1.20716974e+02   1.30538133e+01    1.30500000e+01    1.90997667e+00    1.90997667e+00
 1.21076061e+02   1.30499502e+01    1.30500000e+01    1.91092210e+00    1.91092210e+00
 1.21435148e+02   1.30472995e+01    1.30450000e+01    1.91186245e+00    1.91186245e+00
 1.21794235e+02   1.30449687e+01    1.30450000e+01    1.91279717e+00    1.91279717e+00
 1.22153323e+02   1.30415875e+01    1.30400000e+01    1.91372591e+00    1.91372591e+00
 1.22512410e+02   1.30411251e+01    1.30400000e+01    1.91465022e+00    1.91465022e+00
 1.22871497e+02   1.30374214e+01    1.30350000e+01    1.91556768e+00    1.91556768e+00
 1.23230584e+02   1.30346227e+01    1.30350000e+01    1.91647999e+00    1.91648000e+00
 1.23589672e+02   1.30322274e+01    1.30300000e+01    1.91738705e+00    1.91738705e+00
 1.23948759e+02   1.30289781e+01    1.30250000e+01    1.91828834e+00    1.91828834e+00
 1.24307846e+02   1.30283768e+01    1.30250000e+01    1.91918529e+00    1.91918529e+00
 1.24666934e+02   1.30255249e+01    1.30250000e+01    1.92007596e+00    1.92007596e+00
 1.25026021e+02   1.30220477e+01    1.30200000e+01    1.92096113e+00    1.92096113e+00
 1.25385108e+02   1.30193025e+01    1.30150000e+01    1.92184136e+00    1.92184136e+00
 1.25744195e+02   1.30164037e+01    1.30150000e+01    1.92271619e+00    1.92271619e+00
 1.26103283e+02   1.30158833e+01    1.30150000e+01    1.92358685e+00    1.92358685e+00
 1.26462370e+02   1.30129916e+01    1.30100000e+01    1.92445145e+00    1.92445144e+00
 1.26821457e+02   1.30097067e+01    1.30100000e+01    1.92531067e+00    1.92531067e+00
 1.27180544e+02   1.30067050e+01    1.30050000e+01    1.92616504e+00    1.92616504e+00
 1.27539632e+02   1.30037702e+01    1.30000000e+01    1.92701433e+00    1.92701433e+00
 1.27898719e+02   1.30033151e+01    1.30000000e+01    1.92785962e+00    1.92785962e+00
 1.28257806e+02   1.30005509e+01    1.30000000e+01    1.92869900e+00    1.92869900e+00
 1.28616894e+02   1.29972456e+01    1.29950000e+01    1.92953324e+00    1.92953324e+00
 1.28975981e+02   1.29941806e+01    1.29900000e+01    1.93036273e+00    1.93036273e+00
 1.29335068e+02   1.29913880e+01    1.29900000e+01    1.93118733e+00    1.93118733e+00
 1.29694155e+02   1.29909645e+01    1.29900000e+01    1.93200813e+00    1.93200813e+00
 1.30053243e+02   1.29880279e+01    1.29850000e+01    1.93282318e+00    1.93282318e+00
 1.30412330e+02   1.29849394e+01    1.29850000e+01    1.93363327e+00    1.93363327e+00
 1.30771417e+02   1.29819731e+01    1.29800000e+01    1.93443882e+00    1.93443882e+00
 1.31130504e+02   1.29789085e+01    1.29750000e+01    1.93523955e+00    1.93523955e+00
 1.31489592e+02   1.29784701e+01    1.29750000e+01    1.93603669e+00    1.93603669e+00
 1.31848679e+02   1.29756890e+01    1.29750000e+01    1.93682826e+00    1.93682826e+00
 1.32207766e+02   1.29724577e+01    1.29700000e+01    1.93761503e+00    1.93761503e+00
 1.32566853e+02   1.29698152e+01    1.29700000e+01    1.93839746e+00    1.93839746e+00
 1.32925941e+02   1.29666011e+01    1.29650000e+01    1.93917515e+00    1.93917515e+00
 1.33285028e+02   1.29661499e+01    1.29650000e+01    1.93994944e+00    1.93994944e+00
 1.33644115e+02   1.29632504e+01    1.29600000e+01    1.94071833e+00    1.94071833e+00
 1.34003203e+02   1.29601441e+01    1.29600000e+01    1.94148256e+00    1.94148256e+00
 1.34362290e+02   1.29574462e+01    1.29550000e+01    1.94224265e+00    1.94224265e+00
 1.34721377e+02   1.29542098e+01    1.29500000e+01    1.94299811e+00    1.94299811e+00
 1.35080464e+02   1.29537593e+01    1.29500000e+01    1.94375033e+00    1.94375033e+00
 1.35439552e+02   1.29510109e+01    1.29500000e+01    1.94449731e+00    1.94449731e+00
 1.35798639e+02   1.29477230e+01    1.29450000e+01    1.94523976e+00    1.94523976e+00
 1.36157726e+02   1.29451832e+01    1.29450000e+01    1.94597824e+00    1.94597824e+00
 1.36516813e+02   1.29420538e+01    1.29400000e+01    1.94671226e+00    1.94671226e+00
 1.36875901e+02   1.29415830e+01    1.29400000e+01    1.94744314e+00    1.94744314e+00
 1.37234988e+02   1.29386904e+01    1.29350000e+01    1.94816895e+00    1.94816895e+00
 1.37594075e+02   1.29355093e+01    1.29350000e+01    1.94889036e+00    1.94889036e+00
 1.37953163e+02   1.29328075e+01    1.29300000e+01    1.94960794e+00    1.94960794e+00
 1.38312250e+02   1.29299333e+01    1.29300000e+01    1.95032123e+00    1.95032123e+00
 1.38671337e+02   1.29293340e+01    1.29250000e+01    1.95103150e+00    1.95103150e+00
 1.39030424e+02   1.29265997e+01    1.29250000e+01    1.95173683e+00    1.95173683e+00
 1.39389512e+02   1.29232033e+01    1.29200000e+01    1.95243789e+00    1.95243789e+00
 1.39748599e+02   1.29206922e+01    1.29200000e+01    1.95313528e+00    1.95313528e+00
 1.40107686e+02   1.29176906e+01    1.29150000e+01    1.95382852e+00    1.95382852e+00
 1.40466773e+02   1.29172963e+01    1.29150000e+01    1.95451885e+00    1.95451885e+00
 1.40825861e+02   1.29143549e+01    1.29100000e+01    1.95520438e+00    1.95520438e+00
 1.41184948e+02   1.29110956e+01    1.29100000e+01    1.95588577e+00    1.95588577e+00
 1.41544035e+02   1.29084726e+01    1.29050000e+01    1.95656363e+00    1.95656363e+00
 1.41903122e+02   1.29056039e+01    1.29050000e+01    1.95723746e+00    1.95723746e+00
 1.42262210e+02   1.29052226e+01    1.29050000e+01    1.95790851e+00    1.95790851e+00
 1.42621297e+02   1.29023622e+01    1.29000000e+01    1.95857488e+00    1.95857488e+00
 1.42980384e+02   1.28989389e+01    1.28950000e+01    1.95923726e+00    1.95923726e+00
 1.43339472e+02   1.28964378e+01    1.28950000e+01    1.95989620e+00    1.95989620e+00
 1.43698559e+02   1.28934183e+01    1.28900000e+01    1.96055125e+00    1.96055125e+00
 1.44057646e+02   1.28930372e+01    1.28900000e+01    1.96120364e+00    1.96120364e+00
 1.44416733e+02   1.28903155e+01    1.28900000e+01    1.96185148e+00    1.96185148e+00
 1.44775821e+02   1.28870458e+01    1.28850000e+01    1.96249546e+00    1.96249546e+00
 1.45134908e+02   1.28842739e+01    1.28800000e+01    1.96313610e+00    1.96313610e+00
 1.45493995e+02   1.28814229e+01    1.28800000e+01    1.96377296e+00    1.96377296e+00
 1.45853082e+02   1.28810421e+01    1.28800000e+01    1.96440729e+00    1.96440729e+00
 1.46212170e+02   1.28781917e+01    1.28750000e+01    1.96503720e+00    1.96503720e+00
 1.46571257e+02   1.28751775e+01    1.28750000e+01    1.96566340e+00    1.96566340e+00
 1.46930344e+02   1.28723962e+01    1.28700000e+01    1.96628628e+00    1.96628628e+00
 1.47289432e+02   1.28692568e+01    1.28650000e+01    1.96690553e+00    1.96690553e+00
 1.47648519e+02   1.28689849e+01    1.28650000e+01    1.96752240e+00    1.96752240e+00
 1.48007606e+02   1.28662692e+01    1.28650000e+01    1.96813493e+00    1.96813493e+00
 1.48366693e+02   1.28632583e+01    1.28600000e+01    1.96874394e+00    1.96874394e+00
 1.48725781e+02   1.28604605e+01    1.28600000e+01    1.96934961e+00    1.96934961e+00
 1.49084868e+02   1.28574125e+01    1.28550000e+01    1.96995181e+00    1.96995181e+00
 1.49443955e+02   1.28572126e+01    1.28550000e+01    1.97055179e+00    1.97055179e+00
 1.49803042e+02   1.28542132e+01    1.28500000e+01    1.97114748e+00    1.97114748e+00
 1.50162130e+02   1.28513691e+01    1.28500000e+01    1.97173976e+00    1.97173976e+00
 1.50521217e+02   1.28485042e+01    1.28450000e+01    1.97232885e+00    1.97232884e+00
 1.50880304e+02   1.28455070e+01    1.28450000e+01    1.97291452e+00    1.97291452e+00
 1.51239392e+02   1.28455369e+01    1.28450000e+01    1.97349819e+00    1.97349819e+00
 1.51598479e+02   1.28424562e+01    1.28400000e+01    1.97407750e+00    1.97407750e+00
 1.51957566e+02   1.28402617e+01    1.28400000e+01    1.97465386e+00    1.97465386e+00
 1.52316653e+02   1.28368252e+01    1.28350000e+01    1.97522661e+00    1.97522661e+00
 1.52675741e+02   1.28335317e+01    1.28300000e+01    1.97579625e+00    1.97579625e+00
 1.53034828e+02   1.28332587e+01    1.28300000e+01    1.97636392e+00    1.97636392e+00
 1.53393915e+02   1.28306141e+01    1.28300000e+01    1.97692753e+00    1.97692753e+00
 1.53753002e+02   1.28283869e+01    1.28250000e+01    1.97748820e+00    1.97748820e+00
 1.54112090e+02   1.28242517e+01    1.28200000e+01    1.97804514e+00    1.97804514e+00
 1.54471177e+02   1.28218619e+01    1.28200000e+01    1.97859947e+00    1.97859947e+00
 1.54830264e+02   1.28213017e+01    1.28200000e+01    1.97915164e+00    1.97915164e+00
 1.55189351e+02   1.28187108e+01    1.28150000e+01    1.97969997e+00    1.97969997e+00
 1.55548439e+02   1.28163894e+01    1.28150000e+01    1.98024532e+00    1.98024532e+00
 1.55907526e+02   1.28127531e+01    1.28100000e+01    1.98078723e+00    1.98078723e+00
 1.56266613e+02   1.28103004e+01    1.28100000e+01    1.98132654e+00    1.98132654e+00
 1.56625701e+02   1.28091732e+01    1.28050000e+01    1.98186357e+00    1.98186357e+00
 1.56984788e+02   1.28070125e+01    1.28050000e+01    1.98239707e+00    1.98239707e+00
 1.57343875e+02   1.28043504e+01    1.28000000e+01    1.98292764e+00    1.98292764e+00
 1.57702962e+02   1.28011729e+01    1.28000000e+01    1.98345487e+00    1.98345487e+00
 1.58062050e+02   1.27989358e+01    1.27950000e+01    1.98397968e+00    1.98397968e+00
 1.58421137e+02   1.27979784e+01    1.27950000e+01    1.98450215e+00    1.98450214e+00
 1.58780224e+02   1.27952629e+01    1.27950000e+01    1.98502101e+00    1.98502101e+00
 1.59139311e+02   1.27931163e+01    1.27900000e+01    1.98553728e+00    1.98553728e+00
 1.59498399e+02   1.27895258e+01    1.27850000e+01    1.98605038e+00    1.98605038e+00
 1.59857486e+02   1.27879588e+01    1.27850000e+01    1.98656098e+00    1.98656098e+00
 1.60216573e+02   1.27857550e+01    1.27850000e+01    1.98706881e+00    1.98706881e+00
 1.60575661e+02   1.27834740e+01    1.27800000e+01    1.98757383e+00    1.98757382e+00
 1.60934748e+02   1.27807691e+01    1.27800000e+01    1.98807586e+00    1.98807586e+00
 1.61293835e+02   1.27802764e+01    1.27800000e+01    1.98857595e+00    1.98857595e+00
 1.61652922e+02   1.27775780e+01    1.27750000e+01    1.98907260e+00    1.98907260e+00
 1.62012010e+02   1.27741422e+01    1.27700000e+01    1.98956628e+00    1.98956628e+00
 1.62371097e+02   1.27719294e+01    1.27700000e+01    1.99005751e+00    1.99005751e+00
 1.62730184e+02   1.27687469e+01    1.27650000e+01    1.99054582e+00    1.99054582e+00
 1.63089271e+02   1.27686705e+01    1.27650000e+01    1.99103260e+00    1.99103260e+00
 1.63448359e+02   1.27659575e+01    1.27650000e+01    1.99151572e+00    1.99151572e+00
 1.63807446e+02   1.27638148e+01    1.27600000e+01    1.99199646e+00    1.99199646e+00
 1.64166533e+02   1.27603351e+01    1.27600000e+01    1.99247397e+00    1.99247397e+00
 1.64525620e+02   1.27571990e+01    1.27550000e+01    1.99294906e+00    1.99294906e+00
 1.64884708e+02   1.27565139e+01    1.27550000e+01    1.99342249e+00    1.99342249e+00
 1.65243795e+02   1.27540872e+01    1.27500000e+01    1.99389273e+00    1.99389273e+00
 1.65602882e+02   1.27519067e+01    1.27500000e+01    1.99436035e+00    1.99436035e+00
 1.65961970e+02   1.27488354e+01    1.27450000e+01    1.99482515e+00    1.99482515e+00
 1.66321057e+02   1.27463481e+01    1.27450000e+01    1.99528759e+00    1.99528759e+00
 1.66680144e+02   1.27453243e+01    1.27450000e+01    1.99574813e+00    1.99574813e+00
 1.67039231e+02   1.27426359e+01    1.27400000e+01    1.99620549e+00    1.99620549e+00
 1.67398319e+02   1.27405827e+01    1.27400000e+01    1.99666057e+00    1.99666057e+00
 1.67757406e+02   1.27380890e+01    1.27350000e+01    1.99711304e+00    1.99711304e+00
 1.68116493e+02   1.27368620e+01    1.27350000e+01    1.99756346e+00    1.99756346e+00
 1.68475580e+02   1.27332546e+01    1.27300000e+01    1.99801066e+00    1.99801066e+00
 1.68834668e+02   1.27311137e+01    1.27300000e+01    1.99845582e+00    1.99845582e+00
 1.69193755e+02   1.27279515e+01    1.27250000e+01    1.99889826e+00    1.99889826e+00
 1.69552842e+02   1.27279346e+01    1.27250000e+01    1.99933942e+00    1.99933942e+00
 1.69911930e+02   1.27244568e+01    1.27200000e+01    1.99977717e+00    1.99977717e+00
 1.70271017e+02   1.27231280e+01    1.27200000e+01    2.00021281e+00    2.00021281e+00
 1.70630104e+02   1.27192346e+01    1.27150000e+01    2.00064550e+00    2.00064550e+00
 1.70989191e+02   1.27167273e+01    1.27150000e+01    2.00107606e+00    2.00107606e+00
 1.71348279e+02   1.27162357e+01    1.27150000e+01    2.00150522e+00    2.00150522e+00
 1.71707366e+02   1.27135980e+01    1.27100000e+01    2.00193123e+00    2.00193123e+00
 1.72066453e+02   1.27115325e+01    1.27100000e+01    2.00235509e+00    2.00235509e+00
 1.72425540e+02   1.27080963e+01    1.27050000e+01    2.00277618e+00    2.00277618e+00
 1.72784628e+02   1.27063657e+01    1.27050000e+01    2.00319558e+00    2.00319558e+00
 1.73143715e+02   1.27039701e+01    1.27000000e+01    2.00361259e+00    2.00361259e+00
 1.73502802e+02   1.27021326e+01    1.27000000e+01    2.00402730e+00    2.00402730e+00
 1.73861890e+02   1.26989015e+01    1.26950000e+01    2.00443944e+00    2.00443944e+00
 1.74220977e+02   1.26988154e+01    1.26950000e+01    2.00485039e+00    2.00485039e+00
 1.74580064e+02   1.26963305e+01    1.26950000e+01    2.00525819e+00    2.00525819e+00
 1.74939151e+02   1.26940218e+01    1.26900000e+01    2.00566402e+00    2.00566402e+00
 1.75298239e+02   1.26907818e+01    1.26900000e+01    2.00606705e+00    2.00606705e+00
 1.75657326e+02   1.26878865e+01    1.26850000e+01    2.00646818e+00    2.00646818e+00
 1.76016413e+02   1.26875587e+01    1.26850000e+01    2.00686806e+00    2.00686806e+00
 1.76375500e+02   1.26842338e+01    1.26800000e+01    2.00726483e+00    2.00726483e+00
 1.76734588e+02   1.26827601e+01    1.26800000e+01    2.00765975e+00    2.00765975e+00
 1.77093675e+02   1.26793699e+01    1.26750000e+01    2.00805228e+00    2.00805228e+00
 1.77452762e+02   1.26788465e+01    1.26750000e+01    2.00844325e+00    2.00844324e+00
 1.77811849e+02   1.26756985e+01    1.26750000e+01    2.00883133e+00    2.00883133e+00
 1.78170937e+02   1.26733437e+01    1.26700000e+01    2.00921759e+00    2.00921759e+00
 1.78530024e+02   1.26693735e+01    1.26650000e+01    2.00960149e+00    2.00960149e+00
 1.78889111e+02   1.26694153e+01    1.26650000e+01    2.00998449e+00    2.00998449e+00
 1.79248199e+02   1.26675150e+01    1.26650000e+01    2.01036438e+00    2.01036438e+00
 1.79607286e+02   1.26643966e+01    1.26600000e+01    2.01074239e+00    2.01074239e+00
 1.79966373e+02   1.26621105e+01    1.26600000e+01    2.01111798e+00    2.01111798e+00
 1.80325460e+02   1.26593015e+01    1.26550000e+01    2.01149200e+00    2.01149200e+00
 1.80684548e+02   1.26580798e+01    1.26550000e+01    2.01186404e+00    2.01186404e+00
 1.81043635e+02   1.26561270e+01    1.26550000e+01    2.01223396e+00    2.01223396e+00
 1.81402722e+02   1.26530182e+01    1.26500000e+01    2.01260156e+00    2.01260156e+00
 1.81761809e+02   1.26530020e+01    1.26500000e+01    2.01296823e+00    2.01296823e+00
 1.82120897e+02   1.26493936e+01    1.26450000e+01    2.01333195e+00    2.01333195e+00
 1.82479984e+02   1.26482492e+01    1.26450000e+01    2.01369394e+00    2.01369394e+00
 1.82839071e+02   1.26441406e+01    1.26400000e+01    2.01405341e+00    2.01405340e+00
 1.83198159e+02   1.26426011e+01    1.26400000e+01    2.01441146e+00    2.01441146e+00
 1.83557246e+02   1.26412230e+01    1.26400000e+01    2.01476788e+00    2.01476788e+00
 1.83916333e+02   1.26387269e+01    1.26350000e+01    2.01512196e+00    2.01512196e+00
 1.84275420e+02   1.26360188e+01    1.26350000e+01    2.01547396e+00    2.01547396e+00
 1.84634508e+02   1.26357568e+01    1.26350000e+01    2.01582496e+00    2.01582496e+00
 1.84993595e+02   1.26331106e+01    1.26300000e+01    2.01617325e+00    2.01617325e+00
 1.85352682e+02   1.26312202e+01    1.26300000e+01    2.01651986e+00    2.01651986e+00
 1.85711769e+02   1.26277042e+01    1.26250000e+01    2.01686405e+00    2.01686405e+00
 1.86070857e+02   1.26243686e+01    1.26200000e+01    2.01720678e+00    2.01720678e+00
 1.86429944e+02   1.26238559e+01    1.26200000e+01    2.01754811e+00    2.01754810e+00
 1.86789031e+02   1.26217743e+01    1.26200000e+01    2.01788710e+00    2.01788710e+00
 1.87148118e+02   1.26186906e+01    1.26150000e+01    2.01822411e+00    2.01822411e+00
 1.87507206e+02   1.26185383e+01    1.26150000e+01    2.01856021e+00    2.01856021e+00
 1.87866293e+02   1.26160529e+01    1.26150000e+01    2.01889367e+00    2.01889367e+00
 1.88225380e+02   1.26137982e+01    1.26100000e+01    2.01922553e+00    2.01922553e+00
 1.88584468e+02   1.26094630e+01    1.26050000e+01    2.01955507e+00    2.01955507e+00
 1.88943555e+02   1.26084890e+01    1.26050000e+01    2.01988332e+00    2.01988332e+00
 1.89302642e+02   1.26068612e+01    1.26050000e+01    2.02020995e+00    2.02020995e+00
 1.89661729e+02   1.26040706e+01    1.26000000e+01    2.02053459e+00    2.02053459e+00
 1.90020817e+02   1.26016826e+01    1.26000000e+01    2.02085720e+00    2.02085720e+00
 1.90379904e+02   1.26016515e+01    1.26000000e+01    2.02117911e+00    2.02117911e+00
 1.90738991e+02   1.25987287e+01    1.25950000e+01    2.02149834e+00    2.02149834e+00
 1.91098078e+02   1.25968544e+01    1.25950000e+01    2.02181604e+00    2.02181604e+00
 1.91457166e+02   1.25936945e+01    1.25900000e+01    2.02213167e+00    2.02213167e+00
 1.91816253e+02   1.25920580e+01    1.25900000e+01    2.02244605e+00    2.02244605e+00
 1.92175340e+02   1.25890934e+01    1.25850000e+01    2.02275856e+00    2.02275856e+00
 1.92534428e+02   1.25876338e+01    1.25850000e+01    2.02306940e+00    2.02306940e+00
 1.92893515e+02   1.25840057e+01    1.25800000e+01    2.02337822e+00    2.02337822e+00
 1.93252602e+02   1.25836007e+01    1.25800000e+01    2.02368618e+00    2.02368618e+00
 1.93611689e+02   1.25819467e+01    1.25800000e+01    2.02399211e+00    2.02399211e+00
 1.93970777e+02   1.25791426e+01    1.25750000e+01    2.02429631e+00    2.02429631e+00
 1.94329864e+02   1.25775845e+01    1.25750000e+01    2.02459869e+00    2.02459869e+00
 1.94688951e+02   1.25763194e+01    1.25750000e+01    2.02489987e+00    2.02489987e+00
 1.95048038e+02   1.25733432e+01    1.25700000e+01    2.02519886e+00    2.02519886e+00
 1.95407126e+02   1.25694719e+01    1.25650000e+01    2.02549625e+00    2.02549625e+00
 1.95766213e+02   1.25682298e+01    1.25650000e+01    2.02579211e+00    2.02579211e+00
 1.96125300e+02   1.25674198e+01    1.25650000e+01    2.02608697e+00    2.02608697e+00
 1.96484388e+02   1.25641393e+01    1.25600000e+01    2.02637959e+00    2.02637959e+00
 1.96843475e+02   1.25620341e+01    1.25600000e+01    2.02667050e+00    2.02667050e+00
 1.97202562e+02   1.25619733e+01    1.25600000e+01    2.02696082e+00    2.02696082e+00
 1.97561649e+02   1.25588572e+01    1.25550000e+01    2.02724864e+00    2.02724864e+00
 1.97920737e+02   1.25571885e+01    1.25550000e+01    2.02753512e+00    2.02753512e+00
 1.98279824e+02   1.25533937e+01    1.25500000e+01    2.02781945e+00    2.02781945e+00
 1.98638911e+02   1.25534998e+01    1.25500000e+01    2.02810358e+00    2.02810358e+00
 1.98997998e+02   1.25492904e+01    1.25450000e+01    2.02838501e+00    2.02838501e+00
 1.99357086e+02   1.25480438e+01    1.25450000e+01    2.02866518e+00    2.02866518e+00
 1.99716173e+02   1.25442467e+01    1.25400000e+01    2.02894370e+00    2.02894370e+00
 2.00075260e+02   1.25441697e+01    1.25400000e+01    2.02922161e+00    2.02922161e+00
 2.00434347e+02   1.25423122e+01    1.25400000e+01    2.02949708e+00    2.02949708e+00
 2.00793435e+02   1.25389351e+01    1.25350000e+01    2.02977105e+00    2.02977104e+00
 2.01152522e+02   1.25389122e+01    1.25350000e+01    2.03004446e+00    2.03004446e+00
 2.01511609e+02   1.25366934e+01    1.25350000e+01    2.03031546e+00    2.03031546e+00
 2.01870697e+02   1.25339802e+01    1.25300000e+01    2.03058524e+00    2.03058524e+00
 2.02229784e+02   1.25311390e+01    1.25300000e+01    2.03085299e+00    2.03085299e+00
 2.02588871e+02   1.25310963e+01    1.25300000e+01    2.03112051e+00    2.03112051e+00
 2.02947958e+02   1.25279210e+01    1.25250000e+01    2.03138551e+00    2.03138551e+00
 2.03307046e+02   1.25243139e+01    1.25200000e+01    2.03164929e+00    2.03164929e+00
 2.03666133e+02   1.25230400e+01    1.25200000e+01    2.03191162e+00    2.03191162e+00
 2.04025220e+02   1.25222877e+01    1.25200000e+01    2.03217311e+00    2.03217311e+00
 2.04384307e+02   1.25190188e+01    1.25150000e+01    2.03243256e+00    2.03243256e+00
 2.04743395e+02   1.25168644e+01    1.25150000e+01    2.03269042e+00    2.03269042e+00
 2.05102482e+02   1.25170256e+01    1.25150000e+01    2.03294796e+00    2.03294796e+00
 2.05461569e+02   1.25137545e+01    1.25100000e+01    2.03320306e+00    2.03320306e+00
 2.05820657e+02   1.25121696e+01    1.25100000e+01    2.03345705e+00    2.03345705e+00
 2.06179744e+02   1.25092159e+01    1.25050000e+01    2.03370961e+00    2.03370961e+00
 2.06538831e+02   1.25083992e+01    1.25050000e+01    2.03396096e+00    2.03396096e+00
 2.06897918e+02   1.25043451e+01    1.25000000e+01    2.03421049e+00    2.03421049e+00
 2.07257006e+02   1.25032185e+01    1.25000000e+01    2.03445877e+00    2.03445877e+00
 2.07616093e+02   1.25014195e+01    1.25000000e+01    2.03470594e+00    2.03470594e+00
 2.07975180e+02   1.24988968e+01    1.24950000e+01    2.03495169e+00    2.03495169e+00
 2.08334267e+02   1.24973578e+01    1.24950000e+01    2.03519602e+00    2.03519602e+00
 2.08693355e+02   1.24939342e+01    1.24900000e+01    2.03543879e+00    2.03543879e+00
 2.09052442e+02   1.24938671e+01    1.24900000e+01    2.03568114e+00    2.03568114e+00
 2.09411529e+02   1.24917277e+01    1.24900000e+01    2.03592123e+00    2.03592123e+00
 2.09770616e+02   1.24885931e+01    1.24850000e+01    2.03615995e+00    2.03615995e+00
 2.10129704e+02   1.24883551e+01    1.24850000e+01    2.03639822e+00    2.03639822e+00
 2.10488791e+02   1.24861542e+01    1.24850000e+01    2.03663454e+00    2.03663454e+00
 2.10847878e+02   1.24837150e+01    1.24800000e+01    2.03686966e+00    2.03686966e+00
 2.11206966e+02   1.24826223e+01    1.24800000e+01    2.03710356e+00    2.03710356e+00
 2.11566053e+02   1.24792473e+01    1.24750000e+01    2.03733610e+00    2.03733610e+00
 2.11925140e+02   1.24782197e+01    1.24750000e+01    2.03756726e+00    2.03756726e+00
 2.12284227e+02   1.24738102e+01    1.24700000e+01    2.03779659e+00    2.03779659e+00
 2.12643315e+02   1.24740170e+01    1.24700000e+01    2.03802610e+00    2.03802609e+00
 2.13002402e+02   1.24718299e+01    1.24700000e+01    2.03825311e+00    2.03825311e+00
 2.13361489e+02   1.24688192e+01    1.24650000e+01    2.03847914e+00    2.03847914e+00
 2.13720576e+02   1.24674256e+01    1.24650000e+01    2.03870406e+00    2.03870406e+00
 2.14079664e+02   1.24644120e+01    1.24600000e+01    2.03892787e+00    2.03892787e+00
 2.14438751e+02   1.24635130e+01    1.24600000e+01    2.03915021e+00    2.03915021e+00
 2.14797838e+02   1.24593917e+01    1.24550000e+01    2.03937106e+00    2.03937106e+00
 2.15156926e+02   1.24611643e+01    1.24600000e+01    2.03959178e+00    2.03959178e+00
 2.15516013e+02   1.24581213e+01    1.24550000e+01    2.03981019e+00    2.03981019e+00
 2.15875100e+02   1.24541648e+01    1.24500000e+01    2.04002739e+00    2.04002739e+00
 2.16234187e+02   1.24541759e+01    1.24500000e+01    2.04024437e+00    2.04024437e+00
 2.16593275e+02   1.24525373e+01    1.24500000e+01    2.04045921e+00    2.04045921e+00
 2.16952362e+02   1.24492607e+01    1.24450000e+01    2.04067310e+00    2.04067310e+00
 2.17311449e+02   1.24489582e+01    1.24450000e+01    2.04088616e+00    2.04088616e+00
 2.17670536e+02   1.24469556e+01    1.24450000e+01    2.04109743e+00    2.04109743e+00
 2.18029624e+02   1.24440331e+01    1.24400000e+01    2.04130777e+00    2.04130777e+00
 2.18388711e+02   1.24417844e+01    1.24400000e+01    2.04151648e+00    2.04151648e+00
 2.18747798e+02   1.24414102e+01    1.24400000e+01    2.04172501e+00    2.04172501e+00
 2.19106886e+02   1.24384651e+01    1.24350000e+01    2.04193157e+00    2.04193157e+00
 2.19465973e+02   1.24362542e+01    1.24350000e+01    2.04213704e+00    2.04213704e+00
 2.19825060e+02   1.24343325e+01    1.24300000e+01    2.04234211e+00    2.04234211e+00
 2.20184147e+02   1.24326253e+01    1.24300000e+01    2.04254504e+00    2.04254504e+00
 2.20543235e+02   1.24291399e+01    1.24250000e+01    2.04274716e+00    2.04274715e+00
 2.20902322e+02   1.24284881e+01    1.24250000e+01    2.04294837e+00    2.04294837e+00
 2.21261409e+02   1.24268130e+01    1.24250000e+01    2.04314831e+00    2.04314831e+00
 2.21620496e+02   1.24238708e+01    1.24200000e+01    2.04334709e+00    2.04334709e+00
 2.21979584e+02   1.24223265e+01    1.24200000e+01    2.04354462e+00    2.04354462e+00
 2.22338671e+02   1.24216428e+01    1.24200000e+01    2.04374165e+00    2.04374165e+00
 2.22697758e+02   1.24186239e+01    1.24150000e+01    2.04393695e+00    2.04393695e+00
 2.23056845e+02   1.24162927e+01    1.24150000e+01    2.04413098e+00    2.04413098e+00
 2.23415933e+02   1.24165654e+01    1.24150000e+01    2.04432504e+00    2.04432504e+00
 2.23775020e+02   1.24133301e+01    1.24100000e+01    2.04451688e+00    2.04451688e+00
 2.24134107e+02   1.24092366e+01    1.24050000e+01    2.04470763e+00    2.04470763e+00
 2.24493195e+02   1.24090494e+01    1.24050000e+01    2.04489815e+00    2.04489815e+00
 2.24852282e+02   1.24079601e+01    1.24050000e+01    2.04508701e+00    2.04508701e+00
 2.25211369e+02   1.24041114e+01    1.24000000e+01    2.04527461e+00    2.04527461e+00
 2.25570456e+02   1.24033233e+01    1.24000000e+01    2.04546147e+00    2.04546147e+00
 2.25929544e+02   1.24023825e+01    1.24000000e+01    2.04564747e+00    2.04564747e+00
 2.26288631e+02   1.23991621e+01    1.23950000e+01    2.04583212e+00    2.04583212e+00
 2.26647718e+02   1.23988309e+01    1.23950000e+01    2.04601609e+00    2.04601609e+00
 2.27006805e+02   1.23968317e+01    1.23950000e+01    2.04619841e+00    2.04619841e+00
 2.27365893e+02   1.23939575e+01    1.23900000e+01    2.04637994e+00    2.04637993e+00
 2.27724980e+02   1.23936776e+01    1.23900000e+01    2.04656077e+00    2.04656077e+00
 2.28084067e+02   1.23913091e+01    1.23900000e+01    2.04673996e+00    2.04673996e+00
 2.28443155e+02   1.23887383e+01    1.23850000e+01    2.04691839e+00    2.04691839e+00
 2.28802242e+02   1.23870594e+01    1.23850000e+01    2.04709563e+00    2.04709563e+00
 2.29161329e+02   1.23842263e+01    1.23800000e+01    2.04727225e+00    2.04727225e+00
 2.29520416e+02   1.23832251e+01    1.23800000e+01    2.04744744e+00    2.04744744e+00
 2.29879504e+02   1.23791238e+01    1.23750000e+01    2.04762150e+00    2.04762150e+00
 2.30238591e+02   1.23790065e+01    1.23750000e+01    2.04779541e+00    2.04779541e+00
 2.30597678e+02   1.23775742e+01    1.23750000e+01    2.04796751e+00    2.04796751e+00
 2.30956765e+02   1.23739643e+01    1.23700000e+01    2.04813868e+00    2.04813868e+00
 2.31315853e+02   1.23737866e+01    1.23700000e+01    2.04830957e+00    2.04830957e+00
 2.31674940e+02   1.23718991e+01    1.23700000e+01    2.04847865e+00    2.04847865e+00
 2.32034027e+02   1.23686309e+01    1.23650000e+01    2.04864683e+00    2.04864683e+00
 2.32393114e+02   1.23685673e+01    1.23650000e+01    2.04881485e+00    2.04881485e+00
 2.32752202e+02   1.23643716e+01    1.23600000e+01    2.04898096e+00    2.04898096e+00
 2.33111289e+02   1.23634681e+01    1.23600000e+01    2.04914631e+00    2.04914631e+00
 2.33470376e+02   1.23633278e+01    1.23600000e+01    2.04931139e+00    2.04931139e+00
 2.33829464e+02   1.23591340e+01    1.23550000e+01    2.04947457e+00    2.04947457e+00
 2.34188551e+02   1.23581449e+01    1.23550000e+01    2.04963707e+00    2.04963707e+00
 2.34547638e+02   1.23580006e+01    1.23550000e+01    2.04979930e+00    2.04979930e+00
 2.34906725e+02   1.23538803e+01    1.23500000e+01    2.04995959e+00    2.04995959e+00
 2.35265813e+02   1.23527543e+01    1.23500000e+01    2.05011928e+00    2.05011928e+00
 2.35624900e+02   1.23525529e+01    1.23500000e+01    2.05027870e+00    2.05027870e+00
 2.35983987e+02   1.23486364e+01    1.23450000e+01    2.05043616e+00    2.05043616e+00
 2.36343074e+02   1.23472022e+01    1.23450000e+01    2.05059306e+00    2.05059306e+00
 2.36702162e+02   1.23470382e+01    1.23450000e+01    2.05074970e+00    2.05074970e+00
 2.37061249e+02   1.23434030e+01    1.23400000e+01    2.05090438e+00    2.05090438e+00
 2.37420336e+02   1.23416878e+01    1.23400000e+01    2.05105853e+00    2.05105853e+00
 2.37779424e+02   1.23415321e+01    1.23400000e+01    2.05121242e+00    2.05121242e+00
 2.38138511e+02   1.23380899e+01    1.23350000e+01    2.05136437e+00    2.05136437e+00
 2.38497598e+02   1.23343223e+01    1.23300000e+01    2.05151580e+00    2.05151580e+00
 2.38856685e+02   1.23342717e+01    1.23300000e+01    2.05166697e+00    2.05166697e+00
 2.39215773e+02   1.23327320e+01    1.23300000e+01    2.05181624e+00    2.05181624e+00
 2.39574860e+02   1.23291499e+01    1.23250000e+01    2.05196499e+00    2.05196498e+00
 2.39933947e+02   1.23290520e+01    1.23250000e+01    2.05211347e+00    2.05211347e+00
 2.40293034e+02   1.23272584e+01    1.23250000e+01    2.05226010e+00    2.05226010e+00
 2.40652122e+02   1.23239449e+01    1.23200000e+01    2.05240619e+00    2.05240618e+00
 2.41011209e+02   1.23238313e+01    1.23200000e+01    2.05255203e+00    2.05255203e+00
 2.41370296e+02   1.23218384e+01    1.23200000e+01    2.05269606e+00    2.05269606e+00
 2.41729384e+02   1.23187784e+01    1.23150000e+01    2.05283954e+00    2.05283954e+00
 2.42088471e+02   1.23186110e+01    1.23150000e+01    2.05298275e+00    2.05298275e+00
 2.42447558e+02   1.23143655e+01    1.23100000e+01    2.05312423e+00    2.05312423e+00
 2.42806645e+02   1.23133096e+01    1.23100000e+01    2.05326494e+00    2.05326494e+00
 2.43165733e+02   1.23133915e+01    1.23100000e+01    2.05340574e+00    2.05340574e+00
 2.43524820e+02   1.23092756e+01    1.23050000e+01    2.05354472e+00    2.05354472e+00
 2.43883907e+02   1.23082124e+01    1.23050000e+01    2.05368294e+00    2.05368294e+00
 2.44242994e+02   1.23081059e+01    1.23050000e+01    2.05382110e+00    2.05382110e+00
 2.44602082e+02   1.23041519e+01    1.23000000e+01    2.05395761e+00    2.05395761e+00
 2.44961169e+02   1.23031681e+01    1.23000000e+01    2.05409340e+00    2.05409340e+00
 2.45320256e+02   1.23027779e+01    1.23000000e+01    2.05422895e+00    2.05422895e+00
 2.45679343e+02   1.22991631e+01    1.22950000e+01    2.05436312e+00    2.05436312e+00
 2.46038431e+02   1.22985475e+01    1.22950000e+01    2.05449669e+00    2.05449669e+00
 2.46397518e+02   1.22972556e+01    1.22950000e+01    2.05462937e+00    2.05462937e+00
 2.46756605e+02   1.22941031e+01    1.22900000e+01    2.05476119e+00    2.05476119e+00
 2.47115693e+02   1.22937527e+01    1.22900000e+01    2.05489253e+00    2.05489253e+00
 2.47474780e+02   1.22917589e+01    1.22900000e+01    2.05502246e+00    2.05502246e+00
 2.47833867e+02   1.22889079e+01    1.22850000e+01    2.05515187e+00    2.05515187e+00
 2.48192954e+02   1.22885608e+01    1.22850000e+01    2.05528082e+00    2.05528082e+00
 2.48552042e+02   1.22842798e+01    1.22800000e+01    2.05540833e+00    2.05540833e+00
 2.48911129e+02   1.22834165e+01    1.22800000e+01    2.05553514e+00    2.05553514e+00
 2.49270216e+02   1.22827928e+01    1.22800000e+01    2.05566164e+00    2.05566164e+00
 2.49629303e+02   1.22791320e+01    1.22750000e+01    2.05578707e+00    2.05578707e+00
 2.49988391e+02   1.22779166e+01    1.22750000e+01    2.05591140e+00    2.05591140e+00
 2.50347478e+02   1.22780875e+01    1.22750000e+01    2.05603598e+00    2.05603598e+00
 2.50706565e+02   1.22739352e+01    1.22700000e+01    2.05615877e+00    2.05615877e+00
 2.51065653e+02   1.22724215e+01    1.22700000e+01    2.05628075e+00    2.05628075e+00
 2.51424740e+02   1.22728194e+01    1.22700000e+01    2.05640307e+00    2.05640307e+00
 2.51783827e+02   1.22687380e+01    1.22650000e+01    2.05652353e+00    2.05652352e+00
 2.52142914e+02   1.22674971e+01    1.22650000e+01    2.05664338e+00    2.05664338e+00
 2.52502002e+02   1.22668328e+01    1.22650000e+01    2.05676310e+00    2.05676310e+00
 2.52861089e+02   1.22635442e+01    1.22600000e+01    2.05688144e+00    2.05688144e+00
 2.53220176e+02   1.22628501e+01    1.22600000e+01    2.05699932e+00    2.05699932e+00
 2.53579263e+02   1.22591873e+01    1.22550000e+01    2.05711638e+00    2.05711638e+00
 2.53938351e+02   1.22583717e+01    1.22550000e+01    2.05723261e+00    2.05723260e+00
 2.54297438e+02   1.22583733e+01    1.22550000e+01    2.05734876e+00    2.05734876e+00
 2.54656525e+02   1.22540337e+01    1.22500000e+01    2.05746309e+00    2.05746308e+00
 2.55015612e+02   1.22532469e+01    1.22500000e+01    2.05757714e+00    2.05757714e+00
 2.55374700e+02   1.22530830e+01    1.22500000e+01    2.05769101e+00    2.05769101e+00
 2.55733787e+02   1.22490084e+01    1.22450000e+01    2.05780330e+00    2.05780329e+00
 2.56092874e+02   1.22479943e+01    1.22450000e+01    2.05791506e+00    2.05791506e+00
 2.56451962e+02   1.22477701e+01    1.22450000e+01    2.05802672e+00    2.05802672e+00
 2.56811049e+02   1.22441999e+01    1.22400000e+01    2.05813714e+00    2.05813714e+00
 2.57170136e+02   1.22439413e+01    1.22400000e+01    2.05824723e+00    2.05824723e+00
 2.57529223e+02   1.22423362e+01    1.22400000e+01    2.05835596e+00    2.05835596e+00
 2.57888311e+02   1.22390277e+01    1.22350000e+01    2.05846423e+00    2.05846423e+00
 2.58247398e+02   1.22390396e+01    1.22350000e+01    2.05857243e+00    2.05857243e+00
 2.58606485e+02   1.22368659e+01    1.22350000e+01    2.05867882e+00    2.05867882e+00
 2.58965572e+02   1.22334152e+01    1.22300000e+01    2.05878467e+00    2.05878467e+00
 2.59324660e+02   1.22336303e+01    1.22300000e+01    2.05889094e+00    2.05889094e+00
 2.59683747e+02   1.22292478e+01    1.22250000e+01    2.05899536e+00    2.05899536e+00
 2.60042834e+02   1.22283857e+01    1.22250000e+01    2.05909926e+00    2.05909926e+00
 2.60401922e+02   1.22282085e+01    1.22250000e+01    2.05920316e+00    2.05920316e+00
 2.60761009e+02   1.22241348e+01    1.22200000e+01    2.05930569e+00    2.05930569e+00
 2.61120096e+02   1.22236415e+01    1.22200000e+01    2.05940789e+00    2.05940788e+00
 2.61479183e+02   1.22226451e+01    1.22200000e+01    2.05950925e+00    2.05950925e+00
 2.61838271e+02   1.22190306e+01    1.22150000e+01    2.05960993e+00    2.05960993e+00
 2.62197358e+02   1.22189601e+01    1.22150000e+01    2.05971050e+00    2.05971050e+00
 2.62556445e+02   1.22175644e+01    1.22150000e+01    2.05980949e+00    2.05980949e+00
 2.62915532e+02   1.22138958e+01    1.22100000e+01    2.05990811e+00    2.05990811e+00
 2.63274620e+02   1.22137691e+01    1.22100000e+01    2.06000661e+00    2.06000661e+00
 2.63633707e+02   1.22131007e+01    1.22100000e+01    2.06010398e+00    2.06010398e+00
 2.63992794e+02   1.22124183e+01    1.22100000e+01    2.06020099e+00    2.06020099e+00
 2.64351882e+02   1.22085838e+01    1.22050000e+01    2.06029677e+00    2.06029677e+00
 2.64710969e+02   1.22069691e+01    1.22050000e+01    2.06039189e+00    2.06039189e+00
 2.65070056e+02   1.22069227e+01    1.22050000e+01    2.06048722e+00    2.06048722e+00
 2.65429143e+02   1.22033966e+01    1.22000000e+01    2.06058103e+00    2.06058103e+00
 2.65788231e+02   1.21992234e+01    1.21950000e+01    2.06067419e+00    2.06067419e+00
 2.66147318e+02   1.21992072e+01    1.21950000e+01    2.06076758e+00    2.06076758e+00
 2.66506405e+02   1.21982115e+01    1.21950000e+01    2.06085949e+00    2.06085949e+00
 2.66865492e+02   1.21972884e+01    1.21950000e+01    2.06095114e+00    2.06095114e+00
 2.67224580e+02   1.21938645e+01    1.21900000e+01    2.06104202e+00    2.06104202e+00
 2.67583667e+02   1.21931158e+01    1.21900000e+01    2.06113228e+00    2.06113228e+00
 2.67942754e+02   1.21929502e+01    1.21900000e+01    2.06122243e+00    2.06122243e+00
 2.68301841e+02   1.21889130e+01    1.21850000e+01    2.06131113e+00    2.06131113e+00
 2.68660929e+02   1.21885722e+01    1.21850000e+01    2.06139980e+00    2.06139980e+00
 2.69020016e+02   1.21876591e+01    1.21850000e+01    2.06148761e+00    2.06148761e+00
 2.69379103e+02   1.21841126e+01    1.21800000e+01    2.06157475e+00    2.06157475e+00
 2.69738191e+02   1.21835474e+01    1.21800000e+01    2.06166141e+00    2.06166141e+00
 2.70097278e+02   1.21822444e+01    1.21800000e+01    2.06174722e+00    2.06174722e+00
 2.70456365e+02   1.21784827e+01    1.21750000e+01    2.06183217e+00    2.06183217e+00
 2.70815452e+02   1.21786670e+01    1.21750000e+01    2.06191759e+00    2.06191759e+00
 2.71174540e+02   1.21742782e+01    1.21700000e+01    2.06200133e+00    2.06200133e+00
 2.71533627e+02   1.21740198e+01    1.21700000e+01    2.06208502e+00    2.06208502e+00
 2.71892714e+02   1.21731245e+01    1.21700000e+01    2.06216782e+00    2.06216782e+00
 2.72251801e+02   1.21692143e+01    1.21650000e+01    2.06225009e+00    2.06225009e+00
 2.72610889e+02   1.21691609e+01    1.21650000e+01    2.06233229e+00    2.06233229e+00
 2.72969976e+02   1.21681718e+01    1.21650000e+01    2.06241309e+00    2.06241309e+00
 2.73329063e+02   1.21677555e+01    1.21650000e+01    2.06249393e+00    2.06249393e+00
 2.73688151e+02   1.21640493e+01    1.21600000e+01    2.06257385e+00    2.06257384e+00
 2.74047238e+02   1.21631805e+01    1.21600000e+01    2.06265301e+00    2.06265301e+00
 2.74406325e+02   1.21626765e+01    1.21600000e+01    2.06273208e+00    2.06273208e+00
 2.74765412e+02   1.21588957e+01    1.21550000e+01    2.06281012e+00    2.06281012e+00
 2.75124500e+02   1.21577465e+01    1.21550000e+01    2.06288745e+00    2.06288745e+00
 2.75483587e+02   1.21576335e+01    1.21550000e+01    2.06296500e+00    2.06296500e+00
 2.75842674e+02   1.21537311e+01    1.21500000e+01    2.06304119e+00    2.06304119e+00
 2.76201761e+02   1.21537552e+01    1.21500000e+01    2.06311766e+00    2.06311766e+00
 2.76560849e+02   1.21492258e+01    1.21450000e+01    2.06319247e+00    2.06319247e+00
 2.76919936e+02   1.21488213e+01    1.21450000e+01    2.06326735e+00    2.06326735e+00
 2.77279023e+02   1.21485378e+01    1.21450000e+01    2.06334186e+00    2.06334186e+00
 2.77638110e+02   1.21477640e+01    1.21450000e+01    2.06341546e+00    2.06341546e+00
 2.77997198e+02   1.21437370e+01    1.21400000e+01    2.06348831e+00    2.06348831e+00
 2.78356285e+02   1.21433615e+01    1.21400000e+01    2.06356103e+00    2.06356103e+00
 2.78715372e+02   1.21390939e+01    1.21350000e+01    2.06363261e+00    2.06363260e+00
 2.79074460e+02   1.21392146e+01    1.21350000e+01    2.06370473e+00    2.06370473e+00
 2.79433547e+02   1.21381863e+01    1.21350000e+01    2.06377520e+00    2.06377520e+00
 2.79792634e+02   1.21375079e+01    1.21350000e+01    2.06384565e+00    2.06384565e+00
 2.80151721e+02   1.21338134e+01    1.21300000e+01    2.06391532e+00    2.06391532e+00
 2.80510809e+02   1.21331696e+01    1.21300000e+01    2.06398458e+00    2.06398458e+00
 2.80869896e+02   1.21329837e+01    1.21300000e+01    2.06405367e+00    2.06405367e+00
 2.81228983e+02   1.21291665e+01    1.21250000e+01    2.06412177e+00    2.06412177e+00
 2.81588070e+02   1.21282722e+01    1.21250000e+01    2.06418920e+00    2.06418920e+00
 2.81947158e+02   1.21277132e+01    1.21250000e+01    2.06425643e+00    2.06425643e+00
 2.82306245e+02   1.21236361e+01    1.21200000e+01    2.06432257e+00    2.06432257e+00
 2.82665332e+02   1.21238469e+01    1.21200000e+01    2.06438930e+00    2.06438930e+00
 2.83024420e+02   1.21224297e+01    1.21200000e+01    2.06445438e+00    2.06445438e+00
 2.83383507e+02   1.21223357e+01    1.21200000e+01    2.06451984e+00    2.06451984e+00
 2.83742594e+02   1.21182803e+01    1.21150000e+01    2.06458381e+00    2.06458381e+00
 2.84101681e+02   1.21142035e+01    1.21100000e+01    2.06464756e+00    2.06464756e+00
 2.84460769e+02   1.21142522e+01    1.21100000e+01    2.06471155e+00    2.06471154e+00
 2.84819856e+02   1.21137487e+01    1.21100000e+01    2.06477436e+00    2.06477436e+00
 2.85178943e+02   1.21135628e+01    1.21100000e+01    2.06483713e+00    2.06483713e+00
 2.85538030e+02   1.21091467e+01    1.21050000e+01    2.06489854e+00    2.06489854e+00
 2.85897118e+02   1.21082016e+01    1.21050000e+01    2.06495956e+00    2.06495956e+00
 2.86256205e+02   1.21082165e+01    1.21050000e+01    2.06502094e+00    2.06502094e+00
 2.86615292e+02   1.21040502e+01    1.21000000e+01    2.06508095e+00    2.06508095e+00
 2.86974380e+02   1.21040472e+01    1.21000000e+01    2.06514130e+00    2.06514130e+00
 2.87333467e+02   1.21027544e+01    1.21000000e+01    2.06520016e+00    2.06520016e+00
 2.87692554e+02   1.21022917e+01    1.21000000e+01    2.06525929e+00    2.06525929e+00
 2.88051641e+02   1.20989342e+01    1.20950000e+01    2.06531765e+00    2.06531765e+00
 2.88410729e+02   1.20978577e+01    1.20950000e+01    2.06537518e+00    2.06537518e+00
 2.88769816e+02   1.20979772e+01    1.20950000e+01    2.06543309e+00    2.06543309e+00
 2.89128903e+02   1.20937751e+01    1.20900000e+01    2.06548952e+00    2.06548952e+00
 2.89487990e+02   1.20932033e+01    1.20900000e+01    2.06554593e+00    2.06554593e+00
 2.89847078e+02   1.20892270e+01    1.20850000e+01    2.06560177e+00    2.06560177e+00
 2.90206165e+02   1.20887165e+01    1.20850000e+01    2.06565708e+00    2.06565708e+00
 2.90565252e+02   1.20886052e+01    1.20850000e+01    2.06571239e+00    2.06571239e+00
 2.90924339e+02   1.20878342e+01    1.20850000e+01    2.06576673e+00    2.06576673e+00
 2.91283427e+02   1.20840587e+01    1.20800000e+01    2.06582067e+00    2.06582067e+00
 2.91642514e+02   1.20834410e+01    1.20800000e+01    2.06587404e+00    2.06587404e+00
 2.92001601e+02   1.20791419e+01    1.20750000e+01    2.06592667e+00    2.06592667e+00
 2.92360689e+02   1.20791641e+01    1.20750000e+01    2.06597971e+00    2.06597971e+00
 2.92719776e+02   1.20782948e+01    1.20750000e+01    2.06603141e+00    2.06603141e+00
 2.93078863e+02   1.20782776e+01    1.20750000e+01    2.06608346e+00    2.06608346e+00
 2.93437950e+02   1.20739775e+01    1.20700000e+01    2.06613413e+00    2.06613413e+00
 2.93797038e+02   1.20741348e+01    1.20700000e+01    2.06618540e+00    2.06618540e+00
 2.94156125e+02   1.20731055e+01    1.20700000e+01    2.06623517e+00    2.06623517e+00
 2.94515212e+02   1.20688900e+01    1.20650000e+01    2.06628446e+00    2.06628446e+00
 2.94874299e+02   1.20690428e+01    1.20650000e+01    2.06633439e+00    2.06633439e+00
 2.95233387e+02   1.20679391e+01    1.20650000e+01    2.06638270e+00    2.06638270e+00
 2.95592474e+02   1.20679834e+01    1.20650000e+01    2.06643155e+00    2.06643155e+00
 2.95951561e+02   1.20635174e+01    1.20600000e+01    2.06647884e+00    2.06647884e+00
 2.96310649e+02   1.20630523e+01    1.20600000e+01    2.06652637e+00    2.06652637e+00
 2.96669736e+02   1.20626796e+01    1.20600000e+01    2.06657356e+00    2.06657356e+00
 2.97028823e+02   1.20587025e+01    1.20550000e+01    2.06661975e+00    2.06661975e+00
 2.97387910e+02   1.20588068e+01    1.20550000e+01    2.06666638e+00    2.06666638e+00
 2.97746998e+02   1.20574244e+01    1.20550000e+01    2.06671153e+00    2.06671153e+00
 2.98106085e+02   1.20540123e+01    1.20500000e+01    2.06675683e+00    2.06675682e+00
 2.98465172e+02   1.20531725e+01    1.20500000e+01    2.06680136e+00    2.06680136e+00
 2.98824259e+02   1.20523886e+01    1.20500000e+01    2.06684563e+00    2.06684563e+00
 2.99183347e+02   1.20491962e+01    1.20450000e+01    2.06688982e+00    2.06688982e+00
 2.99542434e+02   1.20485955e+01    1.20450000e+01    2.06693307e+00    2.06693307e+00
 2.99901521e+02   1.20484015e+01    1.20450000e+01    2.06697637e+00    2.06697637e+00
 3.00260608e+02   1.20440951e+01    1.20400000e+01    2.06701850e+00    2.06701850e+00
 3.00619696e+02   1.20435800e+01    1.20400000e+01    2.06706060e+00    2.06706060e+00
 3.00978783e+02   1.20428224e+01    1.20400000e+01    2.06710222e+00    2.06710222e+00
 3.01337870e+02   1.20389827e+01    1.20350000e+01    2.06714330e+00    2.06714330e+00
 3.01696958e+02   1.20389934e+01    1.20350000e+01    2.06718458e+00    2.06718458e+00
 3.02056045e+02   1.20383222e+01    1.20350000e+01    2.06722485e+00    2.06722484e+00
 3.02415132e+02   1.20380559e+01    1.20350000e+01    2.06726509e+00    2.06726509e+00
 3.02774219e+02   1.20338916e+01    1.20300000e+01    2.06730422e+00    2.06730422e+00
 3.03133307e+02   1.20332703e+01    1.20300000e+01    2.06734334e+00    2.06734334e+00
 3.03492394e+02   1.20322482e+01    1.20300000e+01    2.06738197e+00    2.06738197e+00
 3.03851481e+02   1.20288832e+01    1.20250000e+01    2.06742022e+00    2.06742022e+00
 3.04210568e+02   1.20287652e+01    1.20250000e+01    2.06745841e+00    2.06745841e+00
 3.04569656e+02   1.20274937e+01    1.20250000e+01    2.06749550e+00    2.06749550e+00
 3.04928743e+02   1.20277741e+01    1.20250000e+01    2.06753311e+00    2.06753311e+00
 3.05287830e+02   1.20236028e+01    1.20200000e+01    2.06756926e+00    2.06756926e+00
 3.05646918e+02   1.20234818e+01    1.20200000e+01    2.06760584e+00    2.06760584e+00
 3.06006005e+02   1.20190031e+01    1.20150000e+01    2.06764119e+00    2.06764118e+00
 3.06365092e+02   1.20187424e+01    1.20150000e+01    2.06767671e+00    2.06767671e+00
 3.06724179e+02   1.20184415e+01    1.20150000e+01    2.06771189e+00    2.06771189e+00
 3.07083267e+02   1.20140698e+01    1.20100000e+01    2.06774608e+00    2.06774608e+00
 3.07442354e+02   1.20173375e+01    1.20150000e+01    2.06778092e+00    2.06778091e+00
 3.07801441e+02   1.20132786e+01    1.20100000e+01    2.06781419e+00    2.06781419e+00
 3.08160528e+02   1.20133100e+01    1.20100000e+01    2.06784806e+00    2.06784806e+00
 3.08519616e+02   1.20088407e+01    1.20050000e+01    2.06788050e+00    2.06788050e+00
 3.08878703e+02   1.20091042e+01    1.20050000e+01    2.06791378e+00    2.06791378e+00
 3.09237790e+02   1.20081117e+01    1.20050000e+01    2.06794556e+00    2.06794556e+00
 3.09596878e+02   1.20038167e+01    1.20000000e+01    2.06797692e+00    2.06797692e+00
 3.09955965e+02   1.20039806e+01    1.20000000e+01    2.06800897e+00    2.06800897e+00
 3.10315052e+02   1.20029757e+01    1.20000000e+01    2.06803956e+00    2.06803955e+00
 3.10674139e+02   1.20029445e+01    1.20000000e+01    2.06807063e+00    2.06807063e+00
 3.11033227e+02   1.19987875e+01    1.19950000e+01    2.06810052e+00    2.06810052e+00
 3.11392314e+02   1.19982998e+01    1.19950000e+01    2.06813049e+00    2.06813049e+00
 3.11751401e+02   1.19977457e+01    1.19950000e+01    2.06815995e+00    2.06815995e+00
 3.12110488e+02   1.19938708e+01    1.19900000e+01    2.06818888e+00    2.06818888e+00
 3.12469576e+02   1.19935359e+01    1.19900000e+01    2.06821780e+00    2.06821779e+00
 3.12828663e+02   1.19927292e+01    1.19900000e+01    2.06824595e+00    2.06824595e+00
 3.13187750e+02   1.19924976e+01    1.19900000e+01    2.06827425e+00    2.06827425e+00
 3.13546837e+02   1.19888351e+01    1.19850000e+01    2.06830172e+00    2.06830172e+00
 3.13905925e+02   1.19885801e+01    1.19850000e+01    2.06832919e+00    2.06832918e+00
 3.14265012e+02   1.19841726e+01    1.19800000e+01    2.06835559e+00    2.06835559e+00
 3.14624099e+02   1.19841804e+01    1.19800000e+01    2.06838250e+00    2.06838250e+00
 3.14983187e+02   1.19829893e+01    1.19800000e+01    2.06840803e+00    2.06840803e+00
 3.15342274e+02   1.19830151e+01    1.19800000e+01    2.06843417e+00    2.06843417e+00
 3.15701361e+02   1.19790757e+01    1.19750000e+01    2.06845940e+00    2.06845939e+00
 3.16060448e+02   1.19780083e+01    1.19750000e+01    2.06848392e+00    2.06848392e+00
 3.16419536e+02   1.19783357e+01    1.19750000e+01    2.06850920e+00    2.06850920e+00
 3.16778623e+02   1.19739972e+01    1.19700000e+01    2.06853300e+00    2.06853300e+00
 3.17137710e+02   1.19739768e+01    1.19700000e+01    2.06855732e+00    2.06855732e+00
 3.17496797e+02   1.19733200e+01    1.19700000e+01    2.06858069e+00    2.06858069e+00
 3.17855885e+02   1.19728870e+01    1.19700000e+01    2.06860403e+00    2.06860403e+00
 3.18214972e+02   1.19688810e+01    1.19650000e+01    2.06862656e+00    2.06862656e+00
 3.18574059e+02   1.19684072e+01    1.19650000e+01    2.06864906e+00    2.06864906e+00
 3.18933147e+02   1.19674759e+01    1.19650000e+01    2.06867106e+00    2.06867106e+00
 3.19292234e+02   1.19638867e+01    1.19600000e+01    2.06869274e+00    2.06869274e+00
 3.19651321e+02   1.19637867e+01    1.19600000e+01    2.06871444e+00    2.06871443e+00
 3.20010408e+02   1.19624560e+01    1.19600000e+01    2.06873505e+00    2.06873505e+00
 3.20369496e+02   1.19629235e+01    1.19600000e+01    2.06875641e+00    2.06875641e+00
 3.20728583e+02   1.19586653e+01    1.19550000e+01    2.06877624e+00    2.06877624e+00
 3.21087670e+02   1.19586556e+01    1.19550000e+01    2.06879667e+00    2.06879667e+00
 3.21446757e+02   1.19574084e+01    1.19550000e+01    2.06881598e+00    2.06881598e+00
 3.21805845e+02   1.19540101e+01    1.19500000e+01    2.06883550e+00    2.06883550e+00
 3.22164932e+02   1.19535007e+01    1.19500000e+01    2.06885430e+00    2.06885430e+00
 3.22524019e+02   1.19528822e+01    1.19500000e+01    2.06887293e+00    2.06887292e+00
 3.22883106e+02   1.19489712e+01    1.19450000e+01    2.06889116e+00    2.06889116e+00
 3.23242194e+02   1.19485309e+01    1.19450000e+01    2.06890902e+00    2.06890902e+00
 3.23601281e+02   1.19483510e+01    1.19450000e+01    2.06892691e+00    2.06892691e+00
 3.23960368e+02   1.19439237e+01    1.19400000e+01    2.06894373e+00    2.06894373e+00
 3.24319456e+02   1.19441426e+01    1.19400000e+01    2.06896133e+00    2.06896133e+00
 3.24678543e+02   1.19432148e+01    1.19400000e+01    2.06897742e+00    2.06897741e+00
 3.25037630e+02   1.19431899e+01    1.19400000e+01    2.06899410e+00    2.06899410e+00
 3.25396717e+02   1.19391347e+01    1.19350000e+01    2.06900990e+00    2.06900990e+00
 3.25755805e+02   1.19385971e+01    1.19350000e+01    2.06902540e+00    2.06902540e+00
 3.26114892e+02   1.19380354e+01    1.19350000e+01    2.06904060e+00    2.06904060e+00
 3.26473979e+02   1.19341592e+01    1.19300000e+01    2.06905561e+00    2.06905560e+00
 3.26833066e+02   1.19335824e+01    1.19300000e+01    2.06907004e+00    2.06907004e+00
 3.27192154e+02   1.19336147e+01    1.19300000e+01    2.06908475e+00    2.06908474e+00
 3.27551241e+02   1.19328807e+01    1.19300000e+01    2.06909856e+00    2.06909855e+00
 3.27910328e+02   1.19286430e+01    1.19250000e+01    2.06911178e+00    2.06911178e+00
 3.28269416e+02   1.19287889e+01    1.19250000e+01    2.06912566e+00    2.06912566e+00
 3.28628503e+02   1.19278448e+01    1.19250000e+01    2.06913830e+00    2.06913830e+00
 3.28987590e+02   1.19277080e+01    1.19250000e+01    2.06915133e+00    2.06915133e+00
 3.29346677e+02   1.19238606e+01    1.19200000e+01    2.06916357e+00    2.06916357e+00
 3.29705765e+02   1.19237503e+01    1.19200000e+01    2.06917593e+00    2.06917593e+00
 3.30064852e+02   1.19224653e+01    1.19200000e+01    2.06918715e+00    2.06918715e+00
 3.30423939e+02   1.19224954e+01    1.19200000e+01    2.06919900e+00    2.06919900e+00
 3.30783026e+02   1.19183341e+01    1.19150000e+01    2.06920967e+00    2.06920967e+00
 3.31142114e+02   1.19178968e+01    1.19150000e+01    2.06922056e+00    2.06922056e+00
 3.31501201e+02   1.19141090e+01    1.19100000e+01    2.06923105e+00    2.06923105e+00
 3.31860288e+02   1.19137182e+01    1.19100000e+01    2.06924118e+00    2.06924118e+00
 3.32219376e+02   1.19130366e+01    1.19100000e+01    2.06925098e+00    2.06925098e+00
 3.32578463e+02   1.19127852e+01    1.19100000e+01    2.06926073e+00    2.06926073e+00
 3.32937550e+02   1.19090183e+01    1.19050000e+01    2.06926998e+00    2.06926998e+00
 3.33296637e+02   1.19080190e+01    1.19050000e+01    2.06927848e+00    2.06927848e+00
 3.33655725e+02   1.19082668e+01    1.19050000e+01    2.06928770e+00    2.06928770e+00
 3.34014812e+02   1.19040057e+01    1.19000000e+01    2.06929566e+00    2.06929566e+00
 3.34373899e+02   1.19039264e+01    1.19000000e+01    2.06930402e+00    2.06930402e+00
 3.34732986e+02   1.19028801e+01    1.19000000e+01    2.06931133e+00    2.06931133e+00
 3.35092074e+02   1.19032299e+01    1.19000000e+01    2.06931939e+00    2.06931939e+00
 3.35451161e+02   1.18988365e+01    1.18950000e+01    2.06932598e+00    2.06932597e+00
 3.35810248e+02   1.18988343e+01    1.18950000e+01    2.06933323e+00    2.06933322e+00
 3.36169335e+02   1.18980859e+01    1.18950000e+01    2.06933955e+00    2.06933955e+00
 3.36528423e+02   1.18940822e+01    1.18900000e+01    2.06934575e+00    2.06934575e+00
 3.36887510e+02   1.18937422e+01    1.18900000e+01    2.06935162e+00    2.06935162e+00
 3.37246597e+02   1.18937706e+01    1.18900000e+01    2.06935771e+00    2.06935771e+00
 3.37605685e+02   1.18890588e+01    1.18850000e+01    2.06936248e+00    2.06936248e+00
 3.37964772e+02   1.18926410e+01    1.18900000e+01    2.06936816e+00    2.06936816e+00
 3.38323859e+02   1.18886447e+01    1.18850000e+01    2.06937256e+00    2.06937256e+00
 3.38682946e+02   1.18879605e+01    1.18850000e+01    2.06937698e+00    2.06937698e+00
 3.39042034e+02   1.18840733e+01    1.18800000e+01    2.06938123e+00    2.06938123e+00
 3.39401121e+02   1.18837299e+01    1.18800000e+01    2.06938507e+00    2.06938507e+00
 3.39760208e+02   1.18835062e+01    1.18800000e+01    2.06938889e+00    2.06938889e+00
 3.40119295e+02   1.18789926e+01    1.18750000e+01    2.06939180e+00    2.06939180e+00
 3.40478383e+02   1.18824326e+01    1.18800000e+01    2.06939544e+00    2.06939544e+00
 3.40837470e+02   1.18785248e+01    1.18750000e+01    2.06939786e+00    2.06939786e+00
 3.41196557e+02   1.18783622e+01    1.18750000e+01    2.06940065e+00    2.06940065e+00
 3.41555645e+02   1.18739397e+01    1.18700000e+01    2.06940247e+00    2.06940247e+00
 3.41914732e+02   1.18741383e+01    1.18700000e+01    2.06940502e+00    2.06940502e+00
 3.42273819e+02   1.18732423e+01    1.18700000e+01    2.06940614e+00    2.06940614e+00
 3.42632906e+02   1.18732072e+01    1.18700000e+01    2.06940791e+00    2.06940791e+00
 3.42991994e+02   1.18690485e+01    1.18650000e+01    2.06940882e+00    2.06940882e+00
 3.43351081e+02   1.18689748e+01    1.18650000e+01    2.06940998e+00    2.06940998e+00
 3.43710168e+02   1.18680587e+01    1.18650000e+01    2.06941006e+00    2.06941006e+00
 3.44069255e+02   1.18680706e+01    1.18650000e+01    2.06941076e+00    2.06941076e+00
 3.44428343e+02   1.18637245e+01    1.18600000e+01    2.06941035e+00    2.06941035e+00
 3.44787430e+02   1.18634917e+01    1.18600000e+01    2.06941024e+00    2.06941024e+00
 3.45146517e+02   1.18629079e+01    1.18600000e+01    2.06940962e+00    2.06940962e+00
 3.45505604e+02   1.18629938e+01    1.18600000e+01    2.06940927e+00    2.06940927e+00
 3.45864692e+02   1.18585042e+01    1.18550000e+01    2.06940763e+00    2.06940763e+00
 3.46223779e+02   1.18586901e+01    1.18550000e+01    2.06940684e+00    2.06940684e+00
 3.46582866e+02   1.18577558e+01    1.18550000e+01    2.06940487e+00    2.06940487e+00
 3.46941954e+02   1.18539296e+01    1.18500000e+01    2.06940300e+00    2.06940300e+00
 3.47301041e+02   1.18533207e+01    1.18500000e+01    2.06940072e+00    2.06940071e+00
 3.47660128e+02   1.18536499e+01    1.18500000e+01    2.06939893e+00    2.06939893e+00
 3.48019215e+02   1.18525727e+01    1.18500000e+01    2.06939587e+00    2.06939587e+00
 3.48378303e+02   1.18488125e+01    1.18450000e+01    2.06939289e+00    2.06939289e+00
 3.48737390e+02   1.18483123e+01    1.18450000e+01    2.06938971e+00    2.06938971e+00
 3.49096477e+02   1.18481247e+01    1.18450000e+01    2.06938648e+00    2.06938648e+00
 3.49455564e+02   1.18441030e+01    1.18400000e+01    2.06938268e+00    2.06938268e+00
 3.49814652e+02   1.18434858e+01    1.18400000e+01    2.06937846e+00    2.06937846e+00
 3.50173739e+02   1.18433410e+01    1.18400000e+01    2.06937456e+00    2.06937456e+00
 3.50532826e+02   1.18424955e+01    1.18400000e+01    2.06936985e+00    2.06936985e+00
 3.50891914e+02   1.18390160e+01    1.18350000e+01    2.06936536e+00    2.06936536e+00
 3.51251001e+02   1.18380930e+01    1.18350000e+01    2.06935997e+00    2.06935997e+00
 3.51610088e+02   1.18383322e+01    1.18350000e+01    2.06935528e+00    2.06935528e+00
 3.51969175e+02   1.18340576e+01    1.18300000e+01    2.06934945e+00    2.06934945e+00
 3.52328263e+02   1.18339286e+01    1.18300000e+01    2.06934397e+00    2.06934397e+00
 3.52687350e+02   1.18328634e+01    1.18300000e+01    2.06933751e+00    2.06933751e+00
 3.53046437e+02   1.18332704e+01    1.18300000e+01    2.06933192e+00    2.06933192e+00
 3.53405524e+02   1.18289591e+01    1.18250000e+01    2.06932503e+00    2.06932503e+00
 3.53764612e+02   1.18288400e+01    1.18250000e+01    2.06931857e+00    2.06931857e+00
 3.54123699e+02   1.18277263e+01    1.18250000e+01    2.06931112e+00    2.06931112e+00
 3.54482786e+02   1.18281692e+01    1.18250000e+01    2.06930456e+00    2.06930456e+00
 3.54841873e+02   1.18238315e+01    1.18200000e+01    2.06929662e+00    2.06929662e+00
 3.55200961e+02   1.18237517e+01    1.18200000e+01    2.06928922e+00    2.06928922e+00
 3.55560048e+02   1.18226284e+01    1.18200000e+01    2.06928083e+00    2.06928083e+00
 3.55919135e+02   1.18230440e+01    1.18200000e+01    2.06927327e+00    2.06927327e+00
 3.56278223e+02   1.18187194e+01    1.18150000e+01    2.06926432e+00    2.06926432e+00
 3.56637310e+02   1.18186635e+01    1.18150000e+01    2.06925597e+00    2.06925597e+00
 3.56996397e+02   1.18174898e+01    1.18150000e+01    2.06924665e+00    2.06924665e+00
 3.57355484e+02   1.18179051e+01    1.18150000e+01    2.06923810e+00    2.06923810e+00
 3.57714572e+02   1.18136195e+01    1.18100000e+01    2.06922817e+00    2.06922817e+00
 3.58073659e+02   1.18135755e+01    1.18100000e+01    2.06921889e+00    2.06921889e+00
 3.58432746e+02   1.18090670e+01    1.18050000e+01    2.06920864e+00    2.06920864e+00
 3.58791833e+02   1.18127600e+01    1.18100000e+01    2.06919912e+00    2.06919912e+00
 3.59150921e+02   1.18084998e+01    1.18050000e+01    2.06918824e+00    2.06918824e+00
 3.59510008e+02   1.18084375e+01    1.18050000e+01    2.06917802e+00    2.06917802e+00
 3.59869095e+02   1.18039852e+01    1.18000000e+01    2.06916684e+00    2.06916684e+00
 3.60228183e+02   1.18076136e+01    1.18050000e+01    2.06915638e+00    2.06915638e+00
 3.60587270e+02   1.18033636e+01    1.18000000e+01    2.06914457e+00    2.06914457e+00
 3.60946357e+02   1.18032994e+01    1.18000000e+01    2.06913342e+00    2.06913342e+00
 3.61305444e+02   1.17988889e+01    1.17950000e+01    2.06912131e+00    2.06912131e+00
 3.61664532e+02   1.17990874e+01    1.17950000e+01    2.06910994e+00    2.06910994e+00
 3.62023619e+02   1.17982380e+01    1.17950000e+01    2.06909722e+00    2.06909722e+00
 3.62382706e+02   1.17981611e+01    1.17950000e+01    2.06908515e+00    2.06908515e+00
 3.62741793e+02   1.17937795e+01    1.17900000e+01    2.06907210e+00    2.06907210e+00
 3.63100881e+02   1.17940006e+01    1.17900000e+01    2.06905985e+00    2.06905985e+00
 3.63459968e+02   1.17931265e+01    1.17900000e+01    2.06904624e+00    2.06904624e+00
 3.63819055e+02   1.17930226e+01    1.17900000e+01    2.06903325e+00    2.06903325e+00
 3.64178143e+02   1.17886640e+01    1.17850000e+01    2.06901927e+00    2.06901927e+00
 3.64537230e+02   1.17889107e+01    1.17850000e+01    2.06900616e+00    2.06900616e+00
 3.64896317e+02   1.17880362e+01    1.17850000e+01    2.06899170e+00    2.06899170e+00
 3.65255404e+02   1.17878833e+01    1.17850000e+01    2.06897779e+00    2.06897779e+00
 3.65614492e+02   1.17835593e+01    1.17800000e+01    2.06896289e+00    2.06896289e+00
 3.65973579e+02   1.17838129e+01    1.17800000e+01    2.06894891e+00    2.06894891e+00
 3.66332666e+02   1.17829611e+01    1.17800000e+01    2.06893363e+00    2.06893363e+00
 3.66691753e+02   1.17827425e+01    1.17800000e+01    2.06891880e+00    2.06891880e+00
 3.67050841e+02   1.17784517e+01    1.17750000e+01    2.06890304e+00    2.06890304e+00
 3.67409928e+02   1.17787010e+01    1.17750000e+01    2.06888816e+00    2.06888816e+00
 3.67769015e+02   1.17775572e+01    1.17750000e+01    2.06887191e+00    2.06887191e+00
 3.68128102e+02   1.17775982e+01    1.17750000e+01    2.06885634e+00    2.06885634e+00
 3.68487190e+02   1.17734316e+01    1.17700000e+01    2.06883981e+00    2.06883981e+00
 3.68846277e+02   1.17735640e+01    1.17700000e+01    2.06882393e+00    2.06882393e+00
 3.69205364e+02   1.17727481e+01    1.17700000e+01    2.06880707e+00    2.06880707e+00
 3.69564452e+02   1.17690634e+01    1.17650000e+01    2.06879046e+00    2.06879046e+00
 3.69923539e+02   1.17685480e+01    1.17650000e+01    2.06877326e+00    2.06877326e+00
 3.70282626e+02   1.17683102e+01    1.17650000e+01    2.06875627e+00    2.06875627e+00
 3.70641713e+02   1.17681245e+01    1.17650000e+01    2.06873904e+00    2.06873904e+00
 3.71000801e+02   1.17639764e+01    1.17600000e+01    2.06872120e+00    2.06872120e+00
 3.71359888e+02   1.17636552e+01    1.17600000e+01    2.06870336e+00    2.06870336e+00
 3.71718975e+02   1.17630154e+01    1.17600000e+01    2.06868522e+00    2.06868522e+00
 3.72078062e+02   1.17631818e+01    1.17600000e+01    2.06866747e+00    2.06866747e+00
 3.72437150e+02   1.17588912e+01    1.17550000e+01    2.06864863e+00    2.06864862e+00
 3.72796237e+02   1.17586312e+01    1.17550000e+01    2.06863003e+00    2.06863003e+00
 3.73155324e+02   1.17578060e+01    1.17550000e+01    2.06861093e+00    2.06861093e+00
 3.73514412e+02   1.17575714e+01    1.17550000e+01    2.06859205e+00    2.06859205e+00
 3.73873499e+02   1.17538083e+01    1.17500000e+01    2.06857277e+00    2.06857277e+00
 3.74232586e+02   1.17538598e+01    1.17500000e+01    2.06855373e+00    2.06855373e+00
 3.74591673e+02   1.17528347e+01    1.17500000e+01    2.06853360e+00    2.06853360e+00
 3.74950761e+02   1.17525724e+01    1.17500000e+01    2.06851387e+00    2.06851387e+00
 3.75309848e+02   1.17487249e+01    1.17450000e+01    2.06849369e+00    2.06849369e+00
 3.75668935e+02   1.17487357e+01    1.17450000e+01    2.06847381e+00    2.06847381e+00
 3.76028022e+02   1.17479252e+01    1.17450000e+01    2.06845308e+00    2.06845308e+00
 3.76387110e+02   1.17478796e+01    1.17450000e+01    2.06843276e+00    2.06843275e+00
 3.76746197e+02   1.17436490e+01    1.17400000e+01    2.06841143e+00    2.06841143e+00
 3.77105284e+02   1.17436444e+01    1.17400000e+01    2.06839074e+00    2.06839074e+00
 3.77464371e+02   1.17426485e+01    1.17400000e+01    2.06836915e+00    2.06836915e+00
 3.77823459e+02   1.17429318e+01    1.17400000e+01    2.06834824e+00    2.06834824e+00
 3.78182546e+02   1.17386230e+01    1.17350000e+01    2.06832608e+00    2.06832608e+00
 3.78541633e+02   1.17385683e+01    1.17350000e+01    2.06830456e+00    2.06830456e+00
 3.78900721e+02   1.17339975e+01    1.17300000e+01    2.06828206e+00    2.06828206e+00
 3.79259808e+02   1.17377732e+01    1.17350000e+01    2.06826050e+00    2.06826050e+00
 3.79618895e+02   1.17334721e+01    1.17300000e+01    2.06823754e+00    2.06823754e+00
 3.79977982e+02   1.17334853e+01    1.17300000e+01    2.06821529e+00    2.06821528e+00
 3.80337070e+02   1.17290720e+01    1.17250000e+01    2.06819223e+00    2.06819223e+00
 3.80696157e+02   1.17290245e+01    1.17250000e+01    2.06816956e+00    2.06816956e+00
 3.81055244e+02   1.17288803e+01    1.17250000e+01    2.06814653e+00    2.06814653e+00
 3.81414331e+02   1.17283484e+01    1.17250000e+01    2.06812296e+00    2.06812296e+00
 3.81773419e+02   1.17277246e+01    1.17250000e+01    2.06809938e+00    2.06809938e+00
 3.82132506e+02   1.17237810e+01    1.17200000e+01    2.06807551e+00    2.06807551e+00
 3.82491593e+02   1.17239107e+01    1.17200000e+01    2.06805213e+00    2.06805213e+00
 3.82850681e+02   1.17232187e+01    1.17200000e+01    2.06802765e+00    2.06802765e+00
 3.83209768e+02   1.17232897e+01    1.17200000e+01    2.06800378e+00    2.06800377e+00
 3.83568855e+02   1.17188422e+01    1.17150000e+01    2.06797892e+00    2.06797892e+00
 3.83927942e+02   1.17187404e+01    1.17150000e+01    2.06795447e+00    2.06795447e+00
 3.84287030e+02   1.17180890e+01    1.17150000e+01    2.06792938e+00    2.06792938e+00
 3.84646117e+02   1.17180915e+01    1.17150000e+01    2.06790473e+00    2.06790473e+00
 3.85005204e+02   1.17139643e+01    1.17100000e+01    2.06787939e+00    2.06787939e+00
 3.85364291e+02   1.17139115e+01    1.17100000e+01    2.06785434e+00    2.06785434e+00
 3.85723379e+02   1.17130532e+01    1.17100000e+01    2.06782826e+00    2.06782826e+00
 3.86082466e+02   1.17129694e+01    1.17100000e+01    2.06780283e+00    2.06780283e+00
 3.86441553e+02   1.17086036e+01    1.17050000e+01    2.06777644e+00    2.06777644e+00
 3.86800641e+02   1.17088164e+01    1.17050000e+01    2.06775098e+00    2.06775098e+00
 3.87159728e+02   1.17080921e+01    1.17050000e+01    2.06772432e+00    2.06772432e+00
 3.87518815e+02   1.17078354e+01    1.17050000e+01    2.06769805e+00    2.06769805e+00
 3.87877902e+02   1.17038577e+01    1.17000000e+01    2.06767135e+00    2.06767135e+00
 3.88236990e+02   1.17035321e+01    1.17000000e+01    2.06764452e+00    2.06764452e+00
 3.88596077e+02   1.17036028e+01    1.17000000e+01    2.06761800e+00    2.06761800e+00
 3.88955164e+02   1.17026965e+01    1.17000000e+01    2.06759044e+00    2.06759044e+00
 3.89314251e+02   1.17027868e+01    1.17000000e+01    2.06756353e+00    2.06756353e+00
 3.89673339e+02   1.16984899e+01    1.16950000e+01    2.06753558e+00    2.06753558e+00
 3.90032426e+02   1.16983221e+01    1.16950000e+01    2.06750810e+00    2.06750810e+00
 3.90391513e+02   1.16940926e+01    1.16900000e+01    2.06748006e+00    2.06748006e+00
 3.90750600e+02   1.16940946e+01    1.16900000e+01    2.06745241e+00    2.06745241e+00
 3.91109688e+02   1.16936062e+01    1.16900000e+01    2.06742405e+00    2.06742405e+00
 3.91468775e+02   1.16935990e+01    1.16900000e+01    2.06739606e+00    2.06739606e+00
 3.91827862e+02   1.16925794e+01    1.16900000e+01    2.06736703e+00    2.06736703e+00
 3.92186950e+02   1.16890216e+01    1.16850000e+01    2.06733861e+00    2.06733861e+00
 3.92546037e+02   1.16882688e+01    1.16850000e+01    2.06730934e+00    2.06730934e+00
 3.92905124e+02   1.16884617e+01    1.16850000e+01    2.06728083e+00    2.06728083e+00
 3.93264211e+02   1.16880819e+01    1.16850000e+01    2.06725162e+00    2.06725162e+00
 3.93623299e+02   1.16839355e+01    1.16800000e+01    2.06722209e+00    2.06722209e+00
 3.93982386e+02   1.16835746e+01    1.16800000e+01    2.06719254e+00    2.06719254e+00
 3.94341473e+02   1.16829555e+01    1.16800000e+01    2.06716266e+00    2.06716266e+00
 3.94700560e+02   1.16830578e+01    1.16800000e+01    2.06713323e+00    2.06713323e+00
 3.95059648e+02   1.16788547e+01    1.16750000e+01    2.06710292e+00    2.06710292e+00
 3.95418735e+02   1.16788689e+01    1.16750000e+01    2.06707310e+00    2.06707310e+00
 3.95777822e+02   1.16781072e+01    1.16750000e+01    2.06704243e+00    2.06704243e+00
 3.96136910e+02   1.16782640e+01    1.16750000e+01    2.06701237e+00    2.06701236e+00
 3.96495997e+02   1.16738231e+01    1.16700000e+01    2.06698118e+00    2.06698118e+00
 3.96855084e+02   1.16737826e+01    1.16700000e+01    2.06695065e+00    2.06695065e+00
 3.97214171e+02   1.16728302e+01    1.16700000e+01    2.06691920e+00    2.06691920e+00
 3.97573259e+02   1.16731471e+01    1.16700000e+01    2.06688864e+00    2.06688864e+00
 3.97932346e+02   1.16690699e+01    1.16650000e+01    2.06685716e+00    2.06685716e+00
 3.98291433e+02   1.16686990e+01    1.16650000e+01    2.06682562e+00    2.06682562e+00
 3.98650520e+02   1.16683750e+01    1.16650000e+01    2.06679401e+00    2.06679401e+00
 3.99009608e+02   1.16640836e+01    1.16600000e+01    2.06676198e+00    2.06676198e+00
 3.99368695e+02   1.16677974e+01    1.16650000e+01    2.06673057e+00    2.06673057e+00
 3.99727782e+02   1.16636185e+01    1.16600000e+01    2.06669805e+00    2.06669805e+00
 4.00086869e+02   1.16636285e+01    1.16600000e+01    2.06666615e+00    2.06666614e+00
 4.00445957e+02   1.16628320e+01    1.16600000e+01    2.06663348e+00    2.06663348e+00
 4.00805044e+02   1.16629224e+01    1.16600000e+01    2.06660130e+00    2.06660130e+00
 4.01164131e+02   1.16586258e+01    1.16550000e+01    2.06656807e+00    2.06656807e+00
 4.01523219e+02   1.16585493e+01    1.16550000e+01    2.06653545e+00    2.06653545e+00
 4.01882306e+02   1.16540761e+01    1.16500000e+01    2.06650206e+00    2.06650206e+00
 4.02241393e+02   1.16576732e+01    1.16550000e+01    2.06646929e+00    2.06646929e+00
 4.02600480e+02   1.16577162e+01    1.16550000e+01    2.06643627e+00    2.06643627e+00
 4.02959568e+02   1.16534639e+01    1.16500000e+01    2.06640228e+00    2.06640228e+00
 4.03318655e+02   1.16535010e+01    1.16500000e+01    2.06636901e+00    2.06636901e+00
 4.03677742e+02   1.16489602e+01    1.16450000e+01    2.06633477e+00    2.06633477e+00
 4.04036829e+02   1.16488846e+01    1.16450000e+01    2.06630104e+00    2.06630104e+00
 4.04395917e+02   1.16483786e+01    1.16450000e+01    2.06626670e+00    2.06626670e+00
 4.04755004e+02   1.16483769e+01    1.16450000e+01    2.06623279e+00    2.06623279e+00
 4.05114091e+02   1.16438603e+01    1.16400000e+01    2.06619795e+00    2.06619794e+00
 4.05473179e+02   1.16440765e+01    1.16400000e+01    2.06616402e+00    2.06616402e+00
 4.05832266e+02   1.16435459e+01    1.16400000e+01    2.06612897e+00    2.06612897e+00
 4.06191353e+02   1.16432603e+01    1.16400000e+01    2.06609421e+00    2.06609421e+00
 4.06550440e+02   1.16427220e+01    1.16400000e+01    2.06605922e+00    2.06605922e+00
 4.06909528e+02   1.16387151e+01    1.16350000e+01    2.06602387e+00    2.06602387e+00
 4.07268615e+02   1.16385557e+01    1.16350000e+01    2.06598874e+00    2.06598874e+00
 4.07627702e+02   1.16381297e+01    1.16350000e+01    2.06595327e+00    2.06595327e+00
 4.07986789e+02   1.16381479e+01    1.16350000e+01    2.06591805e+00    2.06591805e+00
 4.08345877e+02   1.16339120e+01    1.16300000e+01    2.06588214e+00    2.06588214e+00
 4.08704964e+02   1.16339104e+01    1.16300000e+01    2.06584662e+00    2.06584662e+00
 4.09064051e+02   1.16332156e+01    1.16300000e+01    2.06581015e+00    2.06581015e+00
 4.09423139e+02   1.16330204e+01    1.16300000e+01    2.06577421e+00    2.06577421e+00
 4.09782226e+02   1.16288229e+01    1.16250000e+01    2.06573773e+00    2.06573773e+00
 4.10141313e+02   1.16286734e+01    1.16250000e+01    2.06570143e+00    2.06570143e+00
 4.10500400e+02   1.16286785e+01    1.16250000e+01    2.06566520e+00    2.06566520e+00
 4.10859488e+02   1.16278841e+01    1.16250000e+01    2.06562809e+00    2.06562809e+00
 4.11218575e+02   1.16279382e+01    1.16250000e+01    2.06559160e+00    2.06559160e+00
 4.11577662e+02   1.16236219e+01    1.16200000e+01    2.06555424e+00    2.06555424e+00
 4.11936749e+02   1.16237210e+01    1.16200000e+01    2.06551756e+00    2.06551756e+00
 4.12295837e+02   1.16228701e+01    1.16200000e+01    2.06547980e+00    2.06547980e+00
 4.12654924e+02   1.16227735e+01    1.16200000e+01    2.06544265e+00    2.06544265e+00
 4.13014011e+02   1.16185861e+01    1.16150000e+01    2.06540480e+00    2.06540480e+00
 4.13373098e+02   1.16185824e+01    1.16150000e+01    2.06536744e+00    2.06536744e+00
 4.13732186e+02   1.16185449e+01    1.16150000e+01    2.06532988e+00    2.06532987e+00
 4.14091273e+02   1.16176349e+01    1.16150000e+01    2.06529150e+00    2.06529150e+00
 4.14450360e+02   1.16177082e+01    1.16150000e+01    2.06525379e+00    2.06525379e+00
 4.14809448e+02   1.16134821e+01    1.16100000e+01    2.06521518e+00    2.06521518e+00
 4.15168535e+02   1.16135558e+01    1.16100000e+01    2.06517723e+00    2.06517723e+00
 4.15527622e+02   1.16126061e+01    1.16100000e+01    2.06513825e+00    2.06513825e+00
 4.15886709e+02   1.16090313e+01    1.16050000e+01    2.06509989e+00    2.06509989e+00
 4.16245797e+02   1.16084388e+01    1.16050000e+01    2.06506081e+00    2.06506081e+00
 4.16604884e+02   1.16084365e+01    1.16050000e+01    2.06502223e+00    2.06502223e+00
 4.16963971e+02   1.16084028e+01    1.16050000e+01    2.06498346e+00    2.06498346e+00
 4.17323058e+02   1.16039491e+01    1.16000000e+01    2.06494387e+00    2.06494387e+00
 4.17682146e+02   1.16039870e+01    1.16000000e+01    2.06490494e+00    2.06490494e+00
 4.18041233e+02   1.16033005e+01    1.16000000e+01    2.06486513e+00    2.06486513e+00
 4.18400320e+02   1.16034292e+01    1.16000000e+01    2.06482602e+00    2.06482602e+00
 4.18759408e+02   1.15989574e+01    1.15950000e+01    2.06478585e+00    2.06478585e+00
 4.19118495e+02   1.15988835e+01    1.15950000e+01    2.06474626e+00    2.06474626e+00
 4.19477582e+02   1.15983677e+01    1.15950000e+01    2.06470611e+00    2.06470611e+00
 4.19836669e+02   1.15981520e+01    1.15950000e+01    2.06466615e+00    2.06466615e+00
 4.20195757e+02   1.15976147e+01    1.15950000e+01    2.06462588e+00    2.06462588e+00
 4.20554844e+02   1.15938007e+01    1.15900000e+01    2.06458553e+00    2.06458553e+00
 4.20913931e+02   1.15938206e+01    1.15900000e+01    2.06454541e+00    2.06454540e+00
 4.21273018e+02   1.15932899e+01    1.15900000e+01    2.06450461e+00    2.06450461e+00
 4.21632106e+02   1.15932916e+01    1.15900000e+01    2.06446422e+00    2.06446422e+00
 4.21991193e+02   1.15888896e+01    1.15850000e+01    2.06442294e+00    2.06442294e+00
 4.22350280e+02   1.15887342e+01    1.15850000e+01    2.06438211e+00    2.06438211e+00
 4.22709367e+02   1.15883873e+01    1.15850000e+01    2.06434098e+00    2.06434098e+00
 4.23068455e+02   1.15877147e+01    1.15850000e+01    2.06429954e+00    2.06429954e+00
 4.23427542e+02   1.15879113e+01    1.15850000e+01    2.06425868e+00    2.06425868e+00
 4.23786629e+02   1.15836519e+01    1.15800000e+01    2.06421680e+00    2.06421680e+00
 4.24145717e+02   1.15836553e+01    1.15800000e+01    2.06417552e+00    2.06417552e+00
 4.24504804e+02   1.15827278e+01    1.15800000e+01    2.06413335e+00    2.06413335e+00
 4.24863891e+02   1.15830741e+01    1.15800000e+01    2.06409212e+00    2.06409212e+00
 4.25222978e+02   1.15788767e+01    1.15750000e+01    2.06404984e+00    2.06404984e+00
 4.25582066e+02   1.15785811e+01    1.15750000e+01    2.06400774e+00    2.06400774e+00
 4.25941153e+02   1.15785358e+01    1.15750000e+01    2.06396579e+00    2.06396579e+00
 4.26300240e+02   1.15777076e+01    1.15750000e+01    2.06392315e+00    2.06392315e+00
 4.26659327e+02   1.15776713e+01    1.15750000e+01    2.06388097e+00    2.06388097e+00
 4.27018415e+02   1.15735331e+01    1.15700000e+01    2.06383804e+00    2.06383804e+00
 4.27377502e+02   1.15735131e+01    1.15700000e+01    2.06379564e+00    2.06379564e+00
 4.27736589e+02   1.15726200e+01    1.15700000e+01    2.06375248e+00    2.06375248e+00
 4.28095677e+02   1.15726901e+01    1.15700000e+01    2.06370992e+00    2.06370992e+00
 4.28454764e+02   1.15690537e+01    1.15650000e+01    2.06366708e+00    2.06366708e+00
 4.28813851e+02   1.15684339e+01    1.15650000e+01    2.06362349e+00    2.06362349e+00
 4.29172938e+02   1.15684640e+01    1.15650000e+01    2.06358055e+00    2.06358055e+00
 4.29532026e+02   1.15676743e+01    1.15650000e+01    2.06353691e+00    2.06353691e+00
 4.29891113e+02   1.15677031e+01    1.15650000e+01    2.06349373e+00    2.06349373e+00
 4.30250200e+02   1.15634792e+01    1.15600000e+01    2.06344961e+00    2.06344961e+00
 4.30609287e+02   1.15633679e+01    1.15600000e+01    2.06340602e+00    2.06340602e+00
 4.30968375e+02   1.15627907e+01    1.15600000e+01    2.06336212e+00    2.06336212e+00
 4.31327462e+02   1.15587869e+01    1.15550000e+01    2.06331792e+00    2.06331792e+00
 4.31686549e+02   1.15587019e+01    1.15550000e+01    2.06327403e+00    2.06327402e+00
 4.32045637e+02   1.15582775e+01    1.15550000e+01    2.06322966e+00    2.06322966e+00
 4.32404724e+02   1.15582724e+01    1.15550000e+01    2.06318563e+00    2.06318563e+00
 4.32763811e+02   1.15537995e+01    1.15500000e+01    2.06314075e+00    2.06314075e+00
 4.33122898e+02   1.15539390e+01    1.15500000e+01    2.06309671e+00    2.06309671e+00
 4.33481986e+02   1.15538558e+01    1.15500000e+01    2.06305219e+00    2.06305219e+00
 4.33841073e+02   1.15531509e+01    1.15500000e+01    2.06300697e+00    2.06300697e+00
 4.34200160e+02   1.15532186e+01    1.15500000e+01    2.06296242e+00    2.06296242e+00
 4.34559247e+02   1.15488394e+01    1.15450000e+01    2.06291711e+00    2.06291711e+00
 4.34918335e+02   1.15488996e+01    1.15450000e+01    2.06287237e+00    2.06287237e+00
 4.35277422e+02   1.15481799e+01    1.15450000e+01    2.06282663e+00    2.06282663e+00
 4.35636509e+02   1.15480453e+01    1.15450000e+01    2.06278147e+00    2.06278147e+00
 4.35995596e+02   1.15439328e+01    1.15400000e+01    2.06273598e+00    2.06273597e+00
 4.36354684e+02   1.15436122e+01    1.15400000e+01    2.06269025e+00    2.06269025e+00
 4.36713771e+02   1.15435626e+01    1.15400000e+01    2.06264481e+00    2.06264481e+00
 4.37072858e+02   1.15429491e+01    1.15400000e+01    2.06259881e+00    2.06259881e+00
 4.37431946e+02   1.15429278e+01    1.15400000e+01    2.06255320e+00    2.06255320e+00
 4.37791033e+02   1.15386601e+01    1.15350000e+01    2.06250687e+00    2.06250687e+00
 4.38150120e+02   1.15386724e+01    1.15350000e+01    2.06246107e+00    2.06246107e+00
 4.38509207e+02   1.15382821e+01    1.15350000e+01    2.06241471e+00    2.06241470e+00
 4.38868295e+02   1.15377999e+01    1.15350000e+01    2.06236833e+00    2.06236833e+00
 4.39227382e+02   1.15378262e+01    1.15350000e+01    2.06232221e+00    2.06232221e+00
 4.39586469e+02   1.15335306e+01    1.15300000e+01    2.06227524e+00    2.06227524e+00
 4.39945556e+02   1.15337028e+01    1.15300000e+01    2.06222915e+00    2.06222915e+00
 4.40304644e+02   1.15332586e+01    1.15300000e+01    2.06218212e+00    2.06218212e+00
 4.40663731e+02   1.15326824e+01    1.15300000e+01    2.06213518e+00    2.06213518e+00
 4.41022818e+02   1.15327696e+01    1.15300000e+01    2.06208856e+00    2.06208856e+00
 4.41381906e+02   1.15284978e+01    1.15250000e+01    2.06204110e+00    2.06204110e+00
 4.41740993e+02   1.15285750e+01    1.15250000e+01    2.06199432e+00    2.06199432e+00
 4.42100080e+02   1.15277716e+01    1.15250000e+01    2.06194662e+00    2.06194662e+00
 4.42459167e+02   1.15240279e+01    1.15200000e+01    2.06189940e+00    2.06189940e+00
 4.42818255e+02   1.15236846e+01    1.15200000e+01    2.06185189e+00    2.06185189e+00
 4.43177342e+02   1.15232624e+01    1.15200000e+01    2.06180405e+00    2.06180405e+00
 4.43536429e+02   1.15231221e+01    1.15200000e+01    2.06175656e+00    2.06175656e+00
 4.43895516e+02   1.15189575e+01    1.15150000e+01    2.06170862e+00    2.06170862e+00
 4.44254604e+02   1.15189516e+01    1.15150000e+01    2.06166101e+00    2.06166101e+00
 4.44613691e+02   1.15183797e+01    1.15150000e+01    2.06161268e+00    2.06161268e+00
 4.44972778e+02   1.15183982e+01    1.15150000e+01    2.06156489e+00    2.06156489e+00
 4.45331865e+02   1.15178196e+01    1.15150000e+01    2.06151654e+00    2.06151654e+00
 4.45690953e+02   1.15138754e+01    1.15100000e+01    2.06146818e+00    2.06146817e+00
 4.46050040e+02   1.15138861e+01    1.15100000e+01    2.06142008e+00    2.06142007e+00
 4.46409127e+02   1.15131705e+01    1.15100000e+01    2.06137109e+00    2.06137109e+00
 4.46768215e+02   1.15134222e+01    1.15100000e+01    2.06132309e+00    2.06132309e+00
 4.47127302e+02   1.15131381e+01    1.15100000e+01    2.06127432e+00    2.06127432e+00
 4.47486389e+02   1.15088050e+01    1.15050000e+01    2.06122522e+00    2.06122522e+00
 4.47845476e+02   1.15088633e+01    1.15050000e+01    2.06117667e+00    2.06117667e+00
 4.48204564e+02   1.15082672e+01    1.15050000e+01    2.06112734e+00    2.06112734e+00
 4.48563651e+02   1.15083460e+01    1.15050000e+01    2.06107864e+00    2.06107864e+00
 4.48922738e+02   1.15040142e+01    1.15000000e+01    2.06102911e+00    2.06102911e+00
 4.49281825e+02   1.15037400e+01    1.15000000e+01    2.06097980e+00    2.06097980e+00
 4.49640913e+02   1.15036564e+01    1.15000000e+01    2.06093062e+00    2.06093062e+00
 4.50000000e+02   1.15032307e+01    1.15000000e+01    2.06088099e+00    2.06088099e+00
