Stellar Sequence
Central Pressure Range = 0.05 to 1000.0 MeVfm^3
Number of Stars = 1250
h = 4 meters
r0 = 2.5 meters
 P_MeV/fm3        R_km using LE     R_km not using LE M_M_solar using LE M_M_solar not using LE
 8.05600480e+00   1.28710598e+01    1.28705000e+01    5.50732297e-01    5.50732297e-01
 8.85660528e+00   1.28789263e+01    1.28785000e+01    5.86175550e-01    5.86175550e-01
 1.28596077e+01   1.29986592e+01    1.29985000e+01    7.41127691e-01    7.41127691e-01
 1.52614091e+01   1.30300933e+01    1.30305000e+01    8.20204605e-01    8.20204605e-01
 1.60620096e+01   1.30519249e+01    1.30505000e+01    8.44714789e-01    8.44714789e-01
 1.68626101e+01   1.30603952e+01    1.30585000e+01    8.68393681e-01    8.68393680e-01
 1.76632106e+01   1.30826634e+01    1.30825000e+01    8.91290862e-01    8.91290862e-01
 1.84638110e+01   1.30875081e+01    1.30865000e+01    9.13452037e-01    9.13452037e-01
 1.92644115e+01   1.31031479e+01    1.31025000e+01    9.34914991e-01    9.34914991e-01
 2.00650120e+01   1.31173828e+01    1.31185000e+01    9.55720957e-01    9.55720957e-01
 2.08656125e+01   1.31254359e+01    1.31265000e+01    9.75900352e-01    9.75900352e-01
 2.16662130e+01   1.31383453e+01    1.31385000e+01    9.95486527e-01    9.95486527e-01
 2.24668135e+01   1.31493325e+01    1.31505000e+01    1.01450788e+00    1.01450788e+00
 2.32674139e+01   1.31538700e+01    1.31545000e+01    1.03299075e+00    1.03299075e+00
 2.40680144e+01   1.31611137e+01    1.31625000e+01    1.05096078e+00    1.05096078e+00
 2.48686149e+01   1.31641576e+01    1.31625000e+01    1.06844093e+00    1.06844093e+00
 2.56692154e+01   1.31756200e+01    1.31745000e+01    1.08545292e+00    1.08545292e+00
 2.64698159e+01   1.31809404e+01    1.31825000e+01    1.10201658e+00    1.10201658e+00
 2.72704163e+01   1.31888563e+01    1.31905000e+01    1.11815176e+00    1.11815176e+00
 2.80710168e+01   1.31837316e+01    1.31825000e+01    1.13387515e+00    1.13387515e+00
 2.88716173e+01   1.32018516e+01    1.32025000e+01    1.14920416e+00    1.14920416e+00
 2.96722178e+01   1.31971931e+01    1.31985000e+01    1.16415420e+00    1.16415420e+00
 3.04728183e+01   1.32146700e+01    1.32145000e+01    1.17874038e+00    1.17874038e+00
 3.12734187e+01   1.32106420e+01    1.32105000e+01    1.19297598e+00    1.19297598e+00
 3.20740192e+01   1.32044292e+01    1.32025000e+01    1.20687407e+00    1.20687407e+00
 3.28746197e+01   1.32216408e+01    1.32225000e+01    1.22044854e+00    1.22044854e+00
 3.36752202e+01   1.32168465e+01    1.32145000e+01    1.23370965e+00    1.23370965e+00
 3.44758207e+01   1.32223768e+01    1.32225000e+01    1.24666932e+00    1.24666932e+00
 3.52764211e+01   1.32137270e+01    1.32145000e+01    1.25933739e+00    1.25933739e+00
 3.60770216e+01   1.32229827e+01    1.32225000e+01    1.27172481e+00    1.27172481e+00
 3.68776221e+01   1.32384177e+01    1.32385000e+01    1.28384092e+00    1.28384092e+00
 3.76782226e+01   1.32183213e+01    1.32185000e+01    1.29569444e+00    1.29569444e+00
 3.84788231e+01   1.32309974e+01    1.32305000e+01    1.30729444e+00    1.30729444e+00
 3.92794235e+01   1.32080403e+01    1.32065000e+01    1.31864825e+00    1.31864825e+00
 4.00800240e+01   1.32151479e+01    1.32145000e+01    1.32976521e+00    1.32976521e+00
 4.08806245e+01   1.32285799e+01    1.32265000e+01    1.34065237e+00    1.34065237e+00
 4.16812250e+01   1.32106820e+01    1.32105000e+01    1.35131601e+00    1.35131601e+00
 4.24818255e+01   1.32087489e+01    1.32065000e+01    1.36176368e+00    1.36176368e+00
 4.32824259e+01   1.32052626e+01    1.32025000e+01    1.37200218e+00    1.37200218e+00
 4.40830264e+01   1.32065455e+01    1.32065000e+01    1.38203724e+00    1.38203724e+00
 4.48836269e+01   1.32033290e+01    1.32025000e+01    1.39187540e+00    1.39187540e+00
 4.56842274e+01   1.32060923e+01    1.32065000e+01    1.40152215e+00    1.40152215e+00
 4.64848279e+01   1.32080741e+01    1.32065000e+01    1.41098288e+00    1.41098288e+00
 4.72854283e+01   1.32049285e+01    1.32025000e+01    1.42026286e+00    1.42026286e+00
 4.80860288e+01   1.31966715e+01    1.31945000e+01    1.42936732e+00    1.42936731e+00
 4.88866293e+01   1.31906656e+01    1.31905000e+01    1.43830126e+00    1.43830126e+00
 4.96872298e+01   1.31922524e+01    1.31905000e+01    1.44706960e+00    1.44706960e+00
 5.04878303e+01   1.31867825e+01    1.31865000e+01    1.45567628e+00    1.45567628e+00
 5.12884307e+01   1.31838925e+01    1.31825000e+01    1.46412607e+00    1.46412607e+00
 5.20890312e+01   1.31962746e+01    1.31945000e+01    1.47242294e+00    1.47242294e+00
 5.28896317e+01   1.31827231e+01    1.31825000e+01    1.48057098e+00    1.48057098e+00
 5.36902322e+01   1.31780380e+01    1.31785000e+01    1.48857408e+00    1.48857408e+00
 5.44908327e+01   1.31726942e+01    1.31705000e+01    1.49643591e+00    1.49643591e+00
 5.52914331e+01   1.31735610e+01    1.31705000e+01    1.50416020e+00    1.50416020e+00
 5.60920336e+01   1.31648794e+01    1.31625000e+01    1.51175032e+00    1.51175032e+00
 5.68926341e+01   1.31582783e+01    1.31585000e+01    1.51920973e+00    1.51920973e+00
 5.76932346e+01   1.31554417e+01    1.31545000e+01    1.52654174e+00    1.52654174e+00
 5.84938351e+01   1.31510491e+01    1.31505000e+01    1.53374929e+00    1.53374929e+00
 5.92944355e+01   1.31520687e+01    1.31505000e+01    1.54083559e+00    1.54083559e+00
 6.00950360e+01   1.31487584e+01    1.31465000e+01    1.54780344e+00    1.54780344e+00
 6.08956365e+01   1.31476309e+01    1.31465000e+01    1.55465558e+00    1.55465558e+00
 6.16962370e+01   1.31428905e+01    1.31425000e+01    1.56139486e+00    1.56139486e+00
 6.24968375e+01   1.31356367e+01    1.31345000e+01    1.56802400e+00    1.56802400e+00
 6.32974380e+01   1.31294859e+01    1.31265000e+01    1.57454550e+00    1.57454550e+00
 6.40980384e+01   1.31306666e+01    1.31305000e+01    1.58096191e+00    1.58096191e+00
 6.48986389e+01   1.31268654e+01    1.31265000e+01    1.58727548e+00    1.58727548e+00
 6.56992394e+01   1.31346669e+01    1.31345000e+01    1.59348889e+00    1.59348889e+00
 6.64998399e+01   1.31116522e+01    1.31105000e+01    1.59960363e+00    1.59960363e+00
 6.73004404e+01   1.31094636e+01    1.31065000e+01    1.60562254e+00    1.60562254e+00
 6.81010408e+01   1.31140022e+01    1.31145000e+01    1.61154769e+00    1.61154769e+00
 6.89016413e+01   1.31052290e+01    1.31025000e+01    1.61738097e+00    1.61738097e+00
 6.97022418e+01   1.31020063e+01    1.31025000e+01    1.62312411e+00    1.62312411e+00
 7.05028423e+01   1.30914106e+01    1.30905000e+01    1.62877977e+00    1.62877977e+00
 7.13034428e+01   1.30945922e+01    1.30945000e+01    1.63434929e+00    1.63434929e+00
 7.21040432e+01   1.30821459e+01    1.30825000e+01    1.63983456e+00    1.63983456e+00
 7.29046437e+01   1.30851271e+01    1.30825000e+01    1.64523751e+00    1.64523751e+00
 7.37052442e+01   1.30814737e+01    1.30785000e+01    1.65055963e+00    1.65055963e+00
 7.45058447e+01   1.30769182e+01    1.30745000e+01    1.65580276e+00    1.65580276e+00
 7.53064452e+01   1.30713743e+01    1.30705000e+01    1.66096855e+00    1.66096855e+00
 7.61070456e+01   1.30725338e+01    1.30705000e+01    1.66605856e+00    1.66605856e+00
 7.69076461e+01   1.30656875e+01    1.30625000e+01    1.67107396e+00    1.67107396e+00
 7.77082466e+01   1.30533336e+01    1.30505000e+01    1.67601667e+00    1.67601667e+00
 7.85088471e+01   1.30563432e+01    1.30545000e+01    1.68088809e+00    1.68088809e+00
 7.93094476e+01   1.30480065e+01    1.30465000e+01    1.68568968e+00    1.68568968e+00
 8.01100480e+01   1.30429494e+01    1.30425000e+01    1.69042254e+00    1.69042254e+00
 8.09106485e+01   1.30390029e+01    1.30385000e+01    1.69508846e+00    1.69508846e+00
 8.17112490e+01   1.30392026e+01    1.30385000e+01    1.69968835e+00    1.69968835e+00
 8.25118495e+01   1.30240034e+01    1.30225000e+01    1.70422362e+00    1.70422362e+00
 8.33124500e+01   1.30355930e+01    1.30345000e+01    1.70869572e+00    1.70869572e+00
 8.41130504e+01   1.30264764e+01    1.30265000e+01    1.71310541e+00    1.71310541e+00
 8.49136509e+01   1.30153032e+01    1.30145000e+01    1.71745394e+00    1.71745394e+00
 8.57142514e+01   1.30095581e+01    1.30065000e+01    1.72174254e+00    1.72174254e+00
 8.65148519e+01   1.30032054e+01    1.30025000e+01    1.72597269e+00    1.72597269e+00
 8.73154524e+01   1.29983490e+01    1.29985000e+01    1.73014512e+00    1.73014512e+00
 8.81160528e+01   1.29964141e+01    1.29945000e+01    1.73426094e+00    1.73426094e+00
 8.89166533e+01   1.29928589e+01    1.29905000e+01    1.73832104e+00    1.73832104e+00
 8.97172538e+01   1.29859206e+01    1.29825000e+01    1.74232667e+00    1.74232667e+00
 9.05178543e+01   1.29823153e+01    1.29785000e+01    1.74627881e+00    1.74627881e+00
 9.13184548e+01   1.29765464e+01    1.29745000e+01    1.75017809e+00    1.75017809e+00
 9.21190552e+01   1.29705605e+01    1.29705000e+01    1.75402591e+00    1.75402591e+00
 9.29196557e+01   1.29698309e+01    1.29665000e+01    1.75782289e+00    1.75782289e+00
 9.37202562e+01   1.29647341e+01    1.29625000e+01    1.76157008e+00    1.76157008e+00
 9.45208567e+01   1.29543807e+01    1.29505000e+01    1.76526821e+00    1.76526821e+00
 9.53214572e+01   1.29513574e+01    1.29505000e+01    1.76891810e+00    1.76891810e+00
 9.61220576e+01   1.29471263e+01    1.29465000e+01    1.77252107e+00    1.77252107e+00
 9.69226581e+01   1.29422469e+01    1.29385000e+01    1.77607719e+00    1.77607719e+00
 9.77232586e+01   1.29522954e+01    1.29505000e+01    1.77958801e+00    1.77958801e+00
 9.85238591e+01   1.29372151e+01    1.29345000e+01    1.78305323e+00    1.78305323e+00
 9.93244596e+01   1.29311268e+01    1.29305000e+01    1.78647476e+00    1.78647476e+00
 1.00125060e+02   1.29246671e+01    1.29225000e+01    1.78985263e+00    1.78985263e+00
 1.00925661e+02   1.29137576e+01    1.29105000e+01    1.79318793e+00    1.79318793e+00
 1.01726261e+02   1.29229227e+01    1.29225000e+01    1.79648163e+00    1.79648163e+00
 1.02526861e+02   1.29149619e+01    1.29145000e+01    1.79973390e+00    1.79973390e+00
 1.03327462e+02   1.29054810e+01    1.29025000e+01    1.80294610e+00    1.80294610e+00
 1.04128062e+02   1.28968669e+01    1.28945000e+01    1.80611801e+00    1.80611801e+00
 1.04928663e+02   1.28941446e+01    1.28905000e+01    1.80925063e+00    1.80925063e+00
 1.05729263e+02   1.28976679e+01    1.28945000e+01    1.81234402e+00    1.81234401e+00
 1.06529864e+02   1.28864273e+01    1.28825000e+01    1.81539806e+00    1.81539806e+00
 1.07330464e+02   1.28690452e+01    1.28665000e+01    1.81841382e+00    1.81841382e+00
 1.08131065e+02   1.28770533e+01    1.28745000e+01    1.82139139e+00    1.82139138e+00
 1.08931665e+02   1.28667045e+01    1.28665000e+01    1.82433073e+00    1.82433073e+00
 1.09732266e+02   1.28669390e+01    1.28665000e+01    1.82723298e+00    1.82723298e+00
 1.10532866e+02   1.28583745e+01    1.28545000e+01    1.83009801e+00    1.83009801e+00
 1.11333467e+02   1.28515336e+01    1.28505000e+01    1.83292641e+00    1.83292641e+00
 1.12134067e+02   1.28527691e+01    1.28505000e+01    1.83571915e+00    1.83571915e+00
 1.12934668e+02   1.28379458e+01    1.28345000e+01    1.83847615e+00    1.83847615e+00
 1.13735268e+02   1.28386175e+01    1.28345000e+01    1.84119812e+00    1.84119812e+00
 1.14535869e+02   1.28309164e+01    1.28305000e+01    1.84388540e+00    1.84388540e+00
 1.15336469e+02   1.28260234e+01    1.28225000e+01    1.84653884e+00    1.84653884e+00
 1.16137070e+02   1.28251245e+01    1.28225000e+01    1.84915863e+00    1.84915863e+00
 1.16937670e+02   1.28153048e+01    1.28145000e+01    1.85174515e+00    1.85174515e+00
 1.17738271e+02   1.28167340e+01    1.28145000e+01    1.85429922e+00    1.85429922e+00
 1.18538871e+02   1.28119179e+01    1.28105000e+01    1.85682143e+00    1.85682143e+00
 1.19339472e+02   1.28028959e+01    1.28025000e+01    1.85931182e+00    1.85931182e+00
 1.20140072e+02   1.27959975e+01    1.27945000e+01    1.86177103e+00    1.86177103e+00
 1.20940673e+02   1.27970581e+01    1.27945000e+01    1.86419961e+00    1.86419961e+00
 1.21741273e+02   1.27901002e+01    1.27865000e+01    1.86659804e+00    1.86659804e+00
 1.22541873e+02   1.27928797e+01    1.27905000e+01    1.86896685e+00    1.86896685e+00
 1.23342474e+02   1.27852758e+01    1.27825000e+01    1.87130616e+00    1.87130616e+00
 1.24143074e+02   1.27750967e+01    1.27745000e+01    1.87361653e+00    1.87361653e+00
 1.24943675e+02   1.27657657e+01    1.27625000e+01    1.87589847e+00    1.87589847e+00
 1.25744275e+02   1.27708297e+01    1.27665000e+01    1.87815271e+00    1.87815271e+00
 1.26544876e+02   1.27618087e+01    1.27585000e+01    1.88037936e+00    1.88037936e+00
 1.27345476e+02   1.27533832e+01    1.27505000e+01    1.88257870e+00    1.88257870e+00
 1.28146077e+02   1.27501498e+01    1.27465000e+01    1.88475132e+00    1.88475132e+00
 1.28946677e+02   1.27501384e+01    1.27465000e+01    1.88689760e+00    1.88689760e+00
 1.29747278e+02   1.27443290e+01    1.27425000e+01    1.88901782e+00    1.88901782e+00
 1.30547878e+02   1.27333675e+01    1.27305000e+01    1.89111252e+00    1.89111252e+00
 1.31348479e+02   1.27223370e+01    1.27185000e+01    1.89318202e+00    1.89318202e+00
 1.32149079e+02   1.27180895e+01    1.27145000e+01    1.89522669e+00    1.89522669e+00
 1.32949680e+02   1.27120431e+01    1.27105000e+01    1.89724682e+00    1.89724682e+00
 1.33750280e+02   1.27183963e+01    1.27145000e+01    1.89924291e+00    1.89924291e+00
 1.34550881e+02   1.27149905e+01    1.27105000e+01    1.90121512e+00    1.90121511e+00
 1.35351481e+02   1.27186938e+01    1.27145000e+01    1.90316397e+00    1.90316397e+00
 1.36152082e+02   1.26929731e+01    1.26905000e+01    1.90508955e+00    1.90508955e+00
 1.36952682e+02   1.26966664e+01    1.26945000e+01    1.90699261e+00    1.90699261e+00
 1.37753283e+02   1.26915907e+01    1.26905000e+01    1.90887303e+00    1.90887303e+00
 1.38553883e+02   1.26886012e+01    1.26865000e+01    1.91073129e+00    1.91073128e+00
 1.39354484e+02   1.26778328e+01    1.26745000e+01    1.91256760e+00    1.91256760e+00
 1.40155084e+02   1.26701241e+01    1.26665000e+01    1.91438240e+00    1.91438240e+00
 1.40955685e+02   1.26639277e+01    1.26625000e+01    1.91617597e+00    1.91617596e+00
 1.41756285e+02   1.26603076e+01    1.26585000e+01    1.91794871e+00    1.91794870e+00
 1.42556886e+02   1.26570103e+01    1.26545000e+01    1.91970084e+00    1.91970084e+00
 1.43357486e+02   1.26621189e+01    1.26585000e+01    1.92143266e+00    1.92143266e+00
 1.44158086e+02   1.26578314e+01    1.26545000e+01    1.92314430e+00    1.92314430e+00
 1.44958687e+02   1.26489849e+01    1.26465000e+01    1.92483610e+00    1.92483610e+00
 1.45759287e+02   1.26368235e+01    1.26345000e+01    1.92650835e+00    1.92650835e+00
 1.46559888e+02   1.26343363e+01    1.26305000e+01    1.92816144e+00    1.92816144e+00
 1.47360488e+02   1.26446251e+01    1.26425000e+01    1.92979572e+00    1.92979572e+00
 1.48161089e+02   1.26340354e+01    1.26305000e+01    1.93141112e+00    1.93141112e+00
 1.48961689e+02   1.26198285e+01    1.26185000e+01    1.93300817e+00    1.93300817e+00
 1.49762290e+02   1.26256370e+01    1.26225000e+01    1.93458719e+00    1.93458719e+00
 1.50562890e+02   1.26145102e+01    1.26105000e+01    1.93614803e+00    1.93614803e+00
 1.51363491e+02   1.26142753e+01    1.26105000e+01    1.93769127e+00    1.93769127e+00
 1.52164091e+02   1.26054099e+01    1.26025000e+01    1.93921696e+00    1.93921696e+00
 1.52964692e+02   1.26063042e+01    1.26025000e+01    1.94072554e+00    1.94072554e+00
 1.53765292e+02   1.25970510e+01    1.25945000e+01    1.94221700e+00    1.94221700e+00
 1.54565893e+02   1.25871131e+01    1.25825000e+01    1.94369173e+00    1.94369173e+00
 1.55366493e+02   1.25883744e+01    1.25865000e+01    1.94515010e+00    1.94515010e+00
 1.56167094e+02   1.25869143e+01    1.25825000e+01    1.94659217e+00    1.94659216e+00
 1.56967694e+02   1.25803219e+01    1.25785000e+01    1.94801805e+00    1.94801805e+00
 1.57768295e+02   1.25822248e+01    1.25785000e+01    1.94942811e+00    1.94942811e+00
 1.58568895e+02   1.25738692e+01    1.25705000e+01    1.95082240e+00    1.95082240e+00
 1.59369496e+02   1.25711049e+01    1.25665000e+01    1.95220127e+00    1.95220127e+00
 1.60170096e+02   1.25645030e+01    1.25625000e+01    1.95356483e+00    1.95356483e+00
 1.60970697e+02   1.25503112e+01    1.25465000e+01    1.95491327e+00    1.95491327e+00
 1.61771297e+02   1.25429006e+01    1.25385000e+01    1.95624693e+00    1.95624693e+00
 1.62571898e+02   1.25508099e+01    1.25465000e+01    1.95756621e+00    1.95756621e+00
 1.63372498e+02   1.25412702e+01    1.25385000e+01    1.95887082e+00    1.95887082e+00
 1.64173098e+02   1.25388229e+01    1.25345000e+01    1.96016114e+00    1.96016114e+00
 1.64973699e+02   1.25328304e+01    1.25305000e+01    1.96143727e+00    1.96143727e+00
 1.65774299e+02   1.25245240e+01    1.25225000e+01    1.96269943e+00    1.96269943e+00
 1.66574900e+02   1.25230997e+01    1.25185000e+01    1.96394790e+00    1.96394790e+00
 1.67375500e+02   1.25231871e+01    1.25185000e+01    1.96518278e+00    1.96518278e+00
 1.68176101e+02   1.25182938e+01    1.25145000e+01    1.96640419e+00    1.96640419e+00
 1.68976701e+02   1.25095017e+01    1.25065000e+01    1.96761238e+00    1.96761238e+00
 1.69777302e+02   1.25051655e+01    1.25025000e+01    1.96880752e+00    1.96880752e+00
 1.70577902e+02   1.25031371e+01    1.24985000e+01    1.96998971e+00    1.96998971e+00
 1.71378503e+02   1.24947195e+01    1.24905000e+01    1.97115903e+00    1.97115903e+00
 1.72179103e+02   1.24901444e+01    1.24865000e+01    1.97231577e+00    1.97231577e+00
 1.72979704e+02   1.24866678e+01    1.24825000e+01    1.97346002e+00    1.97346002e+00
 1.73780304e+02   1.24820504e+01    1.24785000e+01    1.97459198e+00    1.97459198e+00
 1.74580905e+02   1.24775440e+01    1.24745000e+01    1.97571180e+00    1.97571180e+00
 1.75381505e+02   1.24727460e+01    1.24705000e+01    1.97681979e+00    1.97681979e+00
 1.76182106e+02   1.24688736e+01    1.24665000e+01    1.97791584e+00    1.97791584e+00
 1.76982706e+02   1.24621917e+01    1.24585000e+01    1.97900009e+00    1.97900009e+00
 1.77783307e+02   1.24619103e+01    1.24585000e+01    1.98007281e+00    1.98007281e+00
 1.78583907e+02   1.24542197e+01    1.24505000e+01    1.98113404e+00    1.98113404e+00
 1.79384508e+02   1.24498977e+01    1.24465000e+01    1.98218399e+00    1.98218399e+00
 1.80185108e+02   1.24453801e+01    1.24425000e+01    1.98322281e+00    1.98322281e+00
 1.80985709e+02   1.24479993e+01    1.24465000e+01    1.98425076e+00    1.98425076e+00
 1.81786309e+02   1.24361072e+01    1.24345000e+01    1.98526763e+00    1.98526763e+00
 1.82586910e+02   1.24311297e+01    1.24265000e+01    1.98627378e+00    1.98627378e+00
 1.83387510e+02   1.24269566e+01    1.24225000e+01    1.98726928e+00    1.98726928e+00
 1.84188110e+02   1.24225759e+01    1.24185000e+01    1.98825423e+00    1.98825423e+00
 1.84988711e+02   1.24180791e+01    1.24145000e+01    1.98922882e+00    1.98922882e+00
 1.85789311e+02   1.24144298e+01    1.24105000e+01    1.99019327e+00    1.99019327e+00
 1.86589912e+02   1.24225827e+01    1.24185000e+01    1.99114778e+00    1.99114778e+00
 1.87390512e+02   1.24008096e+01    1.23985000e+01    1.99209186e+00    1.99209186e+00
 1.88191113e+02   1.23985956e+01    1.23945000e+01    1.99302621e+00    1.99302621e+00
 1.88991713e+02   1.24020055e+01    1.23985000e+01    1.99395083e+00    1.99395083e+00
 1.89792314e+02   1.24005678e+01    1.23985000e+01    1.99486570e+00    1.99486570e+00
 1.90592914e+02   1.23964448e+01    1.23945000e+01    1.99577110e+00    1.99577110e+00
 1.91393515e+02   1.23869333e+01    1.23825000e+01    1.99666700e+00    1.99666700e+00
 1.92194115e+02   1.23826251e+01    1.23785000e+01    1.99755354e+00    1.99755354e+00
 1.92994716e+02   1.23782941e+01    1.23745000e+01    1.99843084e+00    1.99843083e+00
 1.93795316e+02   1.23738247e+01    1.23705000e+01    1.99929896e+00    1.99929896e+00
 1.94595917e+02   1.23693829e+01    1.23665000e+01    2.00015809e+00    2.00015809e+00
 1.95396517e+02   1.23647141e+01    1.23625000e+01    2.00100852e+00    2.00100852e+00
 1.96197118e+02   1.23590776e+01    1.23545000e+01    2.00185003e+00    2.00185003e+00
 1.96997718e+02   1.23544879e+01    1.23505000e+01    2.00268275e+00    2.00268275e+00
 1.97798319e+02   1.23502679e+01    1.23465000e+01    2.00350687e+00    2.00350687e+00
 1.98598919e+02   1.23484731e+01    1.23465000e+01    2.00432246e+00    2.00432246e+00
 1.99399520e+02   1.23424114e+01    1.23385000e+01    2.00512973e+00    2.00512973e+00
 2.00200120e+02   1.23471152e+01    1.23425000e+01    2.00592872e+00    2.00592872e+00
 2.01000721e+02   1.23418373e+01    1.23385000e+01    2.00671932e+00    2.00671932e+00
 2.01801321e+02   1.23376636e+01    1.23345000e+01    2.00750175e+00    2.00750175e+00
 2.02601922e+02   1.23335620e+01    1.23305000e+01    2.00827612e+00    2.00827612e+00
 2.03402522e+02   1.23340740e+01    1.23305000e+01    2.00904278e+00    2.00904278e+00
 2.04203122e+02   1.23190627e+01    1.23145000e+01    2.00980135e+00    2.00980135e+00
 2.05003723e+02   1.23149924e+01    1.23105000e+01    2.01055216e+00    2.01055215e+00
 2.05804323e+02   1.23106863e+01    1.23065000e+01    2.01129526e+00    2.01129526e+00
 2.06604924e+02   1.23147650e+01    1.23105000e+01    2.01203082e+00    2.01203082e+00
 2.07405524e+02   1.23066478e+01    1.23025000e+01    2.01275885e+00    2.01275885e+00
 2.08206125e+02   1.23025176e+01    1.22985000e+01    2.01347936e+00    2.01347936e+00
 2.09006725e+02   1.22899151e+01    1.22865000e+01    2.01419239e+00    2.01419239e+00
 2.09807326e+02   1.22966149e+01    1.22945000e+01    2.01489827e+00    2.01489826e+00
 2.10607926e+02   1.22848934e+01    1.22825000e+01    2.01559695e+00    2.01559695e+00
 2.11408527e+02   1.22946691e+01    1.22905000e+01    2.01628867e+00    2.01628867e+00
 2.12209127e+02   1.22706239e+01    1.22665000e+01    2.01697294e+00    2.01697294e+00
 2.13009728e+02   1.22824425e+01    1.22785000e+01    2.01765055e+00    2.01765054e+00
 2.13810328e+02   1.22700614e+01    1.22665000e+01    2.01832108e+00    2.01832108e+00
 2.14610929e+02   1.22666371e+01    1.22625000e+01    2.01898490e+00    2.01898489e+00
 2.15411529e+02   1.22624060e+01    1.22585000e+01    2.01964185e+00    2.01964185e+00
 2.16212130e+02   1.22533189e+01    1.22505000e+01    2.02029203e+00    2.02029203e+00
 2.17012730e+02   1.22539470e+01    1.22505000e+01    2.02093575e+00    2.02093575e+00
 2.17813331e+02   1.22499202e+01    1.22465000e+01    2.02157304e+00    2.02157304e+00
 2.18613931e+02   1.22452319e+01    1.22425000e+01    2.02220368e+00    2.02220368e+00
 2.19414532e+02   1.22411415e+01    1.22385000e+01    2.02282792e+00    2.02282792e+00
 2.20215132e+02   1.22406160e+01    1.22385000e+01    2.02344590e+00    2.02344590e+00
 2.21015733e+02   1.22377393e+01    1.22345000e+01    2.02405759e+00    2.02405759e+00
 2.21816333e+02   1.22336343e+01    1.22305000e+01    2.02466297e+00    2.02466297e+00
 2.22616934e+02   1.22260159e+01    1.22225000e+01    2.02526212e+00    2.02526212e+00
 2.23417534e+02   1.22254498e+01    1.22225000e+01    2.02585548e+00    2.02585548e+00
 2.24218135e+02   1.22189060e+01    1.22145000e+01    2.02644267e+00    2.02644267e+00
 2.25018735e+02   1.22213488e+01    1.22185000e+01    2.02702392e+00    2.02702392e+00
 2.25819335e+02   1.22102311e+01    1.22065000e+01    2.02759916e+00    2.02759916e+00
 2.26619936e+02   1.22069980e+01    1.22025000e+01    2.02816875e+00    2.02816875e+00
 2.27420536e+02   1.22133867e+01    1.22105000e+01    2.02873250e+00    2.02873250e+00
 2.28221137e+02   1.22019529e+01    1.21985000e+01    2.02929033e+00    2.02929033e+00
 2.29021737e+02   1.21982275e+01    1.21945000e+01    2.02984277e+00    2.02984277e+00
 2.29822338e+02   1.21910037e+01    1.21865000e+01    2.03038951e+00    2.03038951e+00
 2.30622938e+02   1.21942701e+01    1.21905000e+01    2.03093073e+00    2.03093073e+00
 2.31423539e+02   1.21867699e+01    1.21825000e+01    2.03146639e+00    2.03146639e+00
 2.32224139e+02   1.21819948e+01    1.21785000e+01    2.03199669e+00    2.03199669e+00
 2.33024740e+02   1.21747128e+01    1.21705000e+01    2.03252150e+00    2.03252150e+00
 2.33825340e+02   1.21703874e+01    1.21665000e+01    2.03304093e+00    2.03304093e+00
 2.34625941e+02   1.21743513e+01    1.21705000e+01    2.03355544e+00    2.03355544e+00
 2.35426541e+02   1.21666393e+01    1.21625000e+01    2.03406445e+00    2.03406445e+00
 2.36227142e+02   1.21619930e+01    1.21585000e+01    2.03456828e+00    2.03456828e+00
 2.37027742e+02   1.21570738e+01    1.21545000e+01    2.03506713e+00    2.03506713e+00
 2.37828343e+02   1.21534876e+01    1.21505000e+01    2.03556080e+00    2.03556080e+00
 2.38628943e+02   1.21533877e+01    1.21505000e+01    2.03604941e+00    2.03604941e+00
 2.39429544e+02   1.21462164e+01    1.21425000e+01    2.03653322e+00    2.03653322e+00
 2.40230144e+02   1.21345980e+01    1.21305000e+01    2.03701196e+00    2.03701196e+00
 2.41030745e+02   1.21426369e+01    1.21385000e+01    2.03748595e+00    2.03748595e+00
 2.41831345e+02   1.21346205e+01    1.21305000e+01    2.03795508e+00    2.03795508e+00
 2.42631946e+02   1.21344906e+01    1.21305000e+01    2.03841941e+00    2.03841941e+00
 2.43432546e+02   1.21262840e+01    1.21225000e+01    2.03887885e+00    2.03887885e+00
 2.44233147e+02   1.21225606e+01    1.21185000e+01    2.03933388e+00    2.03933388e+00
 2.45033747e+02   1.21188721e+01    1.21145000e+01    2.03978414e+00    2.03978414e+00
 2.45834347e+02   1.21209104e+01    1.21185000e+01    2.04022980e+00    2.04022980e+00
 2.46634948e+02   1.21147267e+01    1.21105000e+01    2.04067101e+00    2.04067100e+00
 2.47435548e+02   1.21094858e+01    1.21065000e+01    2.04110755e+00    2.04110755e+00
 2.48236149e+02   1.21058652e+01    1.21025000e+01    2.04153958e+00    2.04153958e+00
 2.49036749e+02   1.21022736e+01    1.20985000e+01    2.04196747e+00    2.04196747e+00
 2.49837350e+02   1.20978177e+01    1.20945000e+01    2.04239079e+00    2.04239079e+00
 2.50637950e+02   1.21010107e+01    1.20985000e+01    2.04280984e+00    2.04280984e+00
 2.51438551e+02   1.20948893e+01    1.20905000e+01    2.04322460e+00    2.04322460e+00
 2.52239151e+02   1.20868982e+01    1.20825000e+01    2.04363492e+00    2.04363492e+00
 2.53039752e+02   1.20893200e+01    1.20865000e+01    2.04404127e+00    2.04404127e+00
 2.53840352e+02   1.20903121e+01    1.20865000e+01    2.04444340e+00    2.04444340e+00
 2.54640953e+02   1.20747461e+01    1.20705000e+01    2.04484119e+00    2.04484119e+00
 2.55441553e+02   1.20781680e+01    1.20745000e+01    2.04523517e+00    2.04523517e+00
 2.56242154e+02   1.20704687e+01    1.20665000e+01    2.04562485e+00    2.04562485e+00
 2.57042754e+02   1.20657634e+01    1.20625000e+01    2.04601050e+00    2.04601050e+00
 2.57843355e+02   1.20624184e+01    1.20585000e+01    2.04639241e+00    2.04639241e+00
 2.58643955e+02   1.20611681e+01    1.20585000e+01    2.04677022e+00    2.04677022e+00
 2.59444556e+02   1.20508717e+01    1.20465000e+01    2.04714416e+00    2.04714415e+00
 2.60245156e+02   1.20610737e+01    1.20585000e+01    2.04751424e+00    2.04751424e+00
 2.61045757e+02   1.20387211e+01    1.20345000e+01    2.04788018e+00    2.04788018e+00
 2.61846357e+02   1.20451763e+01    1.20425000e+01    2.04824280e+00    2.04824279e+00
 2.62646958e+02   1.20385832e+01    1.20345000e+01    2.04860138e+00    2.04860138e+00
 2.63447558e+02   1.20377806e+01    1.20345000e+01    2.04895635e+00    2.04895635e+00
 2.64248159e+02   1.20306324e+01    1.20265000e+01    2.04930746e+00    2.04930746e+00
 2.65048759e+02   1.20348920e+01    1.20305000e+01    2.04965498e+00    2.04965498e+00
 2.65849359e+02   1.20291988e+01    1.20265000e+01    2.04999895e+00    2.04999895e+00
 2.66649960e+02   1.20227137e+01    1.20185000e+01    2.05033919e+00    2.05033918e+00
 2.67450560e+02   1.20345979e+01    1.20305000e+01    2.05067612e+00    2.05067612e+00
 2.68251161e+02   1.20148768e+01    1.20105000e+01    2.05100909e+00    2.05100908e+00
 2.69051761e+02   1.20027732e+01    1.19985000e+01    2.05133878e+00    2.05133878e+00
 2.69852362e+02   1.20098496e+01    1.20065000e+01    2.05166506e+00    2.05166506e+00
 2.70652962e+02   1.20093656e+01    1.20065000e+01    2.05198784e+00    2.05198783e+00
 2.71453563e+02   1.20027323e+01    1.19985000e+01    2.05230723e+00    2.05230723e+00
 2.72254163e+02   1.20015932e+01    1.19985000e+01    2.05262310e+00    2.05262310e+00
 2.73054764e+02   1.19863798e+01    1.19825000e+01    2.05293579e+00    2.05293579e+00
 2.73855364e+02   1.19937405e+01    1.19905000e+01    2.05324515e+00    2.05324515e+00
 2.74655965e+02   1.19907140e+01    1.19865000e+01    2.05355125e+00    2.05355125e+00
 2.75456565e+02   1.19861773e+01    1.19825000e+01    2.05385393e+00    2.05385393e+00
 2.76257166e+02   1.19819577e+01    1.19785000e+01    2.05415347e+00    2.05415347e+00
 2.77057766e+02   1.19698917e+01    1.19665000e+01    2.05444976e+00    2.05444976e+00
 2.77858367e+02   1.19741269e+01    1.19705000e+01    2.05474295e+00    2.05474295e+00
 2.78658967e+02   1.19740709e+01    1.19705000e+01    2.05503302e+00    2.05503302e+00
 2.79459568e+02   1.19626262e+01    1.19585000e+01    2.05531972e+00    2.05531972e+00
 2.80260168e+02   1.19623165e+01    1.19585000e+01    2.05560368e+00    2.05560368e+00
 2.81060769e+02   1.19539232e+01    1.19505000e+01    2.05588433e+00    2.05588433e+00
 2.81861369e+02   1.19577767e+01    1.19545000e+01    2.05616215e+00    2.05616215e+00
 2.82661970e+02   1.19614584e+01    1.19585000e+01    2.05643677e+00    2.05643677e+00
 2.83462570e+02   1.19532993e+01    1.19505000e+01    2.05670854e+00    2.05670854e+00
 2.84263171e+02   1.19426603e+01    1.19385000e+01    2.05697722e+00    2.05697722e+00
 2.85063771e+02   1.19458661e+01    1.19425000e+01    2.05724311e+00    2.05724311e+00
 2.85864371e+02   1.19387432e+01    1.19345000e+01    2.05750589e+00    2.05750589e+00
 2.86664972e+02   1.19425233e+01    1.19385000e+01    2.05776604e+00    2.05776604e+00
 2.87465572e+02   1.19305116e+01    1.19265000e+01    2.05802311e+00    2.05802311e+00
 2.88266173e+02   1.19382021e+01    1.19345000e+01    2.05827756e+00    2.05827755e+00
 2.89066773e+02   1.19298992e+01    1.19265000e+01    2.05852895e+00    2.05852895e+00
 2.89867374e+02   1.19223931e+01    1.19185000e+01    2.05877771e+00    2.05877771e+00
 2.90667974e+02   1.19253917e+01    1.19225000e+01    2.05902370e+00    2.05902370e+00
 2.91468575e+02   1.19103958e+01    1.19065000e+01    2.05926689e+00    2.05926689e+00
 2.92269175e+02   1.19147259e+01    1.19105000e+01    2.05950740e+00    2.05950739e+00
 2.93069776e+02   1.19137901e+01    1.19105000e+01    2.05974527e+00    2.05974527e+00
 2.93870376e+02   1.19146322e+01    1.19105000e+01    2.05998046e+00    2.05998045e+00
 2.94670977e+02   1.19141271e+01    1.19105000e+01    2.06021302e+00    2.06021302e+00
 2.95471577e+02   1.19065395e+01    1.19025000e+01    2.06044278e+00    2.06044278e+00
 2.96272178e+02   1.19015065e+01    1.18985000e+01    2.06067011e+00    2.06067011e+00
 2.97072778e+02   1.18941800e+01    1.18905000e+01    2.06089476e+00    2.06089476e+00
 2.97873379e+02   1.18903420e+01    1.18865000e+01    2.06111695e+00    2.06111694e+00
 2.98673979e+02   1.18826515e+01    1.18785000e+01    2.06133640e+00    2.06133640e+00
 2.99474580e+02   1.18823699e+01    1.18785000e+01    2.06155361e+00    2.06155361e+00
 3.00275180e+02   1.18854274e+01    1.18825000e+01    2.06176819e+00    2.06176819e+00
 3.01075781e+02   1.18779007e+01    1.18745000e+01    2.06198034e+00    2.06198034e+00
 3.01876381e+02   1.18700019e+01    1.18665000e+01    2.06218983e+00    2.06218983e+00
 3.02676982e+02   1.18735508e+01    1.18705000e+01    2.06239723e+00    2.06239722e+00
 3.03477582e+02   1.18665056e+01    1.18625000e+01    2.06260198e+00    2.06260198e+00
 3.04278183e+02   1.18625061e+01    1.18585000e+01    2.06280445e+00    2.06280445e+00
 3.05078783e+02   1.18617664e+01    1.18585000e+01    2.06300443e+00    2.06300443e+00
 3.05879384e+02   1.18587400e+01    1.18545000e+01    2.06320222e+00    2.06320221e+00
 3.06679984e+02   1.18578935e+01    1.18545000e+01    2.06339762e+00    2.06339761e+00
 3.07480584e+02   1.18498472e+01    1.18465000e+01    2.06359055e+00    2.06359055e+00
 3.08281185e+02   1.18536492e+01    1.18505000e+01    2.06378142e+00    2.06378142e+00
 3.09081785e+02   1.18465323e+01    1.18425000e+01    2.06396985e+00    2.06396984e+00
 3.09882386e+02   1.18464323e+01    1.18425000e+01    2.06415612e+00    2.06415612e+00
 3.10682986e+02   1.18376347e+01    1.18345000e+01    2.06433990e+00    2.06433990e+00
 3.11483587e+02   1.18379333e+01    1.18345000e+01    2.06452181e+00    2.06452180e+00
 3.12284187e+02   1.18339139e+01    1.18305000e+01    2.06470135e+00    2.06470135e+00
 3.13084788e+02   1.18378709e+01    1.18345000e+01    2.06487875e+00    2.06487875e+00
 3.13885388e+02   1.18184325e+01    1.18145000e+01    2.06505388e+00    2.06505388e+00
 3.14685989e+02   1.18255619e+01    1.18225000e+01    2.06522696e+00    2.06522696e+00
 3.15486589e+02   1.18178037e+01    1.18145000e+01    2.06539788e+00    2.06539788e+00
 3.16287190e+02   1.18142938e+01    1.18105000e+01    2.06556654e+00    2.06556654e+00
 3.17087790e+02   1.18187716e+01    1.18145000e+01    2.06573341e+00    2.06573341e+00
 3.17888391e+02   1.18103931e+01    1.18065000e+01    2.06589799e+00    2.06589799e+00
 3.18688991e+02   1.18066936e+01    1.18025000e+01    2.06606051e+00    2.06606051e+00
 3.19489592e+02   1.18105665e+01    1.18065000e+01    2.06622112e+00    2.06622112e+00
 3.20290192e+02   1.18055171e+01    1.18025000e+01    2.06637951e+00    2.06637951e+00
 3.21090793e+02   1.17982335e+01    1.17945000e+01    2.06653598e+00    2.06653598e+00
 3.21891393e+02   1.17979043e+01    1.17945000e+01    2.06669033e+00    2.06669033e+00
 3.22691994e+02   1.17934692e+01    1.17905000e+01    2.06684289e+00    2.06684289e+00
 3.23492594e+02   1.17904469e+01    1.17865000e+01    2.06699345e+00    2.06699345e+00
 3.24293195e+02   1.17864137e+01    1.17825000e+01    2.06714186e+00    2.06714186e+00
 3.25093795e+02   1.17819039e+01    1.17785000e+01    2.06728855e+00    2.06728855e+00
 3.25894396e+02   1.17816868e+01    1.17785000e+01    2.06743324e+00    2.06743324e+00
 3.26694996e+02   1.17785887e+01    1.17745000e+01    2.06757603e+00    2.06757603e+00
 3.27495596e+02   1.17745900e+01    1.17705000e+01    2.06771696e+00    2.06771696e+00
 3.28296197e+02   1.17625394e+01    1.17585000e+01    2.06785585e+00    2.06785585e+00
 3.29096797e+02   1.17697868e+01    1.17665000e+01    2.06799311e+00    2.06799311e+00
 3.29897398e+02   1.17616614e+01    1.17585000e+01    2.06812834e+00    2.06812834e+00
 3.30697998e+02   1.17666157e+01    1.17625000e+01    2.06826191e+00    2.06826191e+00
 3.31498599e+02   1.17615679e+01    1.17585000e+01    2.06839356e+00    2.06839356e+00
 3.32299199e+02   1.17585497e+01    1.17545000e+01    2.06852327e+00    2.06852327e+00
 3.33099800e+02   1.17503789e+01    1.17465000e+01    2.06865141e+00    2.06865141e+00
 3.33900400e+02   1.17536048e+01    1.17505000e+01    2.06877776e+00    2.06877776e+00
 3.34701001e+02   1.17464274e+01    1.17425000e+01    2.06890213e+00    2.06890213e+00
 3.35501601e+02   1.17465571e+01    1.17425000e+01    2.06902502e+00    2.06902502e+00
 3.36302202e+02   1.17386205e+01    1.17345000e+01    2.06914605e+00    2.06914605e+00
 3.37102802e+02   1.17384256e+01    1.17345000e+01    2.06926528e+00    2.06926528e+00
 3.37903403e+02   1.17378149e+01    1.17345000e+01    2.06938297e+00    2.06938297e+00
 3.38704003e+02   1.17383644e+01    1.17345000e+01    2.06949890e+00    2.06949890e+00
 3.39504604e+02   1.17266611e+01    1.17225000e+01    2.06961304e+00    2.06961304e+00
 3.40305204e+02   1.17344964e+01    1.17305000e+01    2.06972573e+00    2.06972573e+00
 3.41105805e+02   1.17217783e+01    1.17185000e+01    2.06983649e+00    2.06983649e+00
 3.41906405e+02   1.17222040e+01    1.17185000e+01    2.06994580e+00    2.06994580e+00
 3.42707006e+02   1.17216237e+01    1.17185000e+01    2.07005347e+00    2.07005347e+00
 3.43507606e+02   1.17136154e+01    1.17105000e+01    2.07015938e+00    2.07015938e+00
 3.44308207e+02   1.17141825e+01    1.17105000e+01    2.07026385e+00    2.07026385e+00
 3.45108807e+02   1.17095370e+01    1.17065000e+01    2.07036667e+00    2.07036667e+00
 3.45909408e+02   1.17101665e+01    1.17065000e+01    2.07046786e+00    2.07046786e+00
 3.46710008e+02   1.17060199e+01    1.17025000e+01    2.07056755e+00    2.07056755e+00
 3.47510608e+02   1.17055960e+01    1.17025000e+01    2.07066569e+00    2.07066569e+00
 3.48311209e+02   1.16985239e+01    1.16945000e+01    2.07076216e+00    2.07076215e+00
 3.49111809e+02   1.16942791e+01    1.16905000e+01    2.07085720e+00    2.07085720e+00
 3.49912410e+02   1.16905455e+01    1.16865000e+01    2.07095072e+00    2.07095072e+00
 3.50713010e+02   1.16901961e+01    1.16865000e+01    2.07104265e+00    2.07104265e+00
 3.51513611e+02   1.16779920e+01    1.16745000e+01    2.07113311e+00    2.07113311e+00
 3.52314211e+02   1.16815287e+01    1.16785000e+01    2.07122217e+00    2.07122217e+00
 3.53114812e+02   1.16823379e+01    1.16785000e+01    2.07130967e+00    2.07130967e+00
 3.53915412e+02   1.16826515e+01    1.16785000e+01    2.07139575e+00    2.07139575e+00
 3.54716013e+02   1.16744120e+01    1.16705000e+01    2.07148035e+00    2.07148035e+00
 3.55516613e+02   1.16745709e+01    1.16705000e+01    2.07156352e+00    2.07156351e+00
 3.56317214e+02   1.16744554e+01    1.16705000e+01    2.07164520e+00    2.07164520e+00
 3.57117814e+02   1.16662095e+01    1.16625000e+01    2.07172551e+00    2.07172551e+00
 3.57918415e+02   1.16664410e+01    1.16625000e+01    2.07180445e+00    2.07180445e+00
 3.58719015e+02   1.16618866e+01    1.16585000e+01    2.07188180e+00    2.07188180e+00
 3.59519616e+02   1.16581095e+01    1.16545000e+01    2.07195797e+00    2.07195797e+00
 3.60320216e+02   1.16583476e+01    1.16545000e+01    2.07203275e+00    2.07203274e+00
 3.61120817e+02   1.16534966e+01    1.16505000e+01    2.07210591e+00    2.07210591e+00
 3.61921417e+02   1.16502088e+01    1.16465000e+01    2.07217801e+00    2.07217801e+00
 3.62722018e+02   1.16502452e+01    1.16465000e+01    2.07224869e+00    2.07224869e+00
 3.63522618e+02   1.16456818e+01    1.16425000e+01    2.07231788e+00    2.07231788e+00
 3.64323219e+02   1.16425102e+01    1.16385000e+01    2.07238590e+00    2.07238590e+00
 3.65123819e+02   1.16420690e+01    1.16385000e+01    2.07245256e+00    2.07245256e+00
 3.65924420e+02   1.16345944e+01    1.16305000e+01    2.07251788e+00    2.07251788e+00
 3.66725020e+02   1.16306413e+01    1.16265000e+01    2.07258184e+00    2.07258184e+00
 3.67525620e+02   1.16339498e+01    1.16305000e+01    2.07264463e+00    2.07264463e+00
 3.68326221e+02   1.16337770e+01    1.16305000e+01    2.07270613e+00    2.07270613e+00
 3.69126821e+02   1.16225048e+01    1.16185000e+01    2.07276627e+00    2.07276627e+00
 3.69927422e+02   1.16258864e+01    1.16225000e+01    2.07282513e+00    2.07282513e+00
 3.70728022e+02   1.16175578e+01    1.16145000e+01    2.07288283e+00    2.07288283e+00
 3.71528623e+02   1.16218681e+01    1.16185000e+01    2.07293934e+00    2.07293934e+00
 3.72329223e+02   1.16217165e+01    1.16185000e+01    2.07299441e+00    2.07299441e+00
 3.73129824e+02   1.16181342e+01    1.16145000e+01    2.07304847e+00    2.07304846e+00
 3.73930424e+02   1.16065673e+01    1.16025000e+01    2.07310117e+00    2.07310117e+00
 3.74731025e+02   1.16061611e+01    1.16025000e+01    2.07315272e+00    2.07315272e+00
 3.75531625e+02   1.16023439e+01    1.15985000e+01    2.07320298e+00    2.07320298e+00
 3.76332226e+02   1.16061114e+01    1.16025000e+01    2.07325215e+00    2.07325215e+00
 3.77132826e+02   1.15946029e+01    1.15905000e+01    2.07330011e+00    2.07330011e+00
 3.77933427e+02   1.16023259e+01    1.15985000e+01    2.07334700e+00    2.07334700e+00
 3.78734027e+02   1.15905327e+01    1.15865000e+01    2.07339240e+00    2.07339240e+00
 3.79534628e+02   1.15902146e+01    1.15865000e+01    2.07343699e+00    2.07343699e+00
 3.80335228e+02   1.15861691e+01    1.15825000e+01    2.07348031e+00    2.07348031e+00
 3.81135829e+02   1.15819748e+01    1.15785000e+01    2.07352247e+00    2.07352247e+00
 3.81936429e+02   1.15818047e+01    1.15785000e+01    2.07356347e+00    2.07356347e+00
 3.82737030e+02   1.15737150e+01    1.15705000e+01    2.07360333e+00    2.07360333e+00
 3.83537630e+02   1.15825637e+01    1.15785000e+01    2.07364228e+00    2.07364228e+00
 3.84338231e+02   1.15741301e+01    1.15705000e+01    2.07367996e+00    2.07367995e+00
 3.85138831e+02   1.15705177e+01    1.15665000e+01    2.07371641e+00    2.07371641e+00
 3.85939432e+02   1.15703717e+01    1.15665000e+01    2.07375202e+00    2.07375202e+00
 3.86740032e+02   1.15741810e+01    1.15705000e+01    2.07378648e+00    2.07378648e+00
 3.87540633e+02   1.15585096e+01    1.15545000e+01    2.07381975e+00    2.07381975e+00
 3.88341233e+02   1.15655232e+01    1.15625000e+01    2.07385207e+00    2.07385207e+00
 3.89141833e+02   1.15546091e+01    1.15505000e+01    2.07388313e+00    2.07388313e+00
 3.89942434e+02   1.15622545e+01    1.15585000e+01    2.07391345e+00    2.07391344e+00
 3.90743034e+02   1.15505204e+01    1.15465000e+01    2.07394251e+00    2.07394251e+00
 3.91543635e+02   1.15538407e+01    1.15505000e+01    2.07397060e+00    2.07397060e+00
 3.92344235e+02   1.15500847e+01    1.15465000e+01    2.07399759e+00    2.07399759e+00
 3.93144836e+02   1.15463147e+01    1.15425000e+01    2.07402357e+00    2.07402356e+00
 3.93945436e+02   1.15381933e+01    1.15345000e+01    2.07404859e+00    2.07404859e+00
 3.94746037e+02   1.15384886e+01    1.15345000e+01    2.07407263e+00    2.07407263e+00
 3.95546637e+02   1.15381831e+01    1.15345000e+01    2.07409560e+00    2.07409560e+00
 3.96347238e+02   1.15382968e+01    1.15345000e+01    2.07411757e+00    2.07411757e+00
 3.97147838e+02   1.15301562e+01    1.15265000e+01    2.07413851e+00    2.07413851e+00
 3.97948439e+02   1.15305615e+01    1.15265000e+01    2.07415861e+00    2.07415861e+00
 3.98749039e+02   1.15264160e+01    1.15225000e+01    2.07417768e+00    2.07417768e+00
 3.99549640e+02   1.15264078e+01    1.15225000e+01    2.07419574e+00    2.07419574e+00
 4.00350240e+02   1.15184484e+01    1.15145000e+01    2.07421278e+00    2.07421278e+00
 4.01150841e+02   1.15181732e+01    1.15145000e+01    2.07422894e+00    2.07422894e+00
 4.01951441e+02   1.15184080e+01    1.15145000e+01    2.07424424e+00    2.07424424e+00
 4.02752042e+02   1.15139807e+01    1.15105000e+01    2.07425852e+00    2.07425852e+00
 4.03552642e+02   1.15179234e+01    1.15145000e+01    2.07427189e+00    2.07427188e+00
 4.04353243e+02   1.15057583e+01    1.15025000e+01    2.07428418e+00    2.07428418e+00
 4.05153843e+02   1.15062104e+01    1.15025000e+01    2.07429567e+00    2.07429567e+00
 4.05954444e+02   1.15062302e+01    1.15025000e+01    2.07430634e+00    2.07430634e+00
 4.06755044e+02   1.15019993e+01    1.14985000e+01    2.07431601e+00    2.07431601e+00
 4.07555645e+02   1.15019708e+01    1.14985000e+01    2.07432479e+00    2.07432479e+00
 4.08356245e+02   1.14942953e+01    1.14905000e+01    2.07433262e+00    2.07433262e+00
 4.09156845e+02   1.14939876e+01    1.14905000e+01    2.07433952e+00    2.07433952e+00
 4.09957446e+02   1.14940661e+01    1.14905000e+01    2.07434573e+00    2.07434573e+00
 4.10758046e+02   1.14903304e+01    1.14865000e+01    2.07435095e+00    2.07435095e+00
 4.11558647e+02   1.14899344e+01    1.14865000e+01    2.07435531e+00    2.07435531e+00
 4.12359247e+02   1.14897098e+01    1.14865000e+01    2.07435884e+00    2.07435884e+00
 4.13159848e+02   1.14899443e+01    1.14865000e+01    2.07436135e+00    2.07436135e+00
 4.13960448e+02   1.14819341e+01    1.14785000e+01    2.07436316e+00    2.07436316e+00
 4.14761049e+02   1.14745090e+01    1.14705000e+01    2.07436406e+00    2.07436406e+00
 4.15561649e+02   1.14778388e+01    1.14745000e+01    2.07436421e+00    2.07436421e+00
 4.16362250e+02   1.14740533e+01    1.14705000e+01    2.07436348e+00    2.07436348e+00
 4.17162850e+02   1.14700801e+01    1.14665000e+01    2.07436188e+00    2.07436188e+00
 4.17963451e+02   1.14695682e+01    1.14665000e+01    2.07435946e+00    2.07435946e+00
 4.18764051e+02   1.14616051e+01    1.14585000e+01    2.07435612e+00    2.07435612e+00
 4.19564652e+02   1.14584509e+01    1.14545000e+01    2.07435219e+00    2.07435219e+00
 4.20365252e+02   1.14498362e+01    1.14465000e+01    2.07434730e+00    2.07434730e+00
 4.21165853e+02   1.14616236e+01    1.14585000e+01    2.07434175e+00    2.07434175e+00
 4.21966453e+02   1.14501151e+01    1.14465000e+01    2.07433529e+00    2.07433529e+00
 4.22767054e+02   1.14504127e+01    1.14465000e+01    2.07432806e+00    2.07432806e+00
 4.23567654e+02   1.14502622e+01    1.14465000e+01    2.07432002e+00    2.07432002e+00
 4.24368255e+02   1.14423976e+01    1.14385000e+01    2.07431115e+00    2.07431115e+00
 4.25168855e+02   1.14425680e+01    1.14385000e+01    2.07430169e+00    2.07430169e+00
 4.25969456e+02   1.14463053e+01    1.14425000e+01    2.07429139e+00    2.07429139e+00
 4.26770056e+02   1.14380529e+01    1.14345000e+01    2.07428025e+00    2.07428025e+00
 4.27570657e+02   1.14342459e+01    1.14305000e+01    2.07426842e+00    2.07426841e+00
 4.28371257e+02   1.14381813e+01    1.14345000e+01    2.07425582e+00    2.07425582e+00
 4.29171857e+02   1.14342654e+01    1.14305000e+01    2.07424243e+00    2.07424243e+00
 4.29972458e+02   1.14304336e+01    1.14265000e+01    2.07422825e+00    2.07422825e+00
 4.30773058e+02   1.14256439e+01    1.14225000e+01    2.07421347e+00    2.07421347e+00
 4.31573659e+02   1.14217966e+01    1.14185000e+01    2.07419788e+00    2.07419788e+00
 4.32374259e+02   1.14216379e+01    1.14185000e+01    2.07418160e+00    2.07418160e+00
 4.33174860e+02   1.14220002e+01    1.14185000e+01    2.07416463e+00    2.07416463e+00
 4.33975460e+02   1.14220405e+01    1.14185000e+01    2.07414690e+00    2.07414690e+00
 4.34776061e+02   1.14141932e+01    1.14105000e+01    2.07412843e+00    2.07412843e+00
 4.35576661e+02   1.14178521e+01    1.14145000e+01    2.07410917e+00    2.07410917e+00
 4.36377262e+02   1.14140424e+01    1.14105000e+01    2.07408936e+00    2.07408935e+00
 4.37177862e+02   1.14055488e+01    1.14025000e+01    2.07406872e+00    2.07406872e+00
 4.37978463e+02   1.14024847e+01    1.13985000e+01    2.07404754e+00    2.07404754e+00
 4.38779063e+02   1.13982926e+01    1.13945000e+01    2.07402558e+00    2.07402558e+00
 4.39579664e+02   1.14058054e+01    1.14025000e+01    2.07400300e+00    2.07400299e+00
 4.40380264e+02   1.14018988e+01    1.13985000e+01    2.07397970e+00    2.07397970e+00
 4.41180865e+02   1.13943726e+01    1.13905000e+01    2.07395568e+00    2.07395568e+00
 4.41981465e+02   1.13975975e+01    1.13945000e+01    2.07393105e+00    2.07393105e+00
 4.42782066e+02   1.13862068e+01    1.13825000e+01    2.07390555e+00    2.07390555e+00
 4.43582666e+02   1.13863008e+01    1.13825000e+01    2.07387964e+00    2.07387964e+00
 4.44383267e+02   1.13896329e+01    1.13865000e+01    2.07385299e+00    2.07385299e+00
 4.45183867e+02   1.13823780e+01    1.13785000e+01    2.07382575e+00    2.07382575e+00
 4.45984468e+02   1.13856354e+01    1.13825000e+01    2.07379781e+00    2.07379781e+00
 4.46785068e+02   1.13783568e+01    1.13745000e+01    2.07376921e+00    2.07376921e+00
 4.47585669e+02   1.13783215e+01    1.13745000e+01    2.07374001e+00    2.07374001e+00
 4.48386269e+02   1.13741903e+01    1.13705000e+01    2.07371012e+00    2.07371012e+00
 4.49186869e+02   1.13745081e+01    1.13705000e+01    2.07367967e+00    2.07367967e+00
 4.49987470e+02   1.13742693e+01    1.13705000e+01    2.07364853e+00    2.07364853e+00
 4.50788070e+02   1.13704501e+01    1.13665000e+01    2.07361677e+00    2.07361677e+00
 4.51588671e+02   1.13663781e+01    1.13625000e+01    2.07358427e+00    2.07358427e+00
 4.52389271e+02   1.13624612e+01    1.13585000e+01    2.07355136e+00    2.07355136e+00
 4.53189872e+02   1.13622306e+01    1.13585000e+01    2.07351774e+00    2.07351774e+00
 4.53990472e+02   1.13624771e+01    1.13585000e+01    2.07348364e+00    2.07348364e+00
 4.54791073e+02   1.13536226e+01    1.13505000e+01    2.07344876e+00    2.07344876e+00
 4.55591673e+02   1.13578175e+01    1.13545000e+01    2.07341342e+00    2.07341342e+00
 4.56392274e+02   1.13543301e+01    1.13505000e+01    2.07337744e+00    2.07337744e+00
 4.57192874e+02   1.13424994e+01    1.13385000e+01    2.07334079e+00    2.07334079e+00
 4.57993475e+02   1.13455324e+01    1.13425000e+01    2.07330366e+00    2.07330366e+00
 4.58794075e+02   1.13459419e+01    1.13425000e+01    2.07326591e+00    2.07326591e+00
 4.59594676e+02   1.13424244e+01    1.13385000e+01    2.07322760e+00    2.07322760e+00
 4.60395276e+02   1.13380708e+01    1.13345000e+01    2.07318864e+00    2.07318864e+00
 4.61195877e+02   1.13378483e+01    1.13345000e+01    2.07314918e+00    2.07314917e+00
 4.61996477e+02   1.13344845e+01    1.13305000e+01    2.07310902e+00    2.07310902e+00
 4.62797078e+02   1.13298849e+01    1.13265000e+01    2.07306846e+00    2.07306846e+00
 4.63597678e+02   1.13339031e+01    1.13305000e+01    2.07302728e+00    2.07302728e+00
 4.64398279e+02   1.13257938e+01    1.13225000e+01    2.07298560e+00    2.07298560e+00
 4.65198879e+02   1.13258563e+01    1.13225000e+01    2.07294329e+00    2.07294329e+00
 4.65999480e+02   1.13222849e+01    1.13185000e+01    2.07290052e+00    2.07290052e+00
 4.66800080e+02   1.13182944e+01    1.13145000e+01    2.07285713e+00    2.07285713e+00
 4.67600681e+02   1.13225416e+01    1.13185000e+01    2.07281328e+00    2.07281328e+00
 4.68401281e+02   1.13219488e+01    1.13185000e+01    2.07276883e+00    2.07276883e+00
 4.69201882e+02   1.13136411e+01    1.13105000e+01    2.07272379e+00    2.07272379e+00
 4.70002482e+02   1.13104232e+01    1.13065000e+01    2.07267831e+00    2.07267831e+00
 4.70803082e+02   1.13063788e+01    1.13025000e+01    2.07263224e+00    2.07263224e+00
 4.71603683e+02   1.13062450e+01    1.13025000e+01    2.07258571e+00    2.07258571e+00
 4.72404283e+02   1.13097899e+01    1.13065000e+01    2.07253863e+00    2.07253863e+00
 4.73204884e+02   1.13024749e+01    1.12985000e+01    2.07249104e+00    2.07249104e+00
 4.74005484e+02   1.13055607e+01    1.13025000e+01    2.07244291e+00    2.07244291e+00
 4.74806085e+02   1.13023422e+01    1.12985000e+01    2.07239432e+00    2.07239432e+00
 4.75606685e+02   1.12983550e+01    1.12945000e+01    2.07234513e+00    2.07234513e+00
 4.76407286e+02   1.13016895e+01    1.12985000e+01    2.07229554e+00    2.07229554e+00
 4.77207886e+02   1.12899821e+01    1.12865000e+01    2.07224525e+00    2.07224525e+00
 4.78008487e+02   1.12857505e+01    1.12825000e+01    2.07219467e+00    2.07219466e+00
 4.78809087e+02   1.12975903e+01    1.12945000e+01    2.07214355e+00    2.07214355e+00
 4.79609688e+02   1.12900562e+01    1.12865000e+01    2.07209198e+00    2.07209198e+00
 4.80410288e+02   1.12819770e+01    1.12785000e+01    2.07203979e+00    2.07203978e+00
 4.81210889e+02   1.12819693e+01    1.12785000e+01    2.07198728e+00    2.07198728e+00
 4.82011489e+02   1.12780023e+01    1.12745000e+01    2.07193415e+00    2.07193415e+00
 4.82812090e+02   1.12780836e+01    1.12745000e+01    2.07188069e+00    2.07188069e+00
 4.83612690e+02   1.12738656e+01    1.12705000e+01    2.07182660e+00    2.07182660e+00
 4.84413291e+02   1.12699726e+01    1.12665000e+01    2.07177217e+00    2.07177217e+00
 4.85213891e+02   1.12699963e+01    1.12665000e+01    2.07171717e+00    2.07171717e+00
 4.86014492e+02   1.12656892e+01    1.12625000e+01    2.07166179e+00    2.07166179e+00
 4.86815092e+02   1.12660398e+01    1.12625000e+01    2.07160588e+00    2.07160588e+00
 4.87615693e+02   1.12621379e+01    1.12585000e+01    2.07154958e+00    2.07154958e+00
 4.88416293e+02   1.12622003e+01    1.12585000e+01    2.07149277e+00    2.07149277e+00
 4.89216894e+02   1.12621318e+01    1.12585000e+01    2.07143556e+00    2.07143556e+00
 4.90017494e+02   1.12539445e+01    1.12505000e+01    2.07137780e+00    2.07137780e+00
 4.90818094e+02   1.12579186e+01    1.12545000e+01    2.07131971e+00    2.07131971e+00
 4.91618695e+02   1.12537036e+01    1.12505000e+01    2.07126109e+00    2.07126109e+00
 4.92419295e+02   1.12541223e+01    1.12505000e+01    2.07120209e+00    2.07120209e+00
 4.93219896e+02   1.12537706e+01    1.12505000e+01    2.07114262e+00    2.07114262e+00
 4.94020496e+02   1.12498568e+01    1.12465000e+01    2.07108271e+00    2.07108271e+00
 4.94821097e+02   1.12499004e+01    1.12465000e+01    2.07102238e+00    2.07102238e+00
 4.95621697e+02   1.12457706e+01    1.12425000e+01    2.07096160e+00    2.07096160e+00
 4.96422298e+02   1.12383721e+01    1.12345000e+01    2.07090038e+00    2.07090038e+00
 4.97222898e+02   1.12417364e+01    1.12385000e+01    2.07083879e+00    2.07083879e+00
 4.98023499e+02   1.12377587e+01    1.12345000e+01    2.07077674e+00    2.07077673e+00
 4.98824099e+02   1.12377418e+01    1.12345000e+01    2.07071429e+00    2.07071429e+00
 4.99624700e+02   1.12341616e+01    1.12305000e+01    2.07065141e+00    2.07065141e+00
 5.00425300e+02   1.12336449e+01    1.12305000e+01    2.07058813e+00    2.07058813e+00
 5.01225901e+02   1.12264862e+01    1.12225000e+01    2.07052441e+00    2.07052441e+00
 5.02026501e+02   1.12219520e+01    1.12185000e+01    2.07046029e+00    2.07046029e+00
 5.02827102e+02   1.12296668e+01    1.12265000e+01    2.07039582e+00    2.07039582e+00
 5.03627702e+02   1.12219161e+01    1.12185000e+01    2.07033089e+00    2.07033089e+00
 5.04428303e+02   1.12181480e+01    1.12145000e+01    2.07026556e+00    2.07026556e+00
 5.05228903e+02   1.12178756e+01    1.12145000e+01    2.07019987e+00    2.07019987e+00
 5.06029504e+02   1.12104537e+01    1.12065000e+01    2.07013372e+00    2.07013372e+00
 5.06830104e+02   1.12138155e+01    1.12105000e+01    2.07006727e+00    2.07006727e+00
 5.07630705e+02   1.12101746e+01    1.12065000e+01    2.07000034e+00    2.07000034e+00
 5.08431305e+02   1.12098276e+01    1.12065000e+01    2.06993311e+00    2.06993311e+00
 5.09231906e+02   1.12064319e+01    1.12025000e+01    2.06986540e+00    2.06986540e+00
 5.10032506e+02   1.12104049e+01    1.12065000e+01    2.06979746e+00    2.06979746e+00
 5.10833106e+02   1.12023724e+01    1.11985000e+01    2.06972893e+00    2.06972893e+00
 5.11633707e+02   1.12021021e+01    1.11985000e+01    2.06966020e+00    2.06966020e+00
 5.12434307e+02   1.11980335e+01    1.11945000e+01    2.06959095e+00    2.06959095e+00
 5.13234908e+02   1.11976517e+01    1.11945000e+01    2.06952147e+00    2.06952147e+00
 5.14035508e+02   1.11904219e+01    1.11865000e+01    2.06945148e+00    2.06945147e+00
 5.14836109e+02   1.11941389e+01    1.11905000e+01    2.06938127e+00    2.06938127e+00
 5.15636709e+02   1.11902508e+01    1.11865000e+01    2.06931056e+00    2.06931056e+00
 5.16437310e+02   1.11895475e+01    1.11865000e+01    2.06923960e+00    2.06923960e+00
 5.17237910e+02   1.11896573e+01    1.11865000e+01    2.06916818e+00    2.06916818e+00
 5.18038511e+02   1.11860589e+01    1.11825000e+01    2.06909655e+00    2.06909655e+00
 5.18839111e+02   1.11784007e+01    1.11745000e+01    2.06902442e+00    2.06902442e+00
 5.19639712e+02   1.11822971e+01    1.11785000e+01    2.06895209e+00    2.06895208e+00
 5.20440312e+02   1.11777230e+01    1.11745000e+01    2.06887926e+00    2.06887926e+00
 5.21240913e+02   1.11704333e+01    1.11665000e+01    2.06880615e+00    2.06880615e+00
 5.22041513e+02   1.11742442e+01    1.11705000e+01    2.06873268e+00    2.06873268e+00
 5.22842114e+02   1.11703505e+01    1.11665000e+01    2.06865887e+00    2.06865887e+00
 5.23642714e+02   1.11698591e+01    1.11665000e+01    2.06858468e+00    2.06858468e+00
 5.24443315e+02   1.11658282e+01    1.11625000e+01    2.06851019e+00    2.06851019e+00
 5.25243915e+02   1.11656336e+01    1.11625000e+01    2.06843533e+00    2.06843533e+00
 5.26044516e+02   1.11584362e+01    1.11545000e+01    2.06836016e+00    2.06836016e+00
 5.26845116e+02   1.11616680e+01    1.11585000e+01    2.06828465e+00    2.06828465e+00
 5.27645717e+02   1.11575462e+01    1.11545000e+01    2.06820881e+00    2.06820881e+00
 5.28446317e+02   1.11617933e+01    1.11585000e+01    2.06813268e+00    2.06813268e+00
 5.29246918e+02   1.11536989e+01    1.11505000e+01    2.06805614e+00    2.06805614e+00
 5.30047518e+02   1.11538460e+01    1.11505000e+01    2.06797936e+00    2.06797936e+00
 5.30848118e+02   1.11463985e+01    1.11425000e+01    2.06790214e+00    2.06790214e+00
 5.31648719e+02   1.11463636e+01    1.11425000e+01    2.06782474e+00    2.06782474e+00
 5.32449319e+02   1.11456024e+01    1.11425000e+01    2.06774688e+00    2.06774688e+00
 5.33249920e+02   1.11423857e+01    1.11385000e+01    2.06766884e+00    2.06766883e+00
 5.34050520e+02   1.11417119e+01    1.11385000e+01    2.06759036e+00    2.06759036e+00
 5.34851121e+02   1.11456864e+01    1.11425000e+01    2.06751178e+00    2.06751177e+00
 5.35651721e+02   1.11417455e+01    1.11385000e+01    2.06743273e+00    2.06743273e+00
 5.36452322e+02   1.11415761e+01    1.11385000e+01    2.06735345e+00    2.06735345e+00
 5.37252922e+02   1.11344609e+01    1.11305000e+01    2.06727378e+00    2.06727377e+00
 5.38053523e+02   1.11344760e+01    1.11305000e+01    2.06719386e+00    2.06719386e+00
 5.38854123e+02   1.11377660e+01    1.11345000e+01    2.06711361e+00    2.06711361e+00
 5.39654724e+02   1.11337530e+01    1.11305000e+01    2.06703307e+00    2.06703307e+00
 5.40455324e+02   1.11296550e+01    1.11265000e+01    2.06695220e+00    2.06695219e+00
 5.41255925e+02   1.11295585e+01    1.11265000e+01    2.06687107e+00    2.06687107e+00
 5.42056525e+02   1.11221938e+01    1.11185000e+01    2.06678962e+00    2.06678962e+00
 5.42857126e+02   1.11222643e+01    1.11185000e+01    2.06670786e+00    2.06670785e+00
 5.43657726e+02   1.11182801e+01    1.11145000e+01    2.06662588e+00    2.06662587e+00
 5.44458327e+02   1.11144615e+01    1.11105000e+01    2.06654349e+00    2.06654348e+00
 5.45258927e+02   1.11103733e+01    1.11065000e+01    2.06646093e+00    2.06646092e+00
 5.46059528e+02   1.11099287e+01    1.11065000e+01    2.06637801e+00    2.06637800e+00
 5.46860128e+02   1.11098993e+01    1.11065000e+01    2.06629497e+00    2.06629497e+00
 5.47660729e+02   1.11098461e+01    1.11065000e+01    2.06621153e+00    2.06621153e+00
 5.48461329e+02   1.11021320e+01    1.10985000e+01    2.06612781e+00    2.06612781e+00
 5.49261930e+02   1.11063304e+01    1.11025000e+01    2.06604383e+00    2.06604383e+00
 5.50062530e+02   1.11061717e+01    1.11025000e+01    2.06595958e+00    2.06595958e+00
 5.50863131e+02   1.11101860e+01    1.11065000e+01    2.06587506e+00    2.06587506e+00
 5.51663731e+02   1.11021293e+01    1.10985000e+01    2.06579021e+00    2.06579021e+00
 5.52464331e+02   1.10983579e+01    1.10945000e+01    2.06570513e+00    2.06570513e+00
 5.53264932e+02   1.10980850e+01    1.10945000e+01    2.06561971e+00    2.06561971e+00
 5.54065532e+02   1.10940712e+01    1.10905000e+01    2.06553412e+00    2.06553412e+00
 5.54866133e+02   1.10942087e+01    1.10905000e+01    2.06544817e+00    2.06544817e+00
 5.55666733e+02   1.10941925e+01    1.10905000e+01    2.06536216e+00    2.06536216e+00
 5.56467334e+02   1.10940158e+01    1.10905000e+01    2.06527576e+00    2.06527576e+00
 5.57267934e+02   1.10900022e+01    1.10865000e+01    2.06518910e+00    2.06518910e+00
 5.58068535e+02   1.10820520e+01    1.10785000e+01    2.06510212e+00    2.06510212e+00
 5.58869135e+02   1.10856719e+01    1.10825000e+01    2.06501498e+00    2.06501498e+00
 5.59669736e+02   1.10861436e+01    1.10825000e+01    2.06492756e+00    2.06492755e+00
 5.60470336e+02   1.10819197e+01    1.10785000e+01    2.06483984e+00    2.06483984e+00
 5.61270937e+02   1.10818471e+01    1.10785000e+01    2.06475193e+00    2.06475193e+00
 5.62071537e+02   1.10778654e+01    1.10745000e+01    2.06466365e+00    2.06466365e+00
 5.62872138e+02   1.10735551e+01    1.10705000e+01    2.06457523e+00    2.06457523e+00
 5.63672738e+02   1.10738419e+01    1.10705000e+01    2.06448655e+00    2.06448655e+00
 5.64473339e+02   1.10779767e+01    1.10745000e+01    2.06439775e+00    2.06439775e+00
 5.65273939e+02   1.10702062e+01    1.10665000e+01    2.06430853e+00    2.06430853e+00
 5.66074540e+02   1.10664497e+01    1.10625000e+01    2.06421913e+00    2.06421913e+00
 5.66875140e+02   1.10618391e+01    1.10585000e+01    2.06412944e+00    2.06412944e+00
 5.67675741e+02   1.10623760e+01    1.10585000e+01    2.06403957e+00    2.06403957e+00
 5.68476341e+02   1.10660378e+01    1.10625000e+01    2.06394949e+00    2.06394948e+00
 5.69276942e+02   1.10583298e+01    1.10545000e+01    2.06385903e+00    2.06385902e+00
 5.70077542e+02   1.10580207e+01    1.10545000e+01    2.06376846e+00    2.06376846e+00
 5.70878143e+02   1.10576181e+01    1.10545000e+01    2.06367762e+00    2.06367762e+00
 5.71678743e+02   1.10536171e+01    1.10505000e+01    2.06358665e+00    2.06358664e+00
 5.72479343e+02   1.10464186e+01    1.10425000e+01    2.06349532e+00    2.06349532e+00
 5.73279944e+02   1.10496003e+01    1.10465000e+01    2.06340384e+00    2.06340384e+00
 5.74080544e+02   1.10423441e+01    1.10385000e+01    2.06331207e+00    2.06331207e+00
 5.74881145e+02   1.10496414e+01    1.10465000e+01    2.06322014e+00    2.06322014e+00
 5.75681745e+02   1.10458236e+01    1.10425000e+01    2.06312796e+00    2.06312796e+00
 5.76482346e+02   1.10458296e+01    1.10425000e+01    2.06303548e+00    2.06303548e+00
 5.77282946e+02   1.10418571e+01    1.10385000e+01    2.06294290e+00    2.06294290e+00
 5.78083547e+02   1.10415290e+01    1.10385000e+01    2.06285009e+00    2.06285009e+00
 5.78884147e+02   1.10343098e+01    1.10305000e+01    2.06275704e+00    2.06275704e+00
 5.79684748e+02   1.10301599e+01    1.10265000e+01    2.06266372e+00    2.06266372e+00
 5.80485348e+02   1.10301099e+01    1.10265000e+01    2.06257026e+00    2.06257025e+00
 5.81285949e+02   1.10219088e+01    1.10185000e+01    2.06247652e+00    2.06247652e+00
 5.82086549e+02   1.10259799e+01    1.10225000e+01    2.06238257e+00    2.06238257e+00
 5.82887150e+02   1.10261581e+01    1.10225000e+01    2.06228848e+00    2.06228848e+00
 5.83687750e+02   1.10296463e+01    1.10265000e+01    2.06219414e+00    2.06219413e+00
 5.84488351e+02   1.10255345e+01    1.10225000e+01    2.06209968e+00    2.06209968e+00
 5.85288951e+02   1.10219834e+01    1.10185000e+01    2.06200491e+00    2.06200491e+00
 5.86089552e+02   1.10182915e+01    1.10145000e+01    2.06190997e+00    2.06190997e+00
 5.86890152e+02   1.10222795e+01    1.10185000e+01    2.06181484e+00    2.06181484e+00
 5.87690753e+02   1.10216541e+01    1.10185000e+01    2.06171943e+00    2.06171943e+00
 5.88491353e+02   1.10099811e+01    1.10065000e+01    2.06162385e+00    2.06162385e+00
 5.89291954e+02   1.10098097e+01    1.10065000e+01    2.06152802e+00    2.06152802e+00
 5.90092554e+02   1.10144236e+01    1.10105000e+01    2.06143225e+00    2.06143225e+00
 5.90893155e+02   1.10103219e+01    1.10065000e+01    2.06133607e+00    2.06133607e+00
 5.91693755e+02   1.10058721e+01    1.10025000e+01    2.06123972e+00    2.06123971e+00
 5.92494355e+02   1.10019311e+01    1.09985000e+01    2.06114316e+00    2.06114316e+00
 5.93294956e+02   1.10060691e+01    1.10025000e+01    2.06104642e+00    2.06104642e+00
 5.94095556e+02   1.10017666e+01    1.09985000e+01    2.06094950e+00    2.06094950e+00
 5.94896157e+02   1.09983529e+01    1.09945000e+01    2.06085231e+00    2.06085231e+00
 5.95696757e+02   1.10020742e+01    1.09985000e+01    2.06075517e+00    2.06075517e+00
 5.96497358e+02   1.09981739e+01    1.09945000e+01    2.06065765e+00    2.06065765e+00
 5.97297958e+02   1.09939001e+01    1.09905000e+01    2.06055998e+00    2.06055997e+00
 5.98098559e+02   1.09896677e+01    1.09865000e+01    2.06046209e+00    2.06046209e+00
 5.98899159e+02   1.09898145e+01    1.09865000e+01    2.06036401e+00    2.06036401e+00
 5.99699760e+02   1.09937843e+01    1.09905000e+01    2.06026584e+00    2.06026584e+00
 6.00500360e+02   1.09902449e+01    1.09865000e+01    2.06016744e+00    2.06016744e+00
 6.01300961e+02   1.09897411e+01    1.09865000e+01    2.06006892e+00    2.06006891e+00
 6.02101561e+02   1.09860028e+01    1.09825000e+01    2.05997012e+00    2.05997012e+00
 6.02902162e+02   1.09818388e+01    1.09785000e+01    2.05987117e+00    2.05987117e+00
 6.03702762e+02   1.09775969e+01    1.09745000e+01    2.05977204e+00    2.05977204e+00
 6.04503363e+02   1.09775992e+01    1.09745000e+01    2.05967268e+00    2.05967268e+00
 6.05303963e+02   1.09663150e+01    1.09625000e+01    2.05957324e+00    2.05957324e+00
 6.06104564e+02   1.09784187e+01    1.09745000e+01    2.05947370e+00    2.05947370e+00
 6.06905164e+02   1.09781175e+01    1.09745000e+01    2.05937391e+00    2.05937391e+00
 6.07705765e+02   1.09739772e+01    1.09705000e+01    2.05927390e+00    2.05927390e+00
 6.08506365e+02   1.09699931e+01    1.09665000e+01    2.05917370e+00    2.05917370e+00
 6.09306966e+02   1.09655047e+01    1.09625000e+01    2.05907338e+00    2.05907338e+00
 6.10107566e+02   1.09655797e+01    1.09625000e+01    2.05897283e+00    2.05897283e+00
 6.10908167e+02   1.09657785e+01    1.09625000e+01    2.05887232e+00    2.05887232e+00
 6.11708767e+02   1.09657359e+01    1.09625000e+01    2.05877149e+00    2.05877149e+00
 6.12509367e+02   1.09624361e+01    1.09585000e+01    2.05867053e+00    2.05867053e+00
 6.13309968e+02   1.09581642e+01    1.09545000e+01    2.05856937e+00    2.05856937e+00
 6.14110568e+02   1.09581868e+01    1.09545000e+01    2.05846800e+00    2.05846800e+00
 6.14911169e+02   1.09584239e+01    1.09545000e+01    2.05836663e+00    2.05836663e+00
 6.15711769e+02   1.09541509e+01    1.09505000e+01    2.05826500e+00    2.05826500e+00
 6.16512370e+02   1.09496257e+01    1.09465000e+01    2.05816321e+00    2.05816321e+00
 6.17312970e+02   1.09536425e+01    1.09505000e+01    2.05806130e+00    2.05806130e+00
 6.18113571e+02   1.09536610e+01    1.09505000e+01    2.05795916e+00    2.05795916e+00
 6.18914171e+02   1.09458046e+01    1.09425000e+01    2.05785690e+00    2.05785690e+00
 6.19714772e+02   1.09455969e+01    1.09425000e+01    2.05775454e+00    2.05775454e+00
 6.20515372e+02   1.09462275e+01    1.09425000e+01    2.05765205e+00    2.05765204e+00
 6.21315973e+02   1.09455153e+01    1.09425000e+01    2.05754931e+00    2.05754931e+00
 6.22116573e+02   1.09456814e+01    1.09425000e+01    2.05744646e+00    2.05744646e+00
 6.22917174e+02   1.09342821e+01    1.09305000e+01    2.05734342e+00    2.05734342e+00
 6.23717774e+02   1.09339087e+01    1.09305000e+01    2.05724019e+00    2.05724019e+00
 6.24518375e+02   1.09261542e+01    1.09225000e+01    2.05713699e+00    2.05713699e+00
 6.25318975e+02   1.09302470e+01    1.09265000e+01    2.05703354e+00    2.05703354e+00
 6.26119576e+02   1.09337038e+01    1.09305000e+01    2.05692998e+00    2.05692998e+00
 6.26920176e+02   1.09336340e+01    1.09305000e+01    2.05682625e+00    2.05682625e+00
 6.27720777e+02   1.09335291e+01    1.09305000e+01    2.05672228e+00    2.05672228e+00
 6.28521377e+02   1.09301384e+01    1.09265000e+01    2.05661839e+00    2.05661839e+00
 6.29321978e+02   1.09257980e+01    1.09225000e+01    2.05651418e+00    2.05651418e+00
 6.30122578e+02   1.09256201e+01    1.09225000e+01    2.05640990e+00    2.05640990e+00
 6.30923179e+02   1.09222697e+01    1.09185000e+01    2.05630546e+00    2.05630546e+00
 6.31723779e+02   1.09179776e+01    1.09145000e+01    2.05620077e+00    2.05620076e+00
 6.32524380e+02   1.09176454e+01    1.09145000e+01    2.05609616e+00    2.05609616e+00
 6.33324980e+02   1.09138294e+01    1.09105000e+01    2.05599128e+00    2.05599128e+00
 6.34125580e+02   1.09139324e+01    1.09105000e+01    2.05588632e+00    2.05588631e+00
 6.34926181e+02   1.09144032e+01    1.09105000e+01    2.05578121e+00    2.05578121e+00
 6.35726781e+02   1.09101501e+01    1.09065000e+01    2.05567584e+00    2.05567584e+00
 6.36527382e+02   1.09058537e+01    1.09025000e+01    2.05557054e+00    2.05557054e+00
 6.37327982e+02   1.09097888e+01    1.09065000e+01    2.05546503e+00    2.05546503e+00
 6.38128583e+02   1.09101770e+01    1.09065000e+01    2.05535941e+00    2.05535941e+00
 6.38929183e+02   1.09060510e+01    1.09025000e+01    2.05525361e+00    2.05525361e+00
 6.39729784e+02   1.09016836e+01    1.08985000e+01    2.05514759e+00    2.05514759e+00
 6.40530384e+02   1.08977311e+01    1.08945000e+01    2.05504165e+00    2.05504164e+00
 6.41330985e+02   1.09061220e+01    1.09025000e+01    2.05493552e+00    2.05493552e+00
 6.42131585e+02   1.08943310e+01    1.08905000e+01    2.05482919e+00    2.05482919e+00
 6.42932186e+02   1.08899925e+01    1.08865000e+01    2.05472275e+00    2.05472275e+00
 6.43732786e+02   1.08937324e+01    1.08905000e+01    2.05461613e+00    2.05461613e+00
 6.44533387e+02   1.08896569e+01    1.08865000e+01    2.05450958e+00    2.05450958e+00
 6.45333987e+02   1.08980591e+01    1.08945000e+01    2.05440283e+00    2.05440282e+00
 6.46134588e+02   1.08896829e+01    1.08865000e+01    2.05429588e+00    2.05429588e+00
 6.46935188e+02   1.08898543e+01    1.08865000e+01    2.05418886e+00    2.05418886e+00
 6.47735789e+02   1.08859586e+01    1.08825000e+01    2.05408160e+00    2.05408160e+00
 6.48536389e+02   1.08816073e+01    1.08785000e+01    2.05397444e+00    2.05397444e+00
 6.49336990e+02   1.08857489e+01    1.08825000e+01    2.05386706e+00    2.05386706e+00
 6.50137590e+02   1.08735665e+01    1.08705000e+01    2.05375949e+00    2.05375948e+00
 6.50938191e+02   1.08782790e+01    1.08745000e+01    2.05365190e+00    2.05365190e+00
 6.51738791e+02   1.08821137e+01    1.08785000e+01    2.05354419e+00    2.05354419e+00
 6.52539392e+02   1.08735988e+01    1.08705000e+01    2.05343634e+00    2.05343634e+00
 6.53339992e+02   1.08735823e+01    1.08705000e+01    2.05332836e+00    2.05332836e+00
 6.54140592e+02   1.08697817e+01    1.08665000e+01    2.05322022e+00    2.05322022e+00
 6.54941193e+02   1.08702545e+01    1.08665000e+01    2.05311206e+00    2.05311206e+00
 6.55741793e+02   1.08694754e+01    1.08665000e+01    2.05300380e+00    2.05300380e+00
 6.56542394e+02   1.08658560e+01    1.08625000e+01    2.05289539e+00    2.05289539e+00
 6.57342994e+02   1.08658894e+01    1.08625000e+01    2.05278687e+00    2.05278687e+00
 6.58143595e+02   1.08541550e+01    1.08505000e+01    2.05267812e+00    2.05267812e+00
 6.58944195e+02   1.08658222e+01    1.08625000e+01    2.05256952e+00    2.05256952e+00
 6.59744796e+02   1.08615779e+01    1.08585000e+01    2.05246064e+00    2.05246064e+00
 6.60545396e+02   1.08621736e+01    1.08585000e+01    2.05235172e+00    2.05235172e+00
 6.61345997e+02   1.08618968e+01    1.08585000e+01    2.05224266e+00    2.05224266e+00
 6.62146597e+02   1.08462736e+01    1.08425000e+01    2.05213333e+00    2.05213332e+00
 6.62947198e+02   1.08538913e+01    1.08505000e+01    2.05202423e+00    2.05202423e+00
 6.63747798e+02   1.08535789e+01    1.08505000e+01    2.05191483e+00    2.05191482e+00
 6.64548399e+02   1.08538112e+01    1.08505000e+01    2.05180533e+00    2.05180533e+00
 6.65348999e+02   1.08538417e+01    1.08505000e+01    2.05169576e+00    2.05169576e+00
 6.66149600e+02   1.08538315e+01    1.08505000e+01    2.05158613e+00    2.05158613e+00
 6.66950200e+02   1.08456783e+01    1.08425000e+01    2.05147633e+00    2.05147633e+00
 6.67750801e+02   1.08500700e+01    1.08465000e+01    2.05136648e+00    2.05136648e+00
 6.68551401e+02   1.08537716e+01    1.08505000e+01    2.05125645e+00    2.05125645e+00
 6.69352002e+02   1.08379395e+01    1.08345000e+01    2.05114638e+00    2.05114638e+00
 6.70152602e+02   1.08414891e+01    1.08385000e+01    2.05103621e+00    2.05103621e+00
 6.70953203e+02   1.08342126e+01    1.08305000e+01    2.05092593e+00    2.05092593e+00
 6.71753803e+02   1.08343987e+01    1.08305000e+01    2.05081556e+00    2.05081556e+00
 6.72554404e+02   1.08341938e+01    1.08305000e+01    2.05070507e+00    2.05070507e+00
 6.73355004e+02   1.08376626e+01    1.08345000e+01    2.05059460e+00    2.05059460e+00
 6.74155604e+02   1.08301881e+01    1.08265000e+01    2.05048391e+00    2.05048390e+00
 6.74956205e+02   1.08261240e+01    1.08225000e+01    2.05037309e+00    2.05037309e+00
 6.75756805e+02   1.08298724e+01    1.08265000e+01    2.05026232e+00    2.05026232e+00
 6.76557406e+02   1.08336357e+01    1.08305000e+01    2.05015143e+00    2.05015143e+00
 6.77358006e+02   1.08256106e+01    1.08225000e+01    2.05004039e+00    2.05004039e+00
 6.78158607e+02   1.08182130e+01    1.08145000e+01    2.04992925e+00    2.04992925e+00
 6.78959207e+02   1.08220937e+01    1.08185000e+01    2.04981799e+00    2.04981799e+00
 6.79759808e+02   1.08223094e+01    1.08185000e+01    2.04970683e+00    2.04970683e+00
 6.80560408e+02   1.08182550e+01    1.08145000e+01    2.04959542e+00    2.04959541e+00
 6.81361009e+02   1.08142289e+01    1.08105000e+01    2.04948388e+00    2.04948388e+00
 6.82161609e+02   1.08220722e+01    1.08185000e+01    2.04937242e+00    2.04937242e+00
 6.82962210e+02   1.08141918e+01    1.08105000e+01    2.04926077e+00    2.04926077e+00
 6.83762810e+02   1.08135081e+01    1.08105000e+01    2.04914905e+00    2.04914905e+00
 6.84563411e+02   1.08098140e+01    1.08065000e+01    2.04903724e+00    2.04903724e+00
 6.85364011e+02   1.08137166e+01    1.08105000e+01    2.04892529e+00    2.04892529e+00
 6.86164612e+02   1.08056545e+01    1.08025000e+01    2.04881338e+00    2.04881338e+00
 6.86965212e+02   1.08098431e+01    1.08065000e+01    2.04870134e+00    2.04870134e+00
 6.87765813e+02   1.08057253e+01    1.08025000e+01    2.04858912e+00    2.04858912e+00
 6.88566413e+02   1.08063248e+01    1.08025000e+01    2.04847698e+00    2.04847698e+00
 6.89367014e+02   1.07982438e+01    1.07945000e+01    2.04836464e+00    2.04836464e+00
 6.90167614e+02   1.08021860e+01    1.07985000e+01    2.04825229e+00    2.04825229e+00
 6.90968215e+02   1.07983511e+01    1.07945000e+01    2.04813981e+00    2.04813981e+00
 6.91768815e+02   1.07898618e+01    1.07865000e+01    2.04802723e+00    2.04802723e+00
 6.92569416e+02   1.07940288e+01    1.07905000e+01    2.04791467e+00    2.04791467e+00
 6.93370016e+02   1.07941335e+01    1.07905000e+01    2.04780197e+00    2.04780197e+00
 6.94170616e+02   1.07939953e+01    1.07905000e+01    2.04768911e+00    2.04768911e+00
 6.94971217e+02   1.07896073e+01    1.07865000e+01    2.04757635e+00    2.04757635e+00
 6.95771817e+02   1.07900560e+01    1.07865000e+01    2.04746342e+00    2.04746342e+00
 6.96572418e+02   1.07902692e+01    1.07865000e+01    2.04735040e+00    2.04735040e+00
 6.97373018e+02   1.07859293e+01    1.07825000e+01    2.04723730e+00    2.04723730e+00
 6.98173619e+02   1.07900329e+01    1.07865000e+01    2.04712422e+00    2.04712422e+00
 6.98974219e+02   1.07819525e+01    1.07785000e+01    2.04701097e+00    2.04701097e+00
 6.99774820e+02   1.07818074e+01    1.07785000e+01    2.04689768e+00    2.04689768e+00
 7.00575420e+02   1.07779818e+01    1.07745000e+01    2.04678422e+00    2.04678422e+00
 7.01376021e+02   1.07816087e+01    1.07785000e+01    2.04667090e+00    2.04667090e+00
 7.02176621e+02   1.07820573e+01    1.07785000e+01    2.04655740e+00    2.04655739e+00
 7.02977222e+02   1.07781769e+01    1.07745000e+01    2.04644373e+00    2.04644373e+00
 7.03777822e+02   1.07743850e+01    1.07705000e+01    2.04633016e+00    2.04633016e+00
 7.04578423e+02   1.07700538e+01    1.07665000e+01    2.04621640e+00    2.04621640e+00
 7.05379023e+02   1.07697672e+01    1.07665000e+01    2.04610259e+00    2.04610259e+00
 7.06179624e+02   1.07697238e+01    1.07665000e+01    2.04598873e+00    2.04598873e+00
 7.06980224e+02   1.07618244e+01    1.07585000e+01    2.04587482e+00    2.04587482e+00
 7.07780825e+02   1.07698622e+01    1.07665000e+01    2.04576089e+00    2.04576089e+00
 7.08581425e+02   1.07660598e+01    1.07625000e+01    2.04564681e+00    2.04564681e+00
 7.09382026e+02   1.07616083e+01    1.07585000e+01    2.04553262e+00    2.04553262e+00
 7.10182626e+02   1.07583119e+01    1.07545000e+01    2.04541850e+00    2.04541850e+00
 7.10983227e+02   1.07621563e+01    1.07585000e+01    2.04530426e+00    2.04530426e+00
 7.11783827e+02   1.07616355e+01    1.07585000e+01    2.04518985e+00    2.04518985e+00
 7.12584428e+02   1.07577413e+01    1.07545000e+01    2.04507558e+00    2.04507557e+00
 7.13385028e+02   1.07578023e+01    1.07545000e+01    2.04496112e+00    2.04496111e+00
 7.14185629e+02   1.07577757e+01    1.07545000e+01    2.04484657e+00    2.04484657e+00
 7.14986229e+02   1.07534708e+01    1.07505000e+01    2.04473202e+00    2.04473202e+00
 7.15786829e+02   1.07454570e+01    1.07425000e+01    2.04461737e+00    2.04461737e+00
 7.16587430e+02   1.07537461e+01    1.07505000e+01    2.04450274e+00    2.04450274e+00
 7.17388030e+02   1.07537126e+01    1.07505000e+01    2.04438797e+00    2.04438797e+00
 7.18188631e+02   1.07461516e+01    1.07425000e+01    2.04427317e+00    2.04427317e+00
 7.18989231e+02   1.07462580e+01    1.07425000e+01    2.04415832e+00    2.04415832e+00
 7.19789832e+02   1.07498186e+01    1.07465000e+01    2.04404341e+00    2.04404341e+00
 7.20590432e+02   1.07457857e+01    1.07425000e+01    2.04392835e+00    2.04392835e+00
 7.21391033e+02   1.07420780e+01    1.07385000e+01    2.04381337e+00    2.04381337e+00
 7.22191633e+02   1.07377872e+01    1.07345000e+01    2.04369825e+00    2.04369825e+00
 7.22992234e+02   1.07416222e+01    1.07385000e+01    2.04358302e+00    2.04358302e+00
 7.23792834e+02   1.07379111e+01    1.07345000e+01    2.04346792e+00    2.04346792e+00
 7.24593435e+02   1.07342825e+01    1.07305000e+01    2.04335262e+00    2.04335262e+00
 7.25394035e+02   1.07375991e+01    1.07345000e+01    2.04323725e+00    2.04323725e+00
 7.26194636e+02   1.07303535e+01    1.07265000e+01    2.04312193e+00    2.04312193e+00
 7.26995236e+02   1.07337277e+01    1.07305000e+01    2.04300650e+00    2.04300650e+00
 7.27795837e+02   1.07301030e+01    1.07265000e+01    2.04289098e+00    2.04289098e+00
 7.28596437e+02   1.07336674e+01    1.07305000e+01    2.04277546e+00    2.04277546e+00
 7.29397038e+02   1.07294632e+01    1.07265000e+01    2.04265989e+00    2.04265989e+00
 7.30197638e+02   1.07294954e+01    1.07265000e+01    2.04254426e+00    2.04254426e+00
 7.30998239e+02   1.07254742e+01    1.07225000e+01    2.04242852e+00    2.04242852e+00
 7.31798839e+02   1.07180609e+01    1.07145000e+01    2.04231279e+00    2.04231279e+00
 7.32599440e+02   1.07254719e+01    1.07225000e+01    2.04219704e+00    2.04219704e+00
 7.33400040e+02   1.07216845e+01    1.07185000e+01    2.04208117e+00    2.04208117e+00
 7.34200641e+02   1.07214616e+01    1.07185000e+01    2.04196527e+00    2.04196527e+00
 7.35001241e+02   1.07139463e+01    1.07105000e+01    2.04184933e+00    2.04184933e+00
 7.35801841e+02   1.07177216e+01    1.07145000e+01    2.04173335e+00    2.04173335e+00
 7.36602442e+02   1.07138083e+01    1.07105000e+01    2.04161720e+00    2.04161720e+00
 7.37403042e+02   1.07183148e+01    1.07145000e+01    2.04150127e+00    2.04150127e+00
 7.38203643e+02   1.07175569e+01    1.07145000e+01    2.04138511e+00    2.04138511e+00
 7.39004243e+02   1.07101257e+01    1.07065000e+01    2.04126881e+00    2.04126881e+00
 7.39804844e+02   1.07095245e+01    1.07065000e+01    2.04115269e+00    2.04115269e+00
 7.40605444e+02   1.06981002e+01    1.06945000e+01    2.04103636e+00    2.04103635e+00
 7.41406045e+02   1.07096696e+01    1.07065000e+01    2.04092002e+00    2.04092002e+00
 7.42206645e+02   1.07019784e+01    1.06985000e+01    2.04080372e+00    2.04080372e+00
 7.43007246e+02   1.07103613e+01    1.07065000e+01    2.04068735e+00    2.04068735e+00
 7.43807846e+02   1.07020387e+01    1.06985000e+01    2.04057079e+00    2.04057079e+00
 7.44608447e+02   1.06983615e+01    1.06945000e+01    2.04045436e+00    2.04045436e+00
 7.45409047e+02   1.06941440e+01    1.06905000e+01    2.04033778e+00    2.04033778e+00
 7.46209648e+02   1.06941332e+01    1.06905000e+01    2.04022117e+00    2.04022116e+00
 7.47010248e+02   1.06982146e+01    1.06945000e+01    2.04010461e+00    2.04010461e+00
 7.47810849e+02   1.06898387e+01    1.06865000e+01    2.03998790e+00    2.03998790e+00
 7.48611449e+02   1.06897477e+01    1.06865000e+01    2.03987117e+00    2.03987117e+00
 7.49412050e+02   1.06900829e+01    1.06865000e+01    2.03975444e+00    2.03975444e+00
 7.50212650e+02   1.06896337e+01    1.06865000e+01    2.03963767e+00    2.03963767e+00
 7.51013251e+02   1.06856900e+01    1.06825000e+01    2.03952083e+00    2.03952083e+00
 7.51813851e+02   1.06861644e+01    1.06825000e+01    2.03940394e+00    2.03940394e+00
 7.52614452e+02   1.06860890e+01    1.06825000e+01    2.03928708e+00    2.03928708e+00
 7.53415052e+02   1.06782477e+01    1.06745000e+01    2.03917010e+00    2.03917010e+00
 7.54215653e+02   1.06818794e+01    1.06785000e+01    2.03905310e+00    2.03905310e+00
 7.55016253e+02   1.06822514e+01    1.06785000e+01    2.03893612e+00    2.03893612e+00
 7.55816853e+02   1.06822313e+01    1.06785000e+01    2.03881908e+00    2.03881907e+00
 7.56617454e+02   1.06777646e+01    1.06745000e+01    2.03870192e+00    2.03870192e+00
 7.57418054e+02   1.06782025e+01    1.06745000e+01    2.03858483e+00    2.03858483e+00
 7.58218655e+02   1.06777541e+01    1.06745000e+01    2.03846766e+00    2.03846766e+00
 7.59019255e+02   1.06700870e+01    1.06665000e+01    2.03835041e+00    2.03835040e+00
 7.59819856e+02   1.06740041e+01    1.06705000e+01    2.03823320e+00    2.03823320e+00
 7.60620456e+02   1.06696292e+01    1.06665000e+01    2.03811591e+00    2.03811590e+00
 7.61421057e+02   1.06661395e+01    1.06625000e+01    2.03799857e+00    2.03799857e+00
 7.62221657e+02   1.06699287e+01    1.06665000e+01    2.03788125e+00    2.03788125e+00
 7.63022258e+02   1.06659090e+01    1.06625000e+01    2.03776387e+00    2.03776387e+00
 7.63822858e+02   1.06577510e+01    1.06545000e+01    2.03764640e+00    2.03764640e+00
 7.64623459e+02   1.06622575e+01    1.06585000e+01    2.03752899e+00    2.03752899e+00
 7.65424059e+02   1.06616841e+01    1.06585000e+01    2.03741151e+00    2.03741151e+00
 7.66224660e+02   1.06535423e+01    1.06505000e+01    2.03729395e+00    2.03729395e+00
 7.67025260e+02   1.06618304e+01    1.06585000e+01    2.03717646e+00    2.03717646e+00
 7.67825861e+02   1.06575913e+01    1.06545000e+01    2.03705887e+00    2.03705887e+00
 7.68626461e+02   1.06542755e+01    1.06505000e+01    2.03694125e+00    2.03694125e+00
 7.69427062e+02   1.06577294e+01    1.06545000e+01    2.03682363e+00    2.03682363e+00
 7.70227662e+02   1.06535642e+01    1.06505000e+01    2.03670595e+00    2.03670595e+00
 7.71028263e+02   1.06542794e+01    1.06505000e+01    2.03658826e+00    2.03658826e+00
 7.71828863e+02   1.06535564e+01    1.06505000e+01    2.03647052e+00    2.03647052e+00
 7.72629464e+02   1.06495573e+01    1.06465000e+01    2.03635276e+00    2.03635276e+00
 7.73430064e+02   1.06541897e+01    1.06505000e+01    2.03623499e+00    2.03623499e+00
 7.74230665e+02   1.06494816e+01    1.06465000e+01    2.03611715e+00    2.03611715e+00
 7.75031265e+02   1.06455500e+01    1.06425000e+01    2.03599930e+00    2.03599930e+00
 7.75831865e+02   1.06495706e+01    1.06465000e+01    2.03588143e+00    2.03588143e+00
 7.76632466e+02   1.06423544e+01    1.06385000e+01    2.03576353e+00    2.03576352e+00
 7.77433066e+02   1.06415344e+01    1.06385000e+01    2.03564559e+00    2.03564559e+00
 7.78233667e+02   1.06421856e+01    1.06385000e+01    2.03552763e+00    2.03552763e+00
 7.79034267e+02   1.06383123e+01    1.06345000e+01    2.03540965e+00    2.03540965e+00
 7.79834868e+02   1.06375127e+01    1.06345000e+01    2.03529164e+00    2.03529164e+00
 7.80635468e+02   1.06417619e+01    1.06385000e+01    2.03517360e+00    2.03517360e+00
 7.81436069e+02   1.06342834e+01    1.06305000e+01    2.03505555e+00    2.03505554e+00
 7.82236669e+02   1.06334909e+01    1.06305000e+01    2.03493745e+00    2.03493745e+00
 7.83037270e+02   1.06374467e+01    1.06345000e+01    2.03481933e+00    2.03481933e+00
 7.83837870e+02   1.06302846e+01    1.06265000e+01    2.03470121e+00    2.03470121e+00
 7.84638471e+02   1.06294997e+01    1.06265000e+01    2.03458304e+00    2.03458304e+00
 7.85439071e+02   1.06339361e+01    1.06305000e+01    2.03446487e+00    2.03446487e+00
 7.86239672e+02   1.06263521e+01    1.06225000e+01    2.03434666e+00    2.03434666e+00
 7.87040272e+02   1.06256193e+01    1.06225000e+01    2.03422840e+00    2.03422840e+00
 7.87840873e+02   1.06180038e+01    1.06145000e+01    2.03411014e+00    2.03411014e+00
 7.88641473e+02   1.06256187e+01    1.06225000e+01    2.03399191e+00    2.03399191e+00
 7.89442074e+02   1.06217380e+01    1.06185000e+01    2.03387356e+00    2.03387356e+00
 7.90242674e+02   1.06175502e+01    1.06145000e+01    2.03375528e+00    2.03375528e+00
 7.91043275e+02   1.06182265e+01    1.06145000e+01    2.03363695e+00    2.03363695e+00
 7.91843875e+02   1.06175669e+01    1.06145000e+01    2.03351853e+00    2.03351853e+00
 7.92644476e+02   1.06178038e+01    1.06145000e+01    2.03340024e+00    2.03340023e+00
 7.93445076e+02   1.06175667e+01    1.06145000e+01    2.03328181e+00    2.03328181e+00
 7.94245677e+02   1.06134643e+01    1.06105000e+01    2.03316331e+00    2.03316331e+00
 7.95046277e+02   1.06135074e+01    1.06105000e+01    2.03304496e+00    2.03304496e+00
 7.95846878e+02   1.06137320e+01    1.06105000e+01    2.03292649e+00    2.03292649e+00
 7.96647478e+02   1.06094753e+01    1.06065000e+01    2.03280790e+00    2.03280790e+00
 7.97448078e+02   1.06063462e+01    1.06025000e+01    2.03268951e+00    2.03268951e+00
 7.98248679e+02   1.06094995e+01    1.06065000e+01    2.03257099e+00    2.03257099e+00
 7.99049279e+02   1.06023378e+01    1.05985000e+01    2.03245233e+00    2.03245233e+00
 7.99849880e+02   1.06018465e+01    1.05985000e+01    2.03233389e+00    2.03233389e+00
 8.00650480e+02   1.05979536e+01    1.05945000e+01    2.03221530e+00    2.03221529e+00
 8.01451081e+02   1.06054701e+01    1.06025000e+01    2.03209671e+00    2.03209671e+00
 8.02251681e+02   1.06015866e+01    1.05985000e+01    2.03197813e+00    2.03197813e+00
 8.03052282e+02   1.05977131e+01    1.05945000e+01    2.03185948e+00    2.03185948e+00
 8.03852882e+02   1.05978584e+01    1.05945000e+01    2.03174085e+00    2.03174085e+00
 8.04653483e+02   1.05983049e+01    1.05945000e+01    2.03162222e+00    2.03162222e+00
 8.05454083e+02   1.05937692e+01    1.05905000e+01    2.03150348e+00    2.03150348e+00
 8.06254684e+02   1.05938325e+01    1.05905000e+01    2.03138483e+00    2.03138483e+00
 8.07055284e+02   1.05943128e+01    1.05905000e+01    2.03126614e+00    2.03126614e+00
 8.07855885e+02   1.05859618e+01    1.05825000e+01    2.03114736e+00    2.03114735e+00
 8.08656485e+02   1.05899091e+01    1.05865000e+01    2.03102867e+00    2.03102867e+00
 8.09457086e+02   1.05900192e+01    1.05865000e+01    2.03090990e+00    2.03090990e+00
 8.10257686e+02   1.05897834e+01    1.05865000e+01    2.03079120e+00    2.03079120e+00
 8.11058287e+02   1.05857529e+01    1.05825000e+01    2.03067239e+00    2.03067239e+00
 8.11858887e+02   1.05861420e+01    1.05825000e+01    2.03055357e+00    2.03055356e+00
 8.12659488e+02   1.05818988e+01    1.05785000e+01    2.03043482e+00    2.03043482e+00
 8.13460088e+02   1.05817480e+01    1.05785000e+01    2.03031600e+00    2.03031599e+00
 8.14260689e+02   1.05820200e+01    1.05785000e+01    2.03019709e+00    2.03019709e+00
 8.15061289e+02   1.05822129e+01    1.05785000e+01    2.03007836e+00    2.03007836e+00
 8.15861890e+02   1.05782214e+01    1.05745000e+01    2.02995949e+00    2.02995949e+00
 8.16662490e+02   1.05738665e+01    1.05705000e+01    2.02984056e+00    2.02984056e+00
 8.17463090e+02   1.05740212e+01    1.05705000e+01    2.02972174e+00    2.02972174e+00
 8.18263691e+02   1.05743423e+01    1.05705000e+01    2.02960285e+00    2.02960285e+00
 8.19064291e+02   1.05700897e+01    1.05665000e+01    2.02948394e+00    2.02948394e+00
 8.19864892e+02   1.05695681e+01    1.05665000e+01    2.02936504e+00    2.02936503e+00
 8.20665492e+02   1.05703048e+01    1.05665000e+01    2.02924609e+00    2.02924609e+00
 8.21466093e+02   1.05662918e+01    1.05625000e+01    2.02912718e+00    2.02912718e+00
 8.22266693e+02   1.05663211e+01    1.05625000e+01    2.02900822e+00    2.02900822e+00
 8.23067294e+02   1.05617891e+01    1.05585000e+01    2.02888929e+00    2.02888928e+00
 8.23867894e+02   1.05615510e+01    1.05585000e+01    2.02877033e+00    2.02877032e+00
 8.24668495e+02   1.05618234e+01    1.05585000e+01    2.02865132e+00    2.02865132e+00
 8.25469095e+02   1.05663112e+01    1.05625000e+01    2.02853246e+00    2.02853246e+00
 8.26269696e+02   1.05615290e+01    1.05585000e+01    2.02841342e+00    2.02841342e+00
 8.27070296e+02   1.05581578e+01    1.05545000e+01    2.02829433e+00    2.02829433e+00
 8.27870897e+02   1.05541406e+01    1.05505000e+01    2.02817542e+00    2.02817542e+00
 8.28671497e+02   1.05539311e+01    1.05505000e+01    2.02805641e+00    2.02805641e+00
 8.29472098e+02   1.05538579e+01    1.05505000e+01    2.02793738e+00    2.02793738e+00
 8.30272698e+02   1.05500551e+01    1.05465000e+01    2.02781837e+00    2.02781837e+00
 8.31073299e+02   1.05539808e+01    1.05505000e+01    2.02769933e+00    2.02769933e+00
 8.31873899e+02   1.05543172e+01    1.05505000e+01    2.02758033e+00    2.02758032e+00
 8.32674500e+02   1.05501297e+01    1.05465000e+01    2.02746125e+00    2.02746125e+00
 8.33475100e+02   1.05500953e+01    1.05465000e+01    2.02734221e+00    2.02734221e+00
 8.34275701e+02   1.05494741e+01    1.05465000e+01    2.02722315e+00    2.02722315e+00
 8.35076301e+02   1.05494646e+01    1.05465000e+01    2.02710405e+00    2.02710405e+00
 8.35876902e+02   1.05462136e+01    1.05425000e+01    2.02698506e+00    2.02698506e+00
 8.36677502e+02   1.05423268e+01    1.05385000e+01    2.02686596e+00    2.02686596e+00
 8.37478102e+02   1.05416138e+01    1.05385000e+01    2.02674677e+00    2.02674677e+00
 8.38278703e+02   1.05382349e+01    1.05345000e+01    2.02662779e+00    2.02662779e+00
 8.39079303e+02   1.05414469e+01    1.05385000e+01    2.02650870e+00    2.02650870e+00
 8.39879904e+02   1.05375819e+01    1.05345000e+01    2.02638960e+00    2.02638959e+00
 8.40680504e+02   1.05340255e+01    1.05305000e+01    2.02627051e+00    2.02627051e+00
 8.41481105e+02   1.05378517e+01    1.05345000e+01    2.02615138e+00    2.02615138e+00
 8.42281705e+02   1.05382024e+01    1.05345000e+01    2.02603232e+00    2.02603232e+00
 8.43082306e+02   1.05340084e+01    1.05305000e+01    2.02591316e+00    2.02591316e+00
 8.43882906e+02   1.05300881e+01    1.05265000e+01    2.02579409e+00    2.02579409e+00
 8.44683507e+02   1.05263199e+01    1.05225000e+01    2.02567496e+00    2.02567496e+00
 8.45484107e+02   1.05297791e+01    1.05265000e+01    2.02555578e+00    2.02555578e+00
 8.46284708e+02   1.05298588e+01    1.05265000e+01    2.02543676e+00    2.02543676e+00
 8.47085308e+02   1.05262523e+01    1.05225000e+01    2.02531762e+00    2.02531762e+00
 8.47885909e+02   1.05298637e+01    1.05265000e+01    2.02519849e+00    2.02519849e+00
 8.48686509e+02   1.05177161e+01    1.05145000e+01    2.02507934e+00    2.02507934e+00
 8.49487110e+02   1.05221679e+01    1.05185000e+01    2.02496021e+00    2.02496021e+00
 8.50287710e+02   1.05216270e+01    1.05185000e+01    2.02484110e+00    2.02484109e+00
 8.51088311e+02   1.05214920e+01    1.05185000e+01    2.02472195e+00    2.02472195e+00
 8.51888911e+02   1.05219115e+01    1.05185000e+01    2.02460286e+00    2.02460286e+00
 8.52689512e+02   1.05142344e+01    1.05105000e+01    2.02448370e+00    2.02448370e+00
 8.53490112e+02   1.05215588e+01    1.05185000e+01    2.02436454e+00    2.02436454e+00
 8.54290713e+02   1.05134523e+01    1.05105000e+01    2.02424545e+00    2.02424545e+00
 8.55091313e+02   1.05142529e+01    1.05105000e+01    2.02412633e+00    2.02412633e+00
 8.55891914e+02   1.05177195e+01    1.05145000e+01    2.02400718e+00    2.02400718e+00
 8.56692514e+02   1.05178883e+01    1.05145000e+01    2.02388809e+00    2.02388809e+00
 8.57493114e+02   1.05101169e+01    1.05065000e+01    2.02376890e+00    2.02376889e+00
 8.58293715e+02   1.05062911e+01    1.05025000e+01    2.02364977e+00    2.02364977e+00
 8.59094315e+02   1.04980927e+01    1.04945000e+01    2.02353058e+00    2.02353058e+00
 8.59894916e+02   1.05098639e+01    1.05065000e+01    2.02341155e+00    2.02341155e+00
 8.60695516e+02   1.05057852e+01    1.05025000e+01    2.02329240e+00    2.02329240e+00
 8.61496117e+02   1.05021285e+01    1.04985000e+01    2.02317319e+00    2.02317319e+00
 8.62296717e+02   1.04981981e+01    1.04945000e+01    2.02305415e+00    2.02305415e+00
 8.63097318e+02   1.05019674e+01    1.04985000e+01    2.02293503e+00    2.02293503e+00
 8.63897918e+02   1.05020813e+01    1.04985000e+01    2.02281591e+00    2.02281591e+00
 8.64698519e+02   1.05055524e+01    1.05025000e+01    2.02269683e+00    2.02269682e+00
 8.65499119e+02   1.04979562e+01    1.04945000e+01    2.02257763e+00    2.02257763e+00
 8.66299720e+02   1.04941974e+01    1.04905000e+01    2.02245854e+00    2.02245854e+00
 8.67100320e+02   1.04979826e+01    1.04945000e+01    2.02233942e+00    2.02233941e+00
 8.67900921e+02   1.04975544e+01    1.04945000e+01    2.02222038e+00    2.02222038e+00
 8.68701521e+02   1.04900341e+01    1.04865000e+01    2.02210124e+00    2.02210123e+00
 8.69502122e+02   1.04854734e+01    1.04825000e+01    2.02198201e+00    2.02198201e+00
 8.70302722e+02   1.04861572e+01    1.04825000e+01    2.02186304e+00    2.02186304e+00
 8.71103323e+02   1.04935094e+01    1.04905000e+01    2.02174396e+00    2.02174396e+00
 8.71903923e+02   1.04894324e+01    1.04865000e+01    2.02162486e+00    2.02162486e+00
 8.72704524e+02   1.04975557e+01    1.04945000e+01    2.02150582e+00    2.02150582e+00
 8.73505124e+02   1.04895057e+01    1.04865000e+01    2.02138672e+00    2.02138672e+00
 8.74305725e+02   1.04854487e+01    1.04825000e+01    2.02126763e+00    2.02126763e+00
 8.75106325e+02   1.04856297e+01    1.04825000e+01    2.02114850e+00    2.02114850e+00
 8.75906926e+02   1.04821312e+01    1.04785000e+01    2.02102952e+00    2.02102952e+00
 8.76707526e+02   1.04818617e+01    1.04785000e+01    2.02091045e+00    2.02091045e+00
 8.77508127e+02   1.04820734e+01    1.04785000e+01    2.02079140e+00    2.02079140e+00
 8.78308727e+02   1.04779340e+01    1.04745000e+01    2.02067234e+00    2.02067234e+00
 8.79109327e+02   1.04736243e+01    1.04705000e+01    2.02055324e+00    2.02055324e+00
 8.79909928e+02   1.04742144e+01    1.04705000e+01    2.02043425e+00    2.02043425e+00
 8.80710528e+02   1.04815089e+01    1.04785000e+01    2.02031521e+00    2.02031521e+00
 8.81511129e+02   1.04775841e+01    1.04745000e+01    2.02019625e+00    2.02019625e+00
 8.82311729e+02   1.04701296e+01    1.04665000e+01    2.02007719e+00    2.02007719e+00
 8.83112330e+02   1.04699373e+01    1.04665000e+01    2.01995816e+00    2.01995816e+00
 8.83912930e+02   1.04659601e+01    1.04625000e+01    2.01983917e+00    2.01983917e+00
 8.84713531e+02   1.04701015e+01    1.04665000e+01    2.01972016e+00    2.01972016e+00
 8.85514131e+02   1.04697836e+01    1.04665000e+01    2.01960120e+00    2.01960120e+00
 8.86314732e+02   1.04622922e+01    1.04585000e+01    2.01948216e+00    2.01948215e+00
 8.87115332e+02   1.04662654e+01    1.04625000e+01    2.01936328e+00    2.01936327e+00
 8.87915933e+02   1.04699499e+01    1.04665000e+01    2.01924432e+00    2.01924432e+00
 8.88716533e+02   1.04542834e+01    1.04505000e+01    2.01912523e+00    2.01912523e+00
 8.89517134e+02   1.04615050e+01    1.04585000e+01    2.01900638e+00    2.01900637e+00
 8.90317734e+02   1.04614851e+01    1.04585000e+01    2.01888740e+00    2.01888740e+00
 8.91118335e+02   1.04582965e+01    1.04545000e+01    2.01876849e+00    2.01876849e+00
 8.91918935e+02   1.04538834e+01    1.04505000e+01    2.01864951e+00    2.01864951e+00
 8.92719536e+02   1.04500043e+01    1.04465000e+01    2.01853065e+00    2.01853065e+00
 8.93520136e+02   1.04575675e+01    1.04545000e+01    2.01841176e+00    2.01841176e+00
 8.94320737e+02   1.04582231e+01    1.04545000e+01    2.01829281e+00    2.01829280e+00
 8.95121337e+02   1.04496860e+01    1.04465000e+01    2.01817396e+00    2.01817396e+00
 8.95921938e+02   1.04497662e+01    1.04465000e+01    2.01805505e+00    2.01805505e+00
 8.96722538e+02   1.04542053e+01    1.04505000e+01    2.01793624e+00    2.01793624e+00
 8.97523139e+02   1.04458559e+01    1.04425000e+01    2.01781730e+00    2.01781730e+00
 8.98323739e+02   1.04501395e+01    1.04465000e+01    2.01769855e+00    2.01769855e+00
 8.99124339e+02   1.04460337e+01    1.04425000e+01    2.01757968e+00    2.01757968e+00
 8.99924940e+02   1.04500527e+01    1.04465000e+01    2.01746081e+00    2.01746081e+00
 9.00725540e+02   1.04461021e+01    1.04425000e+01    2.01734205e+00    2.01734205e+00
 9.01526141e+02   1.04420603e+01    1.04385000e+01    2.01722319e+00    2.01722319e+00
 9.02326741e+02   1.04421042e+01    1.04385000e+01    2.01710442e+00    2.01710442e+00
 9.03127342e+02   1.04380097e+01    1.04345000e+01    2.01698558e+00    2.01698558e+00
 9.03927942e+02   1.04383228e+01    1.04345000e+01    2.01686689e+00    2.01686689e+00
 9.04728543e+02   1.04379253e+01    1.04345000e+01    2.01674811e+00    2.01674811e+00
 9.05529143e+02   1.04380370e+01    1.04345000e+01    2.01662933e+00    2.01662933e+00
 9.06329744e+02   1.04380396e+01    1.04345000e+01    2.01651063e+00    2.01651063e+00
 9.07130344e+02   1.04376019e+01    1.04345000e+01    2.01639185e+00    2.01639185e+00
 9.07930945e+02   1.04380444e+01    1.04345000e+01    2.01627318e+00    2.01627318e+00
 9.08731545e+02   1.04299104e+01    1.04265000e+01    2.01615440e+00    2.01615439e+00
 9.09532146e+02   1.04340420e+01    1.04305000e+01    2.01603580e+00    2.01603580e+00
 9.10332746e+02   1.04299732e+01    1.04265000e+01    2.01591709e+00    2.01591709e+00
 9.11133347e+02   1.04336000e+01    1.04305000e+01    2.01579843e+00    2.01579843e+00
 9.11933947e+02   1.04299630e+01    1.04265000e+01    2.01567978e+00    2.01567978e+00
 9.12734548e+02   1.04259415e+01    1.04225000e+01    2.01556110e+00    2.01556109e+00
 9.13535148e+02   1.04257403e+01    1.04225000e+01    2.01544249e+00    2.01544249e+00
 9.14335749e+02   1.04222813e+01    1.04185000e+01    2.01532380e+00    2.01532380e+00
 9.15136349e+02   1.04297427e+01    1.04265000e+01    2.01520532e+00    2.01520532e+00
 9.15936950e+02   1.04216702e+01    1.04185000e+01    2.01508668e+00    2.01508668e+00
 9.16737550e+02   1.04257442e+01    1.04225000e+01    2.01496812e+00    2.01496812e+00
 9.17538151e+02   1.04220407e+01    1.04185000e+01    2.01484953e+00    2.01484953e+00
 9.18338751e+02   1.04216231e+01    1.04185000e+01    2.01473102e+00    2.01473102e+00
 9.19139351e+02   1.04176475e+01    1.04145000e+01    2.01461246e+00    2.01461246e+00
 9.19939952e+02   1.04140340e+01    1.04105000e+01    2.01449384e+00    2.01449384e+00
 9.20740552e+02   1.04178967e+01    1.04145000e+01    2.01437545e+00    2.01437545e+00
 9.21541153e+02   1.04140533e+01    1.04105000e+01    2.01425691e+00    2.01425691e+00
 9.22341753e+02   1.04138744e+01    1.04105000e+01    2.01413846e+00    2.01413845e+00
 9.23142354e+02   1.04139432e+01    1.04105000e+01    2.01401996e+00    2.01401996e+00
 9.23942954e+02   1.04103044e+01    1.04065000e+01    2.01390157e+00    2.01390157e+00
 9.24743555e+02   1.04097201e+01    1.04065000e+01    2.01378312e+00    2.01378312e+00
 9.25544155e+02   1.04057824e+01    1.04025000e+01    2.01366468e+00    2.01366468e+00
 9.26344756e+02   1.04099878e+01    1.04065000e+01    2.01354631e+00    2.01354631e+00
 9.27145356e+02   1.04095802e+01    1.04065000e+01    2.01342790e+00    2.01342790e+00
 9.27945957e+02   1.04057946e+01    1.04025000e+01    2.01330953e+00    2.01330953e+00
 9.28746557e+02   1.04058597e+01    1.04025000e+01    2.01319110e+00    2.01319110e+00
 9.29547158e+02   1.04022148e+01    1.03985000e+01    2.01307284e+00    2.01307284e+00
 9.30347758e+02   1.04015118e+01    1.03985000e+01    2.01295449e+00    2.01295449e+00
 9.31148359e+02   1.04019417e+01    1.03985000e+01    2.01283619e+00    2.01283619e+00
 9.31948959e+02   1.04017968e+01    1.03985000e+01    2.01271787e+00    2.01271787e+00
 9.32749560e+02   1.04018166e+01    1.03985000e+01    2.01259966e+00    2.01259966e+00
 9.33550160e+02   1.03980896e+01    1.03945000e+01    2.01248137e+00    2.01248137e+00
 9.34350761e+02   1.04019118e+01    1.03985000e+01    2.01236313e+00    2.01236313e+00
 9.35151361e+02   1.03977288e+01    1.03945000e+01    2.01224491e+00    2.01224490e+00
 9.35951962e+02   1.03939775e+01    1.03905000e+01    2.01212664e+00    2.01212664e+00
 9.36752562e+02   1.03940004e+01    1.03905000e+01    2.01200848e+00    2.01200848e+00
 9.37553163e+02   1.03938525e+01    1.03905000e+01    2.01189023e+00    2.01189023e+00
 9.38353763e+02   1.03901583e+01    1.03865000e+01    2.01177216e+00    2.01177215e+00
 9.39154363e+02   1.03895416e+01    1.03865000e+01    2.01165399e+00    2.01165398e+00
 9.39954964e+02   1.03894502e+01    1.03865000e+01    2.01153586e+00    2.01153586e+00
 9.40755564e+02   1.03895765e+01    1.03865000e+01    2.01141772e+00    2.01141772e+00
 9.41556165e+02   1.03861357e+01    1.03825000e+01    2.01129969e+00    2.01129969e+00
 9.42356765e+02   1.03822494e+01    1.03785000e+01    2.01118160e+00    2.01118159e+00
 9.43157366e+02   1.03896879e+01    1.03865000e+01    2.01106356e+00    2.01106356e+00
 9.43957966e+02   1.03897137e+01    1.03865000e+01    2.01094554e+00    2.01094554e+00
 9.44758567e+02   1.03856749e+01    1.03825000e+01    2.01082748e+00    2.01082748e+00
 9.45559167e+02   1.03818167e+01    1.03785000e+01    2.01070949e+00    2.01070948e+00
 9.46359768e+02   1.03816455e+01    1.03785000e+01    2.01059142e+00    2.01059142e+00
 9.47160368e+02   1.03780802e+01    1.03745000e+01    2.01047354e+00    2.01047354e+00
 9.47960969e+02   1.03777529e+01    1.03745000e+01    2.01035556e+00    2.01035556e+00
 9.48761569e+02   1.03777959e+01    1.03745000e+01    2.01023765e+00    2.01023765e+00
 9.49562170e+02   1.03737645e+01    1.03705000e+01    2.01011969e+00    2.01011969e+00
 9.50362770e+02   1.03740360e+01    1.03705000e+01    2.01000188e+00    2.01000188e+00
 9.51163371e+02   1.03702674e+01    1.03665000e+01    2.00988398e+00    2.00988398e+00
 9.51963971e+02   1.03816699e+01    1.03785000e+01    2.00976618e+00    2.00976618e+00
 9.52764572e+02   1.03699929e+01    1.03665000e+01    2.00964828e+00    2.00964828e+00
 9.53565172e+02   1.03695337e+01    1.03665000e+01    2.00953049e+00    2.00953049e+00
 9.54365773e+02   1.03655351e+01    1.03625000e+01    2.00941268e+00    2.00941268e+00
 9.55166373e+02   1.03620478e+01    1.03585000e+01    2.00929485e+00    2.00929485e+00
 9.55966974e+02   1.03659777e+01    1.03625000e+01    2.00917717e+00    2.00917717e+00
 9.56767574e+02   1.03655971e+01    1.03625000e+01    2.00905939e+00    2.00905939e+00
 9.57568175e+02   1.03657683e+01    1.03625000e+01    2.00894171e+00    2.00894171e+00
 9.58368775e+02   1.03615946e+01    1.03585000e+01    2.00882393e+00    2.00882392e+00
 9.59169376e+02   1.03614138e+01    1.03585000e+01    2.00870634e+00    2.00870634e+00
 9.59969976e+02   1.03623088e+01    1.03585000e+01    2.00858869e+00    2.00858868e+00
 9.60770576e+02   1.03502527e+01    1.03465000e+01    2.00847101e+00    2.00847100e+00
 9.61571177e+02   1.03578935e+01    1.03545000e+01    2.00835338e+00    2.00835338e+00
 9.62371777e+02   1.03578807e+01    1.03545000e+01    2.00823586e+00    2.00823586e+00
 9.63172378e+02   1.03615350e+01    1.03585000e+01    2.00811829e+00    2.00811829e+00
 9.63972978e+02   1.03615053e+01    1.03585000e+01    2.00800074e+00    2.00800074e+00
 9.64773579e+02   1.03539025e+01    1.03505000e+01    2.00788315e+00    2.00788315e+00
 9.65574179e+02   1.03581961e+01    1.03545000e+01    2.00776572e+00    2.00776572e+00
 9.66374780e+02   1.03536519e+01    1.03505000e+01    2.00764819e+00    2.00764819e+00
 9.67175380e+02   1.03462905e+01    1.03425000e+01    2.00753069e+00    2.00753069e+00
 9.67975981e+02   1.03498860e+01    1.03465000e+01    2.00741327e+00    2.00741327e+00
 9.68776581e+02   1.03461505e+01    1.03425000e+01    2.00729582e+00    2.00729582e+00
 9.69577182e+02   1.03494375e+01    1.03465000e+01    2.00717844e+00    2.00717844e+00
 9.70377782e+02   1.03458055e+01    1.03425000e+01    2.00706096e+00    2.00706096e+00
 9.71178383e+02   1.03536597e+01    1.03505000e+01    2.00694374e+00    2.00694374e+00
 9.71978983e+02   1.03460963e+01    1.03425000e+01    2.00682633e+00    2.00682632e+00
 9.72779584e+02   1.03380933e+01    1.03345000e+01    2.00670901e+00    2.00670901e+00
 9.73580184e+02   1.03417975e+01    1.03385000e+01    2.00659167e+00    2.00659167e+00
 9.74380785e+02   1.03418021e+01    1.03385000e+01    2.00647448e+00    2.00647448e+00
 9.75181385e+02   1.03422238e+01    1.03385000e+01    2.00635722e+00    2.00635722e+00
 9.75981986e+02   1.03419518e+01    1.03385000e+01    2.00623999e+00    2.00623999e+00
 9.76782586e+02   1.03377985e+01    1.03345000e+01    2.00612273e+00    2.00612273e+00
 9.77583187e+02   1.03338702e+01    1.03305000e+01    2.00600560e+00    2.00600560e+00
 9.78383787e+02   1.03376774e+01    1.03345000e+01    2.00588844e+00    2.00588844e+00
 9.79184388e+02   1.03300946e+01    1.03265000e+01    2.00577127e+00    2.00577127e+00
 9.79984988e+02   1.03337740e+01    1.03305000e+01    2.00565414e+00    2.00565414e+00
 9.80785588e+02   1.03341829e+01    1.03305000e+01    2.00553712e+00    2.00553712e+00
 9.81586189e+02   1.03302193e+01    1.03265000e+01    2.00542002e+00    2.00542002e+00
 9.82386789e+02   1.03261045e+01    1.03225000e+01    2.00530295e+00    2.00530295e+00
 9.83187390e+02   1.03301189e+01    1.03265000e+01    2.00518594e+00    2.00518594e+00
 9.83987990e+02   1.03259455e+01    1.03225000e+01    2.00506894e+00    2.00506894e+00
 9.84788591e+02   1.03261822e+01    1.03225000e+01    2.00495197e+00    2.00495197e+00
 9.85589191e+02   1.03262551e+01    1.03225000e+01    2.00483500e+00    2.00483500e+00
 9.86389792e+02   1.03215269e+01    1.03185000e+01    2.00471806e+00    2.00471806e+00
 9.87190392e+02   1.03214984e+01    1.03185000e+01    2.00460115e+00    2.00460115e+00
 9.87990993e+02   1.03221985e+01    1.03185000e+01    2.00448429e+00    2.00448429e+00
 9.88791593e+02   1.03216562e+01    1.03185000e+01    2.00436734e+00    2.00436734e+00
 9.89592194e+02   1.03219987e+01    1.03185000e+01    2.00425061e+00    2.00425060e+00
 9.90392794e+02   1.03216250e+01    1.03185000e+01    2.00413375e+00    2.00413375e+00
 9.91193395e+02   1.03099508e+01    1.03065000e+01    2.00401695e+00    2.00401695e+00
 9.91993995e+02   1.03176170e+01    1.03145000e+01    2.00390013e+00    2.00390013e+00
 9.92794596e+02   1.03174676e+01    1.03145000e+01    2.00378349e+00    2.00378349e+00
 9.93595196e+02   1.03174560e+01    1.03145000e+01    2.00366673e+00    2.00366673e+00
 9.94395797e+02   1.03215731e+01    1.03185000e+01    2.00355010e+00    2.00355010e+00
 9.95196397e+02   1.03095549e+01    1.03065000e+01    2.00343331e+00    2.00343331e+00
 9.95996998e+02   1.03097556e+01    1.03065000e+01    2.00331676e+00    2.00331676e+00
 9.96797598e+02   1.03101898e+01    1.03065000e+01    2.00320012e+00    2.00320012e+00
 9.97598199e+02   1.03061933e+01    1.03025000e+01    2.00308353e+00    2.00308353e+00
 9.98398799e+02   1.03138846e+01    1.03105000e+01    2.00296695e+00    2.00296695e+00
 9.99199400e+02   1.03103373e+01    1.03065000e+01    2.00285047e+00    2.00285047e+00
 1.00000000e+03   1.03060761e+01    1.03025000e+01    2.00273390e+00    2.00273390e+00
