           R_km         P_MeV/fm3         M_M_solar   Energy Density (ε)
 1.50000000e-02    1.49999794e+02    6.14132253e-09    8.63810868e+17
 2.00000000e-02    1.49999507e+02    1.45572020e-08    8.63809597e+17
 2.50000000e-02    1.49999137e+02    2.84320166e-08    8.63808643e+17
 3.00000000e-02    1.49998684e+02    4.91304852e-08    8.63807478e+17
 3.50000000e-02    1.49998150e+02    7.80173164e-08    8.63806101e+17
 4.00000000e-02    1.49997533e+02    1.16457207e-07    8.63804512e+17
 4.50000000e-02    1.49996835e+02    1.65814839e-07    8.63802711e+17
 5.00000000e-02    1.49996054e+02    2.27454880e-07    8.63800698e+17
 5.50000000e-02    1.49995190e+02    3.02741978e-07    8.63798474e+17
 6.00000000e-02    1.49994245e+02    3.93040761e-07    8.63796037e+17
 6.50000000e-02    1.49993217e+02    4.99715835e-07    8.63793389e+17
 7.00000000e-02    1.49992107e+02    6.24131783e-07    8.63790529e+17
 7.50000000e-02    1.49990915e+02    7.67653161e-07    8.63787457e+17
 8.00000000e-02    1.49989641e+02    9.31644497e-07    8.63784173e+17
 8.50000000e-02    1.49988285e+02    1.11747029e-06    8.63780677e+17
 9.00000000e-02    1.49986846e+02    1.32649500e-06    8.63776970e+17
 9.50000000e-02    1.49985325e+02    1.56008306e-06    8.63773050e+17
 1.00000000e-01    1.49983722e+02    1.81959888e-06    8.63768919e+17
 1.05000000e-01    1.49982037e+02    2.10640680e-06    8.63764576e+17
 1.10000000e-01    1.49980269e+02    2.42187114e-06    8.63760021e+17
 1.15000000e-01    1.49978420e+02    2.76735618e-06    8.63755254e+17
 1.20000000e-01    1.49976488e+02    3.14422614e-06    8.63750276e+17
 1.25000000e-01    1.49974474e+02    3.55384522e-06    8.63745085e+17
 1.30000000e-01    1.49972378e+02    3.99757755e-06    8.63739683e+17
 1.35000000e-01    1.49970199e+02    4.47678721e-06    8.63734069e+17
 1.40000000e-01    1.49967939e+02    4.99283825e-06    8.63728244e+17
 1.45000000e-01    1.49965596e+02    5.54709463e-06    8.63722206e+17
 1.50000000e-01    1.49963171e+02    6.14092028e-06    8.63715957e+17
 1.55000000e-01    1.49960664e+02    6.77567908e-06    8.63709496e+17
 1.60000000e-01    1.49958075e+02    7.45273481e-06    8.63702823e+17
 1.65000000e-01    1.49955404e+02    8.17345123e-06    8.63695938e+17
 1.70000000e-01    1.49952650e+02    8.93919202e-06    8.63688841e+17
 1.75000000e-01    1.49949814e+02    9.75132078e-06    8.63681533e+17
 1.80000000e-01    1.49946896e+02    1.06112011e-05    8.63674013e+17
 1.85000000e-01    1.49943896e+02    1.15201963e-05    8.63666281e+17
 1.90000000e-01    1.49940814e+02    1.24796700e-05    8.63658338e+17
 1.95000000e-01    1.49937650e+02    1.34909854e-05    8.63650183e+17
 2.00000000e-01    1.49934403e+02    1.45555058e-05    8.63641816e+17
 2.05000000e-01    1.49931075e+02    1.56745943e-05    8.63633237e+17
 2.10000000e-01    1.49927664e+02    1.68496141e-05    8.63624447e+17
 2.15000000e-01    1.49924171e+02    1.80819281e-05    8.63615445e+17
 2.20000000e-01    1.49920596e+02    1.93728993e-05    8.63606231e+17
 2.25000000e-01    1.49916939e+02    2.07238905e-05    8.63596805e+17
 2.30000000e-01    1.49913200e+02    2.21362644e-05    8.63587168e+17
 2.35000000e-01    1.49909379e+02    2.36113838e-05    8.63577319e+17
 2.40000000e-01    1.49905475e+02    2.51506112e-05    8.63567259e+17
 2.45000000e-01    1.49901490e+02    2.67553091e-05    8.63556986e+17
 2.50000000e-01    1.49897422e+02    2.84268398e-05    8.63546503e+17
 2.55000000e-01    1.49893272e+02    3.01665656e-05    8.63535807e+17
 2.60000000e-01    1.49889040e+02    3.19758487e-05    8.63524900e+17
 2.65000000e-01    1.49884726e+02    3.38560513e-05    8.63513781e+17
 2.70000000e-01    1.49880330e+02    3.58085351e-05    8.63502451e+17
 2.75000000e-01    1.49875852e+02    3.78346622e-05    8.63490909e+17
 2.80000000e-01    1.49871292e+02    3.99357943e-05    8.63479155e+17
 2.85000000e-01    1.49866650e+02    4.21132930e-05    8.63467190e+17
 2.90000000e-01    1.49861926e+02    4.43685199e-05    8.63455014e+17
 2.95000000e-01    1.49857119e+02    4.67028364e-05    8.63442625e+17
 3.00000000e-01    1.49852231e+02    4.91176037e-05    8.63430025e+17
 3.05000000e-01    1.49847261e+02    5.16141831e-05    8.63417214e+17
 3.10000000e-01    1.49842208e+02    5.41939357e-05    8.63404191e+17
 3.15000000e-01    1.49837074e+02    5.68582224e-05    8.63390957e+17
 3.20000000e-01    1.49831857e+02    5.96084039e-05    8.63377511e+17
 3.25000000e-01    1.49826559e+02    6.24458411e-05    8.63363853e+17
 3.30000000e-01    1.49821178e+02    6.53718944e-05    8.63349984e+17
 3.35000000e-01    1.49815716e+02    6.83879243e-05    8.63335904e+17
 3.40000000e-01    1.49810171e+02    7.14952911e-05    8.63321612e+17
 3.45000000e-01    1.49804545e+02    7.46953549e-05    8.63307109e+17
 3.50000000e-01    1.49798836e+02    7.79894759e-05    8.63292394e+17
 3.55000000e-01    1.49793046e+02    8.13790138e-05    8.63277468e+17
 3.60000000e-01    1.49787173e+02    8.48653285e-05    8.63262330e+17
 3.65000000e-01    1.49781219e+02    8.84497796e-05    8.63246981e+17
 3.70000000e-01    1.49775182e+02    9.21337264e-05    8.63231421e+17
 3.75000000e-01    1.49769064e+02    9.59185284e-05    8.63215649e+17
 3.80000000e-01    1.49762864e+02    9.98055447e-05    8.63199666e+17
 3.85000000e-01    1.49756581e+02    1.03796134e-04    8.63183471e+17
 3.90000000e-01    1.49750217e+02    1.07891656e-04    8.63167065e+17
 3.95000000e-01    1.49743771e+02    1.12093469e-04    8.63150448e+17
 4.00000000e-01    1.49737243e+02    1.16402931e-04    8.63133620e+17
 4.05000000e-01    1.49730633e+02    1.20821401e-04    8.63116580e+17
 4.10000000e-01    1.49723942e+02    1.25350237e-04    8.63099329e+17
 4.15000000e-01    1.49717168e+02    1.29990798e-04    8.63081867e+17
 4.20000000e-01    1.49710312e+02    1.34744440e-04    8.63064193e+17
 4.25000000e-01    1.49703375e+02    1.39612522e-04    8.63046309e+17
 4.30000000e-01    1.49696356e+02    1.44596402e-04    8.63028213e+17
 4.35000000e-01    1.49689254e+02    1.49697437e-04    8.63009906e+17
 4.40000000e-01    1.49682071e+02    1.54916983e-04    8.62991387e+17
 4.45000000e-01    1.49674806e+02    1.60256399e-04    8.62972658e+17
 4.50000000e-01    1.49667460e+02    1.65717041e-04    8.62953717e+17
 4.55000000e-01    1.49660031e+02    1.71300265e-04    8.62934565e+17
 4.60000000e-01    1.49652521e+02    1.77007429e-04    8.62915202e+17
 4.65000000e-01    1.49644929e+02    1.82839888e-04    8.62895628e+17
 4.70000000e-01    1.49637255e+02    1.88798999e-04    8.62875843e+17
 4.75000000e-01    1.49629499e+02    1.94886118e-04    8.62855847e+17
 4.80000000e-01    1.49621661e+02    2.01102600e-04    8.62835640e+17
 4.85000000e-01    1.49613742e+02    2.07449801e-04    8.62815221e+17
 4.90000000e-01    1.49605741e+02    2.13929077e-04    8.62794592e+17
 4.95000000e-01    1.49597658e+02    2.20541783e-04    8.62773752e+17
 5.00000000e-01    1.49589494e+02    2.27289273e-04    8.62752700e+17
 5.05000000e-01    1.49581247e+02    2.34172903e-04    8.62731438e+17
 5.10000000e-01    1.49572919e+02    2.41194027e-04    8.62709965e+17
 5.15000000e-01    1.49564510e+02    2.48353999e-04    8.62688281e+17
 5.20000000e-01    1.49556018e+02    2.55654175e-04    8.62666386e+17
 5.25000000e-01    1.49547445e+02    2.63095907e-04    8.62644280e+17
 5.30000000e-01    1.49538790e+02    2.70680550e-04    8.62621963e+17
 5.35000000e-01    1.49530054e+02    2.78409456e-04    8.62599435e+17
 5.40000000e-01    1.49521236e+02    2.86283981e-04    8.62576697e+17
 5.45000000e-01    1.49512336e+02    2.94305476e-04    8.62553747e+17
 5.50000000e-01    1.49503354e+02    3.02475294e-04    8.62530587e+17
 5.55000000e-01    1.49494291e+02    3.10794789e-04    8.62507216e+17
 5.60000000e-01    1.49485146e+02    3.19265313e-04    8.62483635e+17
 5.65000000e-01    1.49475920e+02    3.27888218e-04    8.62459842e+17
 5.70000000e-01    1.49466612e+02    3.36664857e-04    8.62435839e+17
 5.75000000e-01    1.49457222e+02    3.45596580e-04    8.62411625e+17
 5.80000000e-01    1.49447751e+02    3.54684740e-04    8.62387201e+17
 5.85000000e-01    1.49438199e+02    3.63930688e-04    8.62362566e+17
 5.90000000e-01    1.49428564e+02    3.73335775e-04    8.62337720e+17
 5.95000000e-01    1.49418849e+02    3.82901352e-04    8.62312663e+17
 6.00000000e-01    1.49409051e+02    3.92628770e-04    8.62287396e+17
 6.05000000e-01    1.49399172e+02    4.02519379e-04    8.62261919e+17
 6.10000000e-01    1.49389212e+02    4.12574529e-04    8.62236231e+17
 6.15000000e-01    1.49379170e+02    4.22795571e-04    8.62210332e+17
 6.20000000e-01    1.49369047e+02    4.33183853e-04    8.62184223e+17
 6.25000000e-01    1.49358842e+02    4.43740726e-04    8.62157903e+17
 6.30000000e-01    1.49348555e+02    4.54467539e-04    8.62131373e+17
 6.35000000e-01    1.49338188e+02    4.65365641e-04    8.62104633e+17
 6.40000000e-01    1.49327738e+02    4.76436380e-04    8.62077682e+17
 6.45000000e-01    1.49317208e+02    4.87681105e-04    8.62050520e+17
 6.50000000e-01    1.49306596e+02    4.99101164e-04    8.62023149e+17
 6.55000000e-01    1.49295902e+02    5.10697905e-04    8.61995567e+17
 6.60000000e-01    1.49285127e+02    5.22472675e-04    8.61967774e+17
 6.65000000e-01    1.49274271e+02    5.34426823e-04    8.61939771e+17
 6.70000000e-01    1.49263333e+02    5.46561695e-04    8.61911558e+17
 6.75000000e-01    1.49252314e+02    5.58878638e-04    8.61883135e+17
 6.80000000e-01    1.49241214e+02    5.71378999e-04    8.61854502e+17
 6.85000000e-01    1.49230032e+02    5.84064124e-04    8.61825658e+17
 6.90000000e-01    1.49218769e+02    5.96935360e-04    8.61796604e+17
 6.95000000e-01    1.49207425e+02    6.09994051e-04    8.61767340e+17
 7.00000000e-01    1.49196000e+02    6.23241544e-04    8.61737866e+17
 7.05000000e-01    1.49184493e+02    6.36679184e-04    8.61708182e+17
 7.10000000e-01    1.49172905e+02    6.50308316e-04    8.61678288e+17
 7.15000000e-01    1.49161235e+02    6.64130285e-04    8.61648183e+17
 7.20000000e-01    1.49149485e+02    6.78146434e-04    8.61617869e+17
 7.25000000e-01    1.49137653e+02    6.92358109e-04    8.61587345e+17
 7.30000000e-01    1.49125740e+02    7.06766653e-04    8.61556610e+17
 7.35000000e-01    1.49113745e+02    7.21373409e-04    8.61525666e+17
 7.40000000e-01    1.49101670e+02    7.36179721e-04    8.61494512e+17
 7.45000000e-01    1.49089513e+02    7.51186932e-04    8.61463147e+17
 7.50000000e-01    1.49077276e+02    7.66396384e-04    8.61431573e+17
 7.55000000e-01    1.49064957e+02    7.81809420e-04    8.61399790e+17
 7.60000000e-01    1.49052557e+02    7.97427382e-04    8.61367796e+17
 7.65000000e-01    1.49040076e+02    8.13251612e-04    8.61335592e+17
 7.70000000e-01    1.49027513e+02    8.29283451e-04    8.61303179e+17
 7.75000000e-01    1.49014870e+02    8.45524240e-04    8.61270556e+17
 7.80000000e-01    1.49002146e+02    8.61975321e-04    8.61237723e+17
 7.85000000e-01    1.48989340e+02    8.78638033e-04    8.61204681e+17
 7.90000000e-01    1.48976454e+02    8.95513718e-04    8.61171429e+17
 7.95000000e-01    1.48963486e+02    9.12603714e-04    8.61137967e+17
 8.00000000e-01    1.48950438e+02    9.29909362e-04    8.61104296e+17
 8.05000000e-01    1.48937308e+02    9.47432001e-04    8.61070415e+17
 8.10000000e-01    1.48924098e+02    9.65172970e-04    8.61036325e+17
 8.15000000e-01    1.48910807e+02    9.83133608e-04    8.61002025e+17
 8.20000000e-01    1.48897434e+02    1.00131525e-03    8.60967516e+17
 8.25000000e-01    1.48883981e+02    1.01971924e-03    8.60932797e+17
 8.30000000e-01    1.48870447e+02    1.03834691e-03    8.60897869e+17
 8.35000000e-01    1.48856832e+02    1.05719961e-03    8.60862731e+17
 8.40000000e-01    1.48843136e+02    1.07627866e-03    8.60827384e+17
 8.45000000e-01    1.48829359e+02    1.09558540e-03    8.60791828e+17
 8.50000000e-01    1.48815501e+02    1.11512117e-03    8.60756062e+17
 8.55000000e-01    1.48801562e+02    1.13488731e-03    8.60720087e+17
 8.60000000e-01    1.48787543e+02    1.15488515e-03    8.60683903e+17
 8.65000000e-01    1.48773443e+02    1.17511603e-03    8.60647510e+17
 8.70000000e-01    1.48759262e+02    1.19558128e-03    8.60610907e+17
 8.75000000e-01    1.48745000e+02    1.21628224e-03    8.60574096e+17
 8.80000000e-01    1.48730658e+02    1.23722024e-03    8.60537075e+17
 8.85000000e-01    1.48716234e+02    1.25839661e-03    8.60499845e+17
 8.90000000e-01    1.48701730e+02    1.27981269e-03    8.60462406e+17
 8.95000000e-01    1.48687146e+02    1.30146982e-03    8.60424758e+17
 9.00000000e-01    1.48672480e+02    1.32336932e-03    8.60386901e+17
 9.05000000e-01    1.48657734e+02    1.34551253e-03    8.60348835e+17
 9.10000000e-01    1.48642908e+02    1.36790077e-03    8.60310560e+17
 9.15000000e-01    1.48628000e+02    1.39053539e-03    8.60272077e+17
 9.20000000e-01    1.48613013e+02    1.41341771e-03    8.60233384e+17
 9.25000000e-01    1.48597944e+02    1.43654907e-03    8.60194482e+17
 9.30000000e-01    1.48582795e+02    1.45993079e-03    8.60155372e+17
 9.35000000e-01    1.48567565e+02    1.48356421e-03    8.60116053e+17
 9.40000000e-01    1.48552255e+02    1.50745065e-03    8.60076525e+17
 9.45000000e-01    1.48536864e+02    1.53159145e-03    8.60036789e+17
 9.50000000e-01    1.48521393e+02    1.55598793e-03    8.59996844e+17
 9.55000000e-01    1.48505841e+02    1.58064143e-03    8.59956690e+17
 9.60000000e-01    1.48490209e+02    1.60555326e-03    8.59916328e+17
 9.65000000e-01    1.48474496e+02    1.63072477e-03    8.59875757e+17
 9.70000000e-01    1.48458703e+02    1.65615728e-03    8.59834977e+17
 9.75000000e-01    1.48442830e+02    1.68185211e-03    8.59793989e+17
 9.80000000e-01    1.48426876e+02    1.70781059e-03    8.59752793e+17
 9.85000000e-01    1.48410841e+02    1.73403405e-03    8.59711388e+17
 9.90000000e-01    1.48394727e+02    1.76052382e-03    8.59669775e+17
 9.95000000e-01    1.48378532e+02    1.78728121e-03    8.59627953e+17
 1.00000000e+00    1.48362256e+02    1.81430757e-03    8.59585923e+17
 1.00500000e+00    1.48345900e+02    1.84160420e-03    8.59543685e+17
 1.01000000e+00    1.48329464e+02    1.86917244e-03    8.59501239e+17
 1.01500000e+00    1.48312948e+02    1.89701361e-03    8.59458584e+17
 1.02000000e+00    1.48296352e+02    1.92512904e-03    8.59415721e+17
 1.02500000e+00    1.48279675e+02    1.95352004e-03    8.59372650e+17
 1.03000000e+00    1.48262918e+02    1.98218794e-03    8.59329371e+17
 1.03500000e+00    1.48246081e+02    2.01113407e-03    8.59285884e+17
 1.04000000e+00    1.48229163e+02    2.04035974e-03    8.59242189e+17
 1.04500000e+00    1.48212166e+02    2.06986628e-03    8.59198286e+17
 1.05000000e+00    1.48195088e+02    2.09965501e-03    8.59154175e+17
 1.05500000e+00    1.48177931e+02    2.12972724e-03    8.59109856e+17
 1.06000000e+00    1.48160693e+02    2.16008431e-03    8.59065329e+17
 1.06500000e+00    1.48143375e+02    2.19072753e-03    8.59020594e+17
 1.07000000e+00    1.48125977e+02    2.22165822e-03    8.58975651e+17
 1.07500000e+00    1.48108499e+02    2.25287770e-03    8.58930501e+17
 1.08000000e+00    1.48090941e+02    2.28438728e-03    8.58885143e+17
 1.08500000e+00    1.48073303e+02    2.31618830e-03    8.58839577e+17
 1.09000000e+00    1.48055585e+02    2.34828206e-03    8.58793803e+17
 1.09500000e+00    1.48037787e+02    2.38066988e-03    8.58747822e+17
 1.10000000e+00    1.48019909e+02    2.41335308e-03    8.58701634e+17
 1.10500000e+00    1.48001951e+02    2.44633298e-03    8.58655238e+17
 1.11000000e+00    1.47983913e+02    2.47961089e-03    8.58608634e+17
 1.11500000e+00    1.47965796e+02    2.51318813e-03    8.58561823e+17
 1.12000000e+00    1.47947598e+02    2.54706602e-03    8.58514804e+17
 1.12500000e+00    1.47929321e+02    2.58124586e-03    8.58467578e+17
 1.13000000e+00    1.47910964e+02    2.61572898e-03    8.58420145e+17
 1.13500000e+00    1.47892527e+02    2.65051668e-03    8.58372504e+17
 1.14000000e+00    1.47874011e+02    2.68561029e-03    8.58324656e+17
 1.14500000e+00    1.47855414e+02    2.72101112e-03    8.58276601e+17
 1.15000000e+00    1.47836738e+02    2.75672047e-03    8.58228339e+17
 1.15500000e+00    1.47817982e+02    2.79273966e-03    8.58179869e+17
 1.16000000e+00    1.47799147e+02    2.82907000e-03    8.58131193e+17
 1.16500000e+00    1.47780232e+02    2.86571281e-03    8.58082309e+17
 1.17000000e+00    1.47761237e+02    2.90266939e-03    8.58033219e+17
 1.17500000e+00    1.47742163e+02    2.93994105e-03    8.57983921e+17
 1.18000000e+00    1.47723009e+02    2.97752911e-03    8.57934416e+17
 1.18500000e+00    1.47703775e+02    3.01543488e-03    8.57884705e+17
 1.19000000e+00    1.47684462e+02    3.05365966e-03    8.57834787e+17
 1.19500000e+00    1.47665070e+02    3.09220476e-03    8.57784662e+17
 1.20000000e+00    1.47645597e+02    3.13107149e-03    8.57734330e+17
 1.20500000e+00    1.47626046e+02    3.17026116e-03    8.57683791e+17
 1.21000000e+00    1.47606415e+02    3.20977508e-03    8.57633046e+17
 1.21500000e+00    1.47586704e+02    3.24961455e-03    8.57582094e+17
 1.22000000e+00    1.47566914e+02    3.28978087e-03    8.57530935e+17
 1.22500000e+00    1.47547045e+02    3.33027536e-03    8.57479570e+17
 1.23000000e+00    1.47527097e+02    3.37109932e-03    8.57427999e+17
 1.23500000e+00    1.47507069e+02    3.41225406e-03    8.57376220e+17
 1.24000000e+00    1.47486961e+02    3.45374087e-03    8.57324236e+17
 1.24500000e+00    1.47466775e+02    3.49556107e-03    8.57272045e+17
 1.25000000e+00    1.47446509e+02    3.53771596e-03    8.57219648e+17
 1.25500000e+00    1.47426164e+02    3.58020683e-03    8.57167044e+17
 1.26000000e+00    1.47405739e+02    3.62303499e-03    8.57114234e+17
 1.26500000e+00    1.47385236e+02    3.66620175e-03    8.57061218e+17
 1.27000000e+00    1.47364653e+02    3.70970840e-03    8.57007996e+17
 1.27500000e+00    1.47343991e+02    3.75355625e-03    8.56954568e+17
 1.28000000e+00    1.47323250e+02    3.79774660e-03    8.56900933e+17
 1.28500000e+00    1.47302430e+02    3.84228074e-03    8.56847093e+17
 1.29000000e+00    1.47281531e+02    3.88715998e-03    8.56793047e+17
 1.29500000e+00    1.47260552e+02    3.93238561e-03    8.56738794e+17
 1.30000000e+00    1.47239495e+02    3.97795893e-03    8.56684336e+17
 1.30500000e+00    1.47218359e+02    4.02388125e-03    8.56629672e+17
 1.31000000e+00    1.47197143e+02    4.07015385e-03    8.56574802e+17
 1.31500000e+00    1.47175849e+02    4.11677804e-03    8.56519726e+17
 1.32000000e+00    1.47154476e+02    4.16375512e-03    8.56464445e+17
 1.32500000e+00    1.47133024e+02    4.21108637e-03    8.56408958e+17
 1.33000000e+00    1.47111493e+02    4.25877309e-03    8.56353265e+17
 1.33500000e+00    1.47089883e+02    4.30681658e-03    8.56297367e+17
 1.34000000e+00    1.47068194e+02    4.35521813e-03    8.56241263e+17
 1.34500000e+00    1.47046427e+02    4.40397904e-03    8.56184954e+17
 1.35000000e+00    1.47024580e+02    4.45310059e-03    8.56128439e+17
 1.35500000e+00    1.47002655e+02    4.50258409e-03    8.56071719e+17
 1.36000000e+00    1.46980651e+02    4.55243082e-03    8.56014794e+17
 1.36500000e+00    1.46958569e+02    4.60264208e-03    8.55957663e+17
 1.37000000e+00    1.46936408e+02    4.65321916e-03    8.55900327e+17
 1.37500000e+00    1.46914168e+02    4.70416334e-03    8.55842786e+17
 1.38000000e+00    1.46891849e+02    4.75547592e-03    8.55785039e+17
 1.38500000e+00    1.46869452e+02    4.80715819e-03    8.55727088e+17
 1.39000000e+00    1.46846976e+02    4.85921143e-03    8.55668931e+17
 1.39500000e+00    1.46824422e+02    4.91163694e-03    8.55610570e+17
 1.40000000e+00    1.46801789e+02    4.96443600e-03    8.55552004e+17
 1.40500000e+00    1.46779078e+02    5.01760990e-03    8.55493232e+17
 1.41000000e+00    1.46756288e+02    5.07115992e-03    8.55434256e+17
 1.41500000e+00    1.46733420e+02    5.12508736e-03    8.55375075e+17
 1.42000000e+00    1.46710473e+02    5.17939350e-03    8.55315689e+17
 1.42500000e+00    1.46687448e+02    5.23407962e-03    8.55256099e+17
 1.43000000e+00    1.46664345e+02    5.28914701e-03    8.55196303e+17
 1.43500000e+00    1.46641163e+02    5.34459695e-03    8.55136303e+17
 1.44000000e+00    1.46617903e+02    5.40043073e-03    8.55076099e+17
 1.44500000e+00    1.46594564e+02    5.45664963e-03    8.55015690e+17
 1.45000000e+00    1.46571148e+02    5.51325493e-03    8.54955077e+17
 1.45500000e+00    1.46547653e+02    5.57024791e-03    8.54894259e+17
 1.46000000e+00    1.46524080e+02    5.62762985e-03    8.54833237e+17
 1.46500000e+00    1.46500428e+02    5.68540204e-03    8.54772010e+17
 1.47000000e+00    1.46476699e+02    5.74356576e-03    8.54710580e+17
 1.47500000e+00    1.46452891e+02    5.80212228e-03    8.54648945e+17
 1.48000000e+00    1.46429006e+02    5.86107288e-03    8.54587106e+17
 1.48500000e+00    1.46405042e+02    5.92041885e-03    8.54525063e+17
 1.49000000e+00    1.46381000e+02    5.98016145e-03    8.54462815e+17
 1.49500000e+00    1.46356880e+02    6.04030198e-03    8.54400364e+17
 1.50000000e+00    1.46332682e+02    6.10084169e-03    8.54337709e+17
 1.50500000e+00    1.46308407e+02    6.16178188e-03    8.54274850e+17
 1.51000000e+00    1.46284053e+02    6.22312381e-03    8.54211787e+17
 1.51500000e+00    1.46259621e+02    6.28486876e-03    8.54148520e+17
 1.52000000e+00    1.46235112e+02    6.34701801e-03    8.54085049e+17
 1.52500000e+00    1.46210524e+02    6.40957282e-03    8.54021375e+17
 1.53000000e+00    1.46185859e+02    6.47253448e-03    8.53957497e+17
 1.53500000e+00    1.46161116e+02    6.53590425e-03    8.53893416e+17
 1.54000000e+00    1.46136295e+02    6.59968340e-03    8.53829131e+17
 1.54500000e+00    1.46111397e+02    6.66387322e-03    8.53764642e+17
 1.55000000e+00    1.46086421e+02    6.72847496e-03    8.53699950e+17
 1.55500000e+00    1.46061367e+02    6.79348990e-03    8.53635055e+17
 1.56000000e+00    1.46036235e+02    6.85891930e-03    8.53569956e+17
 1.56500000e+00    1.46011026e+02    6.92476445e-03    8.53504654e+17
 1.57000000e+00    1.45985739e+02    6.99102659e-03    8.53439149e+17
 1.57500000e+00    1.45960375e+02    7.05770701e-03    8.53373441e+17
 1.58000000e+00    1.45934933e+02    7.12480697e-03    8.53307530e+17
 1.58500000e+00    1.45909414e+02    7.19232774e-03    8.53241415e+17
 1.59000000e+00    1.45883817e+02    7.26027058e-03    8.53175098e+17
 1.59500000e+00    1.45858142e+02    7.32863676e-03    8.53108577e+17
 1.60000000e+00    1.45832391e+02    7.39742754e-03    8.53041854e+17
 1.60500000e+00    1.45806562e+02    7.46664418e-03    8.52974928e+17
 1.61000000e+00    1.45780655e+02    7.53628796e-03    8.52907799e+17
 1.61500000e+00    1.45754671e+02    7.60636013e-03    8.52840467e+17
 1.62000000e+00    1.45728610e+02    7.67686195e-03    8.52772933e+17
 1.62500000e+00    1.45702472e+02    7.74779469e-03    8.52705196e+17
 1.63000000e+00    1.45676256e+02    7.81915960e-03    8.52637257e+17
 1.63500000e+00    1.45649963e+02    7.89095796e-03    8.52569115e+17
 1.64000000e+00    1.45623593e+02    7.96319101e-03    8.52500771e+17
 1.64500000e+00    1.45597146e+02    8.03586002e-03    8.52432224e+17
 1.65000000e+00    1.45570622e+02    8.10896624e-03    8.52363475e+17
 1.65500000e+00    1.45544021e+02    8.18251093e-03    8.52294524e+17
 1.66000000e+00    1.45517342e+02    8.25649536e-03    8.52225370e+17
 1.66500000e+00    1.45490587e+02    8.33092077e-03    8.52156014e+17
 1.67000000e+00    1.45463754e+02    8.40578842e-03    8.52086457e+17
 1.67500000e+00    1.45436845e+02    8.48109957e-03    8.52016697e+17
 1.68000000e+00    1.45409859e+02    8.55685547e-03    8.51946735e+17
 1.68500000e+00    1.45382795e+02    8.63305738e-03    8.51876571e+17
 1.69000000e+00    1.45355655e+02    8.70970654e-03    8.51806206e+17
 1.69500000e+00    1.45328438e+02    8.78680422e-03    8.51735638e+17
 1.70000000e+00    1.45301145e+02    8.86435166e-03    8.51664869e+17
 1.70500000e+00    1.45273774e+02    8.94235012e-03    8.51593898e+17
 1.71000000e+00    1.45246327e+02    9.02080084e-03    8.51522726e+17
 1.71500000e+00    1.45218803e+02    9.09970508e-03    8.51451352e+17
 1.72000000e+00    1.45191202e+02    9.17906408e-03    8.51379776e+17
 1.72500000e+00    1.45163525e+02    9.25887910e-03    8.51307999e+17
 1.73000000e+00    1.45135771e+02    9.33915137e-03    8.51236021e+17
 1.73500000e+00    1.45107940e+02    9.41988216e-03    8.51163841e+17
 1.74000000e+00    1.45080033e+02    9.50107270e-03    8.51091460e+17
 1.74500000e+00    1.45052050e+02    9.58272425e-03    8.51018878e+17
 1.75000000e+00    1.45023989e+02    9.66483804e-03    8.50946094e+17
 1.75500000e+00    1.44995853e+02    9.74741532e-03    8.50873110e+17
 1.76000000e+00    1.44967640e+02    9.83045734e-03    8.50799924e+17
 1.76500000e+00    1.44939350e+02    9.91396534e-03    8.50726538e+17
 1.77000000e+00    1.44910985e+02    9.99794056e-03    8.50652950e+17
 1.77500000e+00    1.44882543e+02    1.00823842e-02    8.50579162e+17
 1.78000000e+00    1.44854024e+02    1.01672976e-02    8.50505173e+17
 1.78500000e+00    1.44825429e+02    1.02526820e-02    8.50430983e+17
 1.79000000e+00    1.44796759e+02    1.03385385e-02    8.50356593e+17
 1.79500000e+00    1.44768011e+02    1.04248684e-02    8.50282002e+17
 1.80000000e+00    1.44739188e+02    1.05116730e-02    8.50207210e+17
 1.80500000e+00    1.44710289e+02    1.05989535e-02    8.50132218e+17
 1.81000000e+00    1.44681313e+02    1.06867112e-02    8.50057025e+17
 1.81500000e+00    1.44652262e+02    1.07749472e-02    8.49981632e+17
 1.82000000e+00    1.44623134e+02    1.08636628e-02    8.49906039e+17
 1.82500000e+00    1.44593931e+02    1.09528593e-02    8.49830246e+17
 1.83000000e+00    1.44564651e+02    1.10425379e-02    8.49754252e+17
 1.83500000e+00    1.44535295e+02    1.11326998e-02    8.49678058e+17
 1.84000000e+00    1.44505864e+02    1.12233462e-02    8.49601665e+17
 1.84500000e+00    1.44476357e+02    1.13144784e-02    8.49525071e+17
 1.85000000e+00    1.44446774e+02    1.14060976e-02    8.49448277e+17
 1.85500000e+00    1.44417115e+02    1.14982050e-02    8.49371284e+17
 1.86000000e+00    1.44387380e+02    1.15908020e-02    8.49294090e+17
 1.86500000e+00    1.44357570e+02    1.16838896e-02    8.49216697e+17
 1.87000000e+00    1.44327684e+02    1.17774691e-02    8.49139104e+17
 1.87500000e+00    1.44297722e+02    1.18715419e-02    8.49061312e+17
 1.88000000e+00    1.44267684e+02    1.19661090e-02    8.48983320e+17
 1.88500000e+00    1.44237571e+02    1.20611717e-02    8.48905129e+17
 1.89000000e+00    1.44207383e+02    1.21567312e-02    8.48826738e+17
 1.89500000e+00    1.44177119e+02    1.22527888e-02    8.48748147e+17
 1.90000000e+00    1.44146779e+02    1.23493457e-02    8.48669358e+17
 1.90500000e+00    1.44116364e+02    1.24464031e-02    8.48590369e+17
 1.91000000e+00    1.44085874e+02    1.25439623e-02    8.48511181e+17
 1.91500000e+00    1.44055308e+02    1.26420244e-02    8.48431794e+17
 1.92000000e+00    1.44024667e+02    1.27405907e-02    8.48352208e+17
 1.92500000e+00    1.43993950e+02    1.28396624e-02    8.48272423e+17
 1.93000000e+00    1.43963159e+02    1.29392407e-02    8.48192439e+17
 1.93500000e+00    1.43932292e+02    1.30393268e-02    8.48112256e+17
 1.94000000e+00    1.43901349e+02    1.31399220e-02    8.48031875e+17
 1.94500000e+00    1.43870332e+02    1.32410275e-02    8.47951295e+17
 1.95000000e+00    1.43839240e+02    1.33426444e-02    8.47870516e+17
 1.95500000e+00    1.43808072e+02    1.34447741e-02    8.47789538e+17
 1.96000000e+00    1.43776829e+02    1.35474177e-02    8.47708362e+17
 1.96500000e+00    1.43745511e+02    1.36505764e-02    8.47626988e+17
 1.97000000e+00    1.43714119e+02    1.37542515e-02    8.47545415e+17
 1.97500000e+00    1.43682651e+02    1.38584442e-02    8.47463644e+17
 1.98000000e+00    1.43651108e+02    1.39631556e-02    8.47381674e+17
 1.98500000e+00    1.43619491e+02    1.40683870e-02    8.47299507e+17
 1.99000000e+00    1.43587799e+02    1.41741397e-02    8.47217141e+17
 1.99500000e+00    1.43556031e+02    1.42804147e-02    8.47134577e+17
 2.00000000e+00    1.43524189e+02    1.43872134e-02    8.47051816e+17
 2.00500000e+00    1.43492273e+02    1.44945368e-02    8.46968856e+17
 2.01000000e+00    1.43460281e+02    1.46023864e-02    8.46885698e+17
 2.01500000e+00    1.43428215e+02    1.47107632e-02    8.46802343e+17
 2.02000000e+00    1.43396075e+02    1.48196684e-02    8.46718790e+17
 2.02500000e+00    1.43363859e+02    1.49291033e-02    8.46635039e+17
 2.03000000e+00    1.43331569e+02    1.50390690e-02    8.46551091e+17
 2.03500000e+00    1.43299205e+02    1.51495669e-02    8.46466945e+17
 2.04000000e+00    1.43266766e+02    1.52605980e-02    8.46382602e+17
 2.04500000e+00    1.43234253e+02    1.53721635e-02    8.46298062e+17
 2.05000000e+00    1.43201665e+02    1.54842648e-02    8.46213324e+17
 2.05500000e+00    1.43169003e+02    1.55969029e-02    8.46128389e+17
 2.06000000e+00    1.43136266e+02    1.57100791e-02    8.46043256e+17
 2.06500000e+00    1.43103456e+02    1.58237946e-02    8.45957927e+17
 2.07000000e+00    1.43070571e+02    1.59380506e-02    8.45872401e+17
 2.07500000e+00    1.43037611e+02    1.60528482e-02    8.45786677e+17
 2.08000000e+00    1.43004578e+02    1.61681887e-02    8.45700757e+17
 2.08500000e+00    1.42971470e+02    1.62840733e-02    8.45614640e+17
 2.09000000e+00    1.42938289e+02    1.64005031e-02    8.45528326e+17
 2.09500000e+00    1.42905033e+02    1.65174795e-02    8.45441816e+17
 2.10000000e+00    1.42871703e+02    1.66350034e-02    8.45355108e+17
 2.10500000e+00    1.42838299e+02    1.67530762e-02    8.45268205e+17
 2.11000000e+00    1.42804822e+02    1.68716991e-02    8.45181105e+17
 2.11500000e+00    1.42771270e+02    1.69908731e-02    8.45093808e+17
 2.12000000e+00    1.42737644e+02    1.71105996e-02    8.45006315e+17
 2.12500000e+00    1.42703945e+02    1.72308798e-02    8.44918626e+17
 2.13000000e+00    1.42670172e+02    1.73517147e-02    8.44830741e+17
 2.13500000e+00    1.42636325e+02    1.74731056e-02    8.44742660e+17
 2.14000000e+00    1.42602404e+02    1.75950537e-02    8.44654382e+17
 2.14500000e+00    1.42568409e+02    1.77175601e-02    8.44565909e+17
 2.15000000e+00    1.42534341e+02    1.78406261e-02    8.44477239e+17
 2.15500000e+00    1.42500200e+02    1.79642529e-02    8.44388374e+17
 2.16000000e+00    1.42465984e+02    1.80884415e-02    8.44299313e+17
 2.16500000e+00    1.42431696e+02    1.82131933e-02    8.44210057e+17
 2.17000000e+00    1.42397333e+02    1.83385094e-02    8.44120605e+17
 2.17500000e+00    1.42362897e+02    1.84643909e-02    8.44030957e+17
 2.18000000e+00    1.42328388e+02    1.85908391e-02    8.43941114e+17
 2.18500000e+00    1.42293806e+02    1.87178551e-02    8.43851075e+17
 2.19000000e+00    1.42259150e+02    1.88454401e-02    8.43760841e+17
 2.19500000e+00    1.42224421e+02    1.89735954e-02    8.43670412e+17
 2.20000000e+00    1.42189618e+02    1.91023219e-02    8.43579788e+17
 2.20500000e+00    1.42154742e+02    1.92316211e-02    8.43488969e+17
 2.21000000e+00    1.42119794e+02    1.93614939e-02    8.43397954e+17
 2.21500000e+00    1.42084772e+02    1.94919417e-02    8.43306745e+17
 2.22000000e+00    1.42049676e+02    1.96229655e-02    8.43215341e+17
 2.22500000e+00    1.42014508e+02    1.97545666e-02    8.43123742e+17
 2.23000000e+00    1.41979267e+02    1.98867461e-02    8.43031948e+17
 2.23500000e+00    1.41943953e+02    2.00195052e-02    8.42939959e+17
 2.24000000e+00    1.41908566e+02    2.01528451e-02    8.42847776e+17
 2.24500000e+00    1.41873106e+02    2.02867668e-02    8.42755399e+17
 2.25000000e+00    1.41837573e+02    2.04212717e-02    8.42662827e+17
 2.25500000e+00    1.41801967e+02    2.05563609e-02    8.42570061e+17
 2.26000000e+00    1.41766288e+02    2.06920355e-02    8.42477100e+17
 2.26500000e+00    1.41730537e+02    2.08282967e-02    8.42383945e+17
 2.27000000e+00    1.41694713e+02    2.09651457e-02    8.42290596e+17
 2.27500000e+00    1.41658817e+02    2.11025836e-02    8.42197054e+17
 2.28000000e+00    1.41622847e+02    2.12406117e-02    8.42103317e+17
 2.28500000e+00    1.41586806e+02    2.13792310e-02    8.42009386e+17
 2.29000000e+00    1.41550691e+02    2.15184427e-02    8.41915261e+17
 2.29500000e+00    1.41514504e+02    2.16582481e-02    8.41820943e+17
 2.30000000e+00    1.41478245e+02    2.17986481e-02    8.41726431e+17
 2.30500000e+00    1.41441913e+02    2.19396441e-02    8.41631725e+17
 2.31000000e+00    1.41405509e+02    2.20812372e-02    8.41536826e+17
 2.31500000e+00    1.41369033e+02    2.22234285e-02    8.41441733e+17
 2.32000000e+00    1.41332484e+02    2.23662192e-02    8.41346447e+17
 2.32500000e+00    1.41295863e+02    2.25096105e-02    8.41250967e+17
 2.33000000e+00    1.41259170e+02    2.26536034e-02    8.41155294e+17
 2.33500000e+00    1.41222405e+02    2.27981993e-02    8.41059429e+17
 2.34000000e+00    1.41185567e+02    2.29433991e-02    8.40963370e+17
 2.34500000e+00    1.41148658e+02    2.30892041e-02    8.40867118e+17
 2.35000000e+00    1.41111676e+02    2.32356154e-02    8.40770673e+17
 2.35500000e+00    1.41074622e+02    2.33826342e-02    8.40674035e+17
 2.36000000e+00    1.41037497e+02    2.35302616e-02    8.40577205e+17
 2.36500000e+00    1.41000299e+02    2.36784988e-02    8.40480181e+17
 2.37000000e+00    1.40963030e+02    2.38273469e-02    8.40382965e+17
 2.37500000e+00    1.40925689e+02    2.39768071e-02    8.40285557e+17
 2.38000000e+00    1.40888276e+02    2.41268805e-02    8.40187956e+17
 2.38500000e+00    1.40850791e+02    2.42775682e-02    8.40090163e+17
 2.39000000e+00    1.40813235e+02    2.44288715e-02    8.39992177e+17
 2.39500000e+00    1.40775607e+02    2.45807914e-02    8.39893999e+17
 2.40000000e+00    1.40737907e+02    2.47333291e-02    8.39795629e+17
 2.40500000e+00    1.40700136e+02    2.48864858e-02    8.39697067e+17
 2.41000000e+00    1.40662293e+02    2.50402625e-02    8.39598312e+17
 2.41500000e+00    1.40624379e+02    2.51946605e-02    8.39499366e+17
 2.42000000e+00    1.40586393e+02    2.53496808e-02    8.39400228e+17
 2.42500000e+00    1.40548336e+02    2.55053247e-02    8.39300898e+17
 2.43000000e+00    1.40510207e+02    2.56615931e-02    8.39201377e+17
 2.43500000e+00    1.40472007e+02    2.58184874e-02    8.39101664e+17
 2.44000000e+00    1.40433736e+02    2.59760086e-02    8.39001759e+17
 2.44500000e+00    1.40395394e+02    2.61341578e-02    8.38901663e+17
 2.45000000e+00    1.40356980e+02    2.62929362e-02    8.38801375e+17
 2.45500000e+00    1.40318496e+02    2.64523450e-02    8.38700896e+17
 2.46000000e+00    1.40279940e+02    2.66123851e-02    8.38600226e+17
 2.46500000e+00    1.40241313e+02    2.67730579e-02    8.38499365e+17
 2.47000000e+00    1.40202615e+02    2.69343644e-02    8.38398312e+17
 2.47500000e+00    1.40163847e+02    2.70963058e-02    8.38297069e+17
 2.48000000e+00    1.40125007e+02    2.72588831e-02    8.38195634e+17
 2.48500000e+00    1.40086096e+02    2.74220975e-02    8.38094009e+17
 2.49000000e+00    1.40047115e+02    2.75859502e-02    8.37992193e+17
 2.49500000e+00    1.40008063e+02    2.77504422e-02    8.37890186e+17
 2.50000000e+00    1.39968940e+02    2.79155747e-02    8.37787989e+17
 2.50500000e+00    1.39929746e+02    2.80813488e-02    8.37685601e+17
 2.51000000e+00    1.39890482e+02    2.82477657e-02    8.37583023e+17
 2.51500000e+00    1.39851147e+02    2.84148264e-02    8.37480255e+17
 2.52000000e+00    1.39811741e+02    2.85825321e-02    8.37377296e+17
 2.52500000e+00    1.39772265e+02    2.87508838e-02    8.37274147e+17
 2.53000000e+00    1.39732718e+02    2.89198829e-02    8.37170808e+17
 2.53500000e+00    1.39693101e+02    2.90895302e-02    8.37067279e+17
 2.54000000e+00    1.39653414e+02    2.92598270e-02    8.36963560e+17
 2.54500000e+00    1.39613656e+02    2.94307744e-02    8.36859651e+17
 2.55000000e+00    1.39573828e+02    2.96023735e-02    8.36755552e+17
 2.55500000e+00    1.39533930e+02    2.97746254e-02    8.36651264e+17
 2.56000000e+00    1.39493961e+02    2.99475312e-02    8.36546786e+17
 2.56500000e+00    1.39453923e+02    3.01210920e-02    8.36442118e+17
 2.57000000e+00    1.39413814e+02    3.02953090e-02    8.36337261e+17
 2.57500000e+00    1.39373635e+02    3.04701833e-02    8.36232215e+17
 2.58000000e+00    1.39333386e+02    3.06457159e-02    8.36126980e+17
 2.58500000e+00    1.39293067e+02    3.08219081e-02    8.36021555e+17
 2.59000000e+00    1.39252678e+02    3.09987608e-02    8.35915941e+17
 2.59500000e+00    1.39212219e+02    3.11762752e-02    8.35810138e+17
 2.60000000e+00    1.39171691e+02    3.13544524e-02    8.35704147e+17
 2.60500000e+00    1.39131092e+02    3.15332935e-02    8.35597966e+17
 2.61000000e+00    1.39090424e+02    3.17127996e-02    8.35491597e+17
 2.61500000e+00    1.39049686e+02    3.18929719e-02    8.35385038e+17
 2.62000000e+00    1.39008878e+02    3.20738114e-02    8.35278292e+17
 2.62500000e+00    1.38968001e+02    3.22553192e-02    8.35171357e+17
 2.63000000e+00    1.38927054e+02    3.24374965e-02    8.35064233e+17
 2.63500000e+00    1.38886038e+02    3.26203442e-02    8.34956921e+17
 2.64000000e+00    1.38844952e+02    3.28038636e-02    8.34849421e+17
 2.64500000e+00    1.38803797e+02    3.29880558e-02    8.34741733e+17
 2.65000000e+00    1.38762572e+02    3.31729217e-02    8.34633856e+17
 2.65500000e+00    1.38721278e+02    3.33584626e-02    8.34525792e+17
 2.66000000e+00    1.38679915e+02    3.35446795e-02    8.34417539e+17
 2.66500000e+00    1.38638483e+02    3.37315735e-02    8.34309099e+17
 2.67000000e+00    1.38596981e+02    3.39191457e-02    8.34200471e+17
 2.67500000e+00    1.38555410e+02    3.41073972e-02    8.34091656e+17
 2.68000000e+00    1.38513770e+02    3.42963291e-02    8.33982653e+17
 2.68500000e+00    1.38472061e+02    3.44859425e-02    8.33873462e+17
 2.69000000e+00    1.38430283e+02    3.46762385e-02    8.33764084e+17
 2.69500000e+00    1.38388436e+02    3.48672181e-02    8.33654518e+17
 2.70000000e+00    1.38346520e+02    3.50588825e-02    8.33544766e+17
 2.70500000e+00    1.38304535e+02    3.52512327e-02    8.33434826e+17
 2.71000000e+00    1.38262481e+02    3.54442698e-02    8.33324699e+17
 2.71500000e+00    1.38220359e+02    3.56379949e-02    8.33214386e+17
 2.72000000e+00    1.38178167e+02    3.58324091e-02    8.33103885e+17
 2.72500000e+00    1.38135907e+02    3.60275135e-02    8.32993197e+17
 2.73000000e+00    1.38093579e+02    3.62233091e-02    8.32882323e+17
 2.73500000e+00    1.38051182e+02    3.64197971e-02    8.32771262e+17
 2.74000000e+00    1.38008716e+02    3.66169785e-02    8.32660015e+17
 2.74500000e+00    1.37966182e+02    3.68148544e-02    8.32548581e+17
 2.75000000e+00    1.37923579e+02    3.70134258e-02    8.32436961e+17
 2.75500000e+00    1.37880908e+02    3.72126939e-02    8.32325154e+17
 2.76000000e+00    1.37838169e+02    3.74126597e-02    8.32213162e+17
 2.76500000e+00    1.37795361e+02    3.76133244e-02    8.32100983e+17
 2.77000000e+00    1.37752485e+02    3.78146889e-02    8.31988618e+17
 2.77500000e+00    1.37709541e+02    3.80167543e-02    8.31876067e+17
 2.78000000e+00    1.37666528e+02    3.82195218e-02    8.31763331e+17
 2.78500000e+00    1.37623448e+02    3.84229923e-02    8.31650408e+17
 2.79000000e+00    1.37580299e+02    3.86271670e-02    8.31537300e+17
 2.79500000e+00    1.37537083e+02    3.88320470e-02    8.31424007e+17
 2.80000000e+00    1.37493798e+02    3.90376332e-02    8.31310528e+17
 2.80500000e+00    1.37450446e+02    3.92439268e-02    8.31196863e+17
 2.81000000e+00    1.37407025e+02    3.94509288e-02    8.31083013e+17
 2.81500000e+00    1.37363537e+02    3.96586404e-02    8.30968978e+17
 2.82000000e+00    1.37319981e+02    3.98670625e-02    8.30854758e+17
 2.82500000e+00    1.37276358e+02    4.00761962e-02    8.30740353e+17
 2.83000000e+00    1.37232666e+02    4.02860426e-02    8.30625763e+17
 2.83500000e+00    1.37188907e+02    4.04966027e-02    8.30510988e+17
 2.84000000e+00    1.37145081e+02    4.07078776e-02    8.30396028e+17
 2.84500000e+00    1.37101187e+02    4.09198685e-02    8.30280883e+17
 2.85000000e+00    1.37057225e+02    4.11325762e-02    8.30165554e+17
 2.85500000e+00    1.37013196e+02    4.13460019e-02    8.30050040e+17
 2.86000000e+00    1.36969100e+02    4.15601466e-02    8.29934342e+17
 2.86500000e+00    1.36924936e+02    4.17750115e-02    8.29818459e+17
 2.87000000e+00    1.36880705e+02    4.19905974e-02    8.29702392e+17
 2.87500000e+00    1.36836407e+02    4.22069056e-02    8.29586141e+17
 2.88000000e+00    1.36792041e+02    4.24239370e-02    8.29469706e+17
 2.88500000e+00    1.36747609e+02    4.26416927e-02    8.29353086e+17
 2.89000000e+00    1.36703109e+02    4.28601738e-02    8.29236283e+17
 2.89500000e+00    1.36658542e+02    4.30793812e-02    8.29119296e+17
 2.90000000e+00    1.36613909e+02    4.32993161e-02    8.29002125e+17
 2.90500000e+00    1.36569208e+02    4.35199795e-02    8.28884771e+17
 2.91000000e+00    1.36524440e+02    4.37413724e-02    8.28767233e+17
 2.91500000e+00    1.36479606e+02    4.39634959e-02    8.28649511e+17
 2.92000000e+00    1.36434705e+02    4.41863511e-02    8.28531606e+17
 2.92500000e+00    1.36389737e+02    4.44099389e-02    8.28413518e+17
 2.93000000e+00    1.36344703e+02    4.46342604e-02    8.28295246e+17
 2.93500000e+00    1.36299601e+02    4.48593166e-02    8.28176792e+17
 2.94000000e+00    1.36254434e+02    4.50851087e-02    8.28058154e+17
 2.94500000e+00    1.36209199e+02    4.53116375e-02    8.27939333e+17
 2.95000000e+00    1.36163898e+02    4.55389042e-02    8.27820330e+17
 2.95500000e+00    1.36118531e+02    4.57669099e-02    8.27701143e+17
 2.96000000e+00    1.36073098e+02    4.59956554e-02    8.27581774e+17
 2.96500000e+00    1.36027598e+02    4.62251419e-02    8.27462222e+17
 2.97000000e+00    1.35982031e+02    4.64553705e-02    8.27342488e+17
 2.97500000e+00    1.35936399e+02    4.66863420e-02    8.27222572e+17
 2.98000000e+00    1.35890700e+02    4.69180576e-02    8.27102473e+17
 2.98500000e+00    1.35844935e+02    4.71505183e-02    8.26982191e+17
 2.99000000e+00    1.35799105e+02    4.73837252e-02    8.26861728e+17
 2.99500000e+00    1.35753208e+02    4.76176792e-02    8.26741082e+17
 3.00000000e+00    1.35707245e+02    4.78523813e-02    8.26620255e+17
 3.00500000e+00    1.35661216e+02    4.80878327e-02    8.26499246e+17
 3.01000000e+00    1.35615121e+02    4.83240343e-02    8.26378055e+17
 3.01500000e+00    1.35568961e+02    4.85609871e-02    8.26256682e+17
 3.02000000e+00    1.35522734e+02    4.87986922e-02    8.26135128e+17
 3.02500000e+00    1.35476442e+02    4.90371506e-02    8.26013392e+17
 3.03000000e+00    1.35430085e+02    4.92763633e-02    8.25891475e+17
 3.03500000e+00    1.35383662e+02    4.95163313e-02    8.25769376e+17
 3.04000000e+00    1.35337173e+02    4.97570557e-02    8.25647097e+17
 3.04500000e+00    1.35290618e+02    4.99985375e-02    8.25524636e+17
 3.05000000e+00    1.35243999e+02    5.02407777e-02    8.25401994e+17
 3.05500000e+00    1.35197313e+02    5.04837772e-02    8.25279171e+17
 3.06000000e+00    1.35150563e+02    5.07275372e-02    8.25156168e+17
 3.06500000e+00    1.35103747e+02    5.09720585e-02    8.25032983e+17
 3.07000000e+00    1.35056866e+02    5.12173423e-02    8.24909618e+17
 3.07500000e+00    1.35009919e+02    5.14633896e-02    8.24786073e+17
 3.08000000e+00    1.34962908e+02    5.17102013e-02    8.24662347e+17
 3.08500000e+00    1.34915831e+02    5.19577785e-02    8.24538441e+17
 3.09000000e+00    1.34868690e+02    5.22061222e-02    8.24414354e+17
 3.09500000e+00    1.34821483e+02    5.24552333e-02    8.24290087e+17
 3.10000000e+00    1.34774211e+02    5.27051129e-02    8.24165641e+17
 3.10500000e+00    1.34726875e+02    5.29557620e-02    8.24041014e+17
 3.11000000e+00    1.34679473e+02    5.32071816e-02    8.23916207e+17
 3.11500000e+00    1.34632007e+02    5.34593727e-02    8.23791221e+17
 3.12000000e+00    1.34584477e+02    5.37123363e-02    8.23666055e+17
 3.12500000e+00    1.34536881e+02    5.39660734e-02    8.23540709e+17
 3.13000000e+00    1.34489221e+02    5.42205849e-02    8.23415184e+17
 3.13500000e+00    1.34441496e+02    5.44758720e-02    8.23289479e+17
 3.14000000e+00    1.34393707e+02    5.47319355e-02    8.23163596e+17
 3.14500000e+00    1.34345853e+02    5.49887765e-02    8.23037533e+17
 3.15000000e+00    1.34297935e+02    5.52463960e-02    8.22911290e+17
 3.15500000e+00    1.34249953e+02    5.55047950e-02    8.22784869e+17
 3.16000000e+00    1.34201906e+02    5.57639744e-02    8.22658269e+17
 3.16500000e+00    1.34153795e+02    5.60239353e-02    8.22531490e+17
 3.17000000e+00    1.34105620e+02    5.62846786e-02    8.22404532e+17
 3.17500000e+00    1.34057380e+02    5.65462053e-02    8.22277396e+17
 3.18000000e+00    1.34009077e+02    5.68085164e-02    8.22150081e+17
 3.18500000e+00    1.33960710e+02    5.70716130e-02    8.22022588e+17
 3.19000000e+00    1.33912278e+02    5.73354959e-02    8.21894916e+17
 3.19500000e+00    1.33863783e+02    5.76001663e-02    8.21767066e+17
 3.20000000e+00    1.33815223e+02    5.78656249e-02    8.21639038e+17
 3.20500000e+00    1.33766600e+02    5.81318729e-02    8.21510832e+17
 3.21000000e+00    1.33717913e+02    5.83989112e-02    8.21382448e+17
 3.21500000e+00    1.33669163e+02    5.86667409e-02    8.21253886e+17
 3.22000000e+00    1.33620348e+02    5.89353628e-02    8.21125146e+17
 3.22500000e+00    1.33571471e+02    5.92047779e-02    8.20996228e+17
 3.23000000e+00    1.33522529e+02    5.94749873e-02    8.20867133e+17
 3.23500000e+00    1.33473524e+02    5.97459919e-02    8.20737860e+17
 3.24000000e+00    1.33424456e+02    6.00177926e-02    8.20608410e+17
 3.24500000e+00    1.33375324e+02    6.02903906e-02    8.20478783e+17
 3.25000000e+00    1.33326129e+02    6.05637866e-02    8.20348978e+17
 3.25500000e+00    1.33276871e+02    6.08379817e-02    8.20218996e+17
 3.26000000e+00    1.33227549e+02    6.11129769e-02    8.20088837e+17
 3.26500000e+00    1.33178164e+02    6.13887732e-02    8.19958502e+17
 3.27000000e+00    1.33128716e+02    6.16653714e-02    8.19827989e+17
 3.27500000e+00    1.33079205e+02    6.19427726e-02    8.19697300e+17
 3.28000000e+00    1.33029631e+02    6.22209777e-02    8.19566434e+17
 3.28500000e+00    1.32979994e+02    6.24999878e-02    8.19435391e+17
 3.29000000e+00    1.32930294e+02    6.27798036e-02    8.19304173e+17
 3.29500000e+00    1.32880532e+02    6.30604263e-02    8.19172777e+17
 3.30000000e+00    1.32830706e+02    6.33418568e-02    8.19041206e+17
 3.30500000e+00    1.32780818e+02    6.36240961e-02    8.18909458e+17
 3.31000000e+00    1.32730867e+02    6.39071450e-02    8.18777534e+17
 3.31500000e+00    1.32680854e+02    6.41910046e-02    8.18645434e+17
 3.32000000e+00    1.32630778e+02    6.44756757e-02    8.18513159e+17
 3.32500000e+00    1.32580639e+02    6.47611595e-02    8.18380707e+17
 3.33000000e+00    1.32530438e+02    6.50474568e-02    8.18248080e+17
 3.33500000e+00    1.32480174e+02    6.53345685e-02    8.18115277e+17
 3.34000000e+00    1.32429849e+02    6.56224957e-02    8.17982299e+17
 3.34500000e+00    1.32379460e+02    6.59112392e-02    8.17849146e+17
 3.35000000e+00    1.32329010e+02    6.62008001e-02    8.17715817e+17
 3.35500000e+00    1.32278498e+02    6.64911793e-02    8.17582313e+17
 3.36000000e+00    1.32227923e+02    6.67823776e-02    8.17448633e+17
 3.36500000e+00    1.32177286e+02    6.70743961e-02    8.17314779e+17
 3.37000000e+00    1.32126587e+02    6.73672358e-02    8.17180750e+17
 3.37500000e+00    1.32075827e+02    6.76608974e-02    8.17046546e+17
 3.38000000e+00    1.32025004e+02    6.79553821e-02    8.16912167e+17
 3.38500000e+00    1.31974120e+02    6.82506907e-02    8.16777614e+17
 3.39000000e+00    1.31923173e+02    6.85468242e-02    8.16642886e+17
 3.39500000e+00    1.31872165e+02    6.88437835e-02    8.16507984e+17
 3.40000000e+00    1.31821096e+02    6.91415695e-02    8.16372907e+17
 3.40500000e+00    1.31769964e+02    6.94401832e-02    8.16237657e+17
 3.41000000e+00    1.31718771e+02    6.97396256e-02    8.16102232e+17
 3.41500000e+00    1.31667517e+02    7.00398975e-02    8.15966633e+17
 3.42000000e+00    1.31616201e+02    7.03409999e-02    8.15830860e+17
 3.42500000e+00    1.31564824e+02    7.06429337e-02    8.15694913e+17
 3.43000000e+00    1.31513385e+02    7.09456999e-02    8.15558793e+17
 3.43500000e+00    1.31461886e+02    7.12492993e-02    8.15422499e+17
 3.44000000e+00    1.31410324e+02    7.15537330e-02    8.15286031e+17
 3.44500000e+00    1.31358702e+02    7.18590017e-02    8.15149390e+17
 3.45000000e+00    1.31307019e+02    7.21651066e-02    8.15012576e+17
 3.45500000e+00    1.31255274e+02    7.24720484e-02    8.14875589e+17
 3.46000000e+00    1.31203469e+02    7.27798281e-02    8.14738428e+17
 3.46500000e+00    1.31151603e+02    7.30884467e-02    8.14601095e+17
 3.47000000e+00    1.31099675e+02    7.33979050e-02    8.14463588e+17
 3.47500000e+00    1.31047687e+02    7.37082040e-02    8.14325909e+17
 3.48000000e+00    1.30995638e+02    7.40193446e-02    8.14188058e+17
 3.48500000e+00    1.30943529e+02    7.43313277e-02    8.14050033e+17
 3.49000000e+00    1.30891358e+02    7.46441542e-02    8.13911836e+17
 3.49500000e+00    1.30839128e+02    7.49578251e-02    8.13773467e+17
 3.50000000e+00    1.30786836e+02    7.52723412e-02    8.13634926e+17
 3.50500000e+00    1.30734484e+02    7.55877034e-02    8.13496213e+17
 3.51000000e+00    1.30682072e+02    7.59039128e-02    8.13357327e+17
 3.51500000e+00    1.30629599e+02    7.62209701e-02    8.13218270e+17
 3.52000000e+00    1.30577066e+02    7.65388764e-02    8.13079040e+17
 3.52500000e+00    1.30524473e+02    7.68576324e-02    8.12939639e+17
 3.53000000e+00    1.30471820e+02    7.71772392e-02    8.12800067e+17
 3.53500000e+00    1.30419106e+02    7.74976975e-02    8.12660323e+17
 3.54000000e+00    1.30366332e+02    7.78190084e-02    8.12520407e+17
 3.54500000e+00    1.30313499e+02    7.81411728e-02    8.12380321e+17
 3.55000000e+00    1.30260605e+02    7.84641914e-02    8.12240063e+17
 3.55500000e+00    1.30207651e+02    7.87880653e-02    8.12099634e+17
 3.56000000e+00    1.30154638e+02    7.91127953e-02    8.11959034e+17
 3.56500000e+00    1.30101565e+02    7.94383823e-02    8.11818263e+17
 3.57000000e+00    1.30048432e+02    7.97648273e-02    8.11677321e+17
 3.57500000e+00    1.29995239e+02    8.00921311e-02    8.11536208e+17
 3.58000000e+00    1.29941987e+02    8.04202946e-02    8.11394925e+17
 3.58500000e+00    1.29888675e+02    8.07493187e-02    8.11253472e+17
 3.59000000e+00    1.29835304e+02    8.10792043e-02    8.11111847e+17
 3.59500000e+00    1.29781873e+02    8.14099523e-02    8.10970053e+17
 3.60000000e+00    1.29728383e+02    8.17415635e-02    8.10828088e+17
 3.60500000e+00    1.29674833e+02    8.20740390e-02    8.10685953e+17
 3.61000000e+00    1.29621224e+02    8.24073795e-02    8.10543648e+17
 3.61500000e+00    1.29567556e+02    8.27415860e-02    8.10401173e+17
 3.62000000e+00    1.29513829e+02    8.30766592e-02    8.10258528e+17
 3.62500000e+00    1.29460043e+02    8.34126002e-02    8.10115713e+17
 3.63000000e+00    1.29406198e+02    8.37494098e-02    8.09972729e+17
 3.63500000e+00    1.29352293e+02    8.40870889e-02    8.09829574e+17
 3.64000000e+00    1.29298330e+02    8.44256383e-02    8.09686251e+17
 3.64500000e+00    1.29244308e+02    8.47650590e-02    8.09542758e+17
 3.65000000e+00    1.29190227e+02    8.51053518e-02    8.09399095e+17
 3.65500000e+00    1.29136088e+02    8.54465176e-02    8.09255264e+17
 3.66000000e+00    1.29081890e+02    8.57885572e-02    8.09111263e+17
 3.66500000e+00    1.29027633e+02    8.61314716e-02    8.08967093e+17
 3.67000000e+00    1.28973317e+02    8.64752616e-02    8.08822754e+17
 3.67500000e+00    1.28918943e+02    8.68199281e-02    8.08678246e+17
 3.68000000e+00    1.28864511e+02    8.71654719e-02    8.08533570e+17
 3.68500000e+00    1.28810020e+02    8.75118940e-02    8.08388725e+17
 3.69000000e+00    1.28755471e+02    8.78591951e-02    8.08243711e+17
 3.69500000e+00    1.28700864e+02    8.82073762e-02    8.08098529e+17
 3.70000000e+00    1.28646198e+02    8.85564382e-02    8.07953179e+17
 3.70500000e+00    1.28591475e+02    8.89063818e-02    8.07807661e+17
 3.71000000e+00    1.28536693e+02    8.92572080e-02    8.07661974e+17
 3.71500000e+00    1.28481853e+02    8.96089176e-02    8.07516120e+17
 3.72000000e+00    1.28426955e+02    8.99615115e-02    8.07370098e+17
 3.72500000e+00    1.28371999e+02    9.03149905e-02    8.07223908e+17
 3.73000000e+00    1.28316986e+02    9.06693555e-02    8.07077550e+17
 3.73500000e+00    1.28261914e+02    9.10246074e-02    8.06931025e+17
 3.74000000e+00    1.28206785e+02    9.13807469e-02    8.06784332e+17
 3.74500000e+00    1.28151599e+02    9.17377750e-02    8.06637473e+17
 3.75000000e+00    1.28096354e+02    9.20956926e-02    8.06490446e+17
 3.75500000e+00    1.28041052e+02    9.24545004e-02    8.06343252e+17
 3.76000000e+00    1.27985693e+02    9.28141993e-02    8.06195891e+17
 3.76500000e+00    1.27930276e+02    9.31747902e-02    8.06048363e+17
 3.77000000e+00    1.27874802e+02    9.35362739e-02    8.05900669e+17
 3.77500000e+00    1.27819270e+02    9.38986512e-02    8.05752808e+17
 3.78000000e+00    1.27763682e+02    9.42619231e-02    8.05604780e+17
 3.78500000e+00    1.27708036e+02    9.46260903e-02    8.05456586e+17
 3.79000000e+00    1.27652333e+02    9.49911537e-02    8.05308226e+17
 3.79500000e+00    1.27596573e+02    9.53571141e-02    8.05159700e+17
 3.80000000e+00    1.27540755e+02    9.57239725e-02    8.05011008e+17
 3.80500000e+00    1.27484881e+02    9.60917295e-02    8.04862150e+17
 3.81000000e+00    1.27428950e+02    9.64603861e-02    8.04713126e+17
 3.81500000e+00    1.27372963e+02    9.68299431e-02    8.04563936e+17
 3.82000000e+00    1.27316918e+02    9.72004013e-02    8.04414581e+17
 3.82500000e+00    1.27260817e+02    9.75717615e-02    8.04265060e+17
 3.83000000e+00    1.27204659e+02    9.79440247e-02    8.04115373e+17
 3.83500000e+00    1.27148444e+02    9.83171916e-02    8.03965522e+17
 3.84000000e+00    1.27092173e+02    9.86912630e-02    8.03815505e+17
 3.84500000e+00    1.27035846e+02    9.90662398e-02    8.03665323e+17
 3.85000000e+00    1.26979462e+02    9.94421229e-02    8.03514976e+17
 3.85500000e+00    1.26923022e+02    9.98189130e-02    8.03364464e+17
 3.86000000e+00    1.26866525e+02    1.00196611e-01    8.03213787e+17
 3.86500000e+00    1.26809973e+02    1.00575218e-01    8.03062945e+17
 3.87000000e+00    1.26753364e+02    1.00954734e-01    8.02911939e+17
 3.87500000e+00    1.26696699e+02    1.01335160e-01    8.02760769e+17
 3.88000000e+00    1.26639978e+02    1.01716498e-01    8.02609433e+17
 3.88500000e+00    1.26583201e+02    1.02098748e-01    8.02457934e+17
 3.89000000e+00    1.26526368e+02    1.02481910e-01    8.02306270e+17
 3.89500000e+00    1.26469479e+02    1.02865986e-01    8.02154442e+17
 3.90000000e+00    1.26412535e+02    1.03250976e-01    8.02002450e+17
 3.90500000e+00    1.26355535e+02    1.03636882e-01    8.01850294e+17
 3.91000000e+00    1.26298479e+02    1.04023704e-01    8.01697975e+17
 3.91500000e+00    1.26241367e+02    1.04411443e-01    8.01545491e+17
 3.92000000e+00    1.26184200e+02    1.04800099e-01    8.01392844e+17
 3.92500000e+00    1.26126978e+02    1.05189674e-01    8.01240034e+17
 3.93000000e+00    1.26069700e+02    1.05580168e-01    8.01087060e+17
 3.93500000e+00    1.26012367e+02    1.05971582e-01    8.00933922e+17
 3.94000000e+00    1.25954978e+02    1.06363917e-01    8.00780622e+17
 3.94500000e+00    1.25897534e+02    1.06757174e-01    8.00627158e+17
 3.95000000e+00    1.25840035e+02    1.07151353e-01    8.00473531e+17
 3.95500000e+00    1.25782481e+02    1.07546456e-01    8.00319742e+17
 3.96000000e+00    1.25724872e+02    1.07942482e-01    8.00165789e+17
 3.96500000e+00    1.25667208e+02    1.08339434e-01    8.00011674e+17
 3.97000000e+00    1.25609489e+02    1.08737311e-01    7.99857396e+17
 3.97500000e+00    1.25551715e+02    1.09136115e-01    7.99702956e+17
 3.98000000e+00    1.25493886e+02    1.09535846e-01    7.99548354e+17
 3.98500000e+00    1.25436003e+02    1.09936505e-01    7.99393589e+17
 3.99000000e+00    1.25378065e+02    1.10338093e-01    7.99238662e+17
 3.99500000e+00    1.25320072e+02    1.10740611e-01    7.99083573e+17
 4.00000000e+00    1.25262025e+02    1.11144060e-01    7.98928322e+17
 4.00500000e+00    1.25203923e+02    1.11548439e-01    7.98772909e+17
 4.01000000e+00    1.25145767e+02    1.11953751e-01    7.98617334e+17
 4.01500000e+00    1.25087557e+02    1.12359995e-01    7.98461598e+17
 4.02000000e+00    1.25029292e+02    1.12767173e-01    7.98305700e+17
 4.02500000e+00    1.24970973e+02    1.13175285e-01    7.98149641e+17
 4.03000000e+00    1.24912600e+02    1.13584333e-01    7.97993420e+17
 4.03500000e+00    1.24854173e+02    1.13994316e-01    7.97837038e+17
 4.04000000e+00    1.24795691e+02    1.14405237e-01    7.97680495e+17
 4.04500000e+00    1.24737156e+02    1.14817094e-01    7.97523791e+17
 4.05000000e+00    1.24678567e+02    1.15229890e-01    7.97366927e+17
 4.05500000e+00    1.24619924e+02    1.15643625e-01    7.97209901e+17
 4.06000000e+00    1.24561227e+02    1.16058300e-01    7.97052714e+17
 4.06500000e+00    1.24502476e+02    1.16473916e-01    7.96895367e+17
 4.07000000e+00    1.24443672e+02    1.16890473e-01    7.96737860e+17
 4.07500000e+00    1.24384814e+02    1.17307972e-01    7.96580192e+17
 4.08000000e+00    1.24325903e+02    1.17726414e-01    7.96422364e+17
 4.08500000e+00    1.24266938e+02    1.18145800e-01    7.96264376e+17
 4.09000000e+00    1.24207920e+02    1.18566130e-01    7.96106227e+17
 4.09500000e+00    1.24148848e+02    1.18987405e-01    7.95947919e+17
 4.10000000e+00    1.24089723e+02    1.19409627e-01    7.95789450e+17
 4.10500000e+00    1.24030545e+02    1.19832795e-01    7.95630822e+17
 4.11000000e+00    1.23971314e+02    1.20256910e-01    7.95472034e+17
 4.11500000e+00    1.23912029e+02    1.20681974e-01    7.95313087e+17
 4.12000000e+00    1.23852692e+02    1.21107987e-01    7.95153980e+17
 4.12500000e+00    1.23793302e+02    1.21534950e-01    7.94994714e+17
 4.13000000e+00    1.23733858e+02    1.21962863e-01    7.94835288e+17
 4.13500000e+00    1.23674362e+02    1.22391728e-01    7.94675704e+17
 4.14000000e+00    1.23614813e+02    1.22821544e-01    7.94515960e+17
 4.14500000e+00    1.23555212e+02    1.23252314e-01    7.94356058e+17
 4.15000000e+00    1.23495557e+02    1.23684036e-01    7.94195996e+17
 4.15500000e+00    1.23435851e+02    1.24116714e-01    7.94035776e+17
 4.16000000e+00    1.23376091e+02    1.24550346e-01    7.93875397e+17
 4.16500000e+00    1.23316279e+02    1.24984934e-01    7.93714860e+17
 4.17000000e+00    1.23256415e+02    1.25420479e-01    7.93554164e+17
 4.17500000e+00    1.23196499e+02    1.25856980e-01    7.93393310e+17
 4.18000000e+00    1.23136530e+02    1.26294440e-01    7.93232298e+17
 4.18500000e+00    1.23076509e+02    1.26732859e-01    7.93071128e+17
 4.19000000e+00    1.23016436e+02    1.27172237e-01    7.92909800e+17
 4.19500000e+00    1.22956311e+02    1.27612576e-01    7.92748314e+17
 4.20000000e+00    1.22896133e+02    1.28053875e-01    7.92586671e+17
 4.20500000e+00    1.22835904e+02    1.28496136e-01    7.92424870e+17
 4.21000000e+00    1.22775623e+02    1.28939360e-01    7.92262911e+17
 4.21500000e+00    1.22715290e+02    1.29383546e-01    7.92100796e+17
 4.22000000e+00    1.22654906e+02    1.29828697e-01    7.91938523e+17
 4.22500000e+00    1.22594469e+02    1.30274812e-01    7.91776093e+17
 4.23000000e+00    1.22533981e+02    1.30721893e-01    7.91613507e+17
 4.23500000e+00    1.22473442e+02    1.31169940e-01    7.91450763e+17
 4.24000000e+00    1.22412851e+02    1.31618953e-01    7.91287863e+17
 4.24500000e+00    1.22352209e+02    1.32068935e-01    7.91124807e+17
 4.25000000e+00    1.22291515e+02    1.32519884e-01    7.90961594e+17
 4.25500000e+00    1.22230770e+02    1.32971802e-01    7.90798225e+17
 4.26000000e+00    1.22169973e+02    1.33424691e-01    7.90634699e+17
 4.26500000e+00    1.22109126e+02    1.33878549e-01    7.90471018e+17
 4.27000000e+00    1.22048227e+02    1.34333379e-01    7.90307181e+17
 4.27500000e+00    1.21987278e+02    1.34789181e-01    7.90143187e+17
 4.28000000e+00    1.21926277e+02    1.35245955e-01    7.89979038e+17
 4.28500000e+00    1.21865226e+02    1.35703702e-01    7.89814734e+17
 4.29000000e+00    1.21804123e+02    1.36162424e-01    7.89650274e+17
 4.29500000e+00    1.21742970e+02    1.36622120e-01    7.89485658e+17
 4.30000000e+00    1.21681767e+02    1.37082792e-01    7.89320887e+17
 4.30500000e+00    1.21620512e+02    1.37544440e-01    7.89155961e+17
 4.31000000e+00    1.21559207e+02    1.38007064e-01    7.88990879e+17
 4.31500000e+00    1.21497851e+02    1.38470667e-01    7.88825642e+17
 4.32000000e+00    1.21436445e+02    1.38935247e-01    7.88660251e+17
 4.32500000e+00    1.21374989e+02    1.39400807e-01    7.88494704e+17
 4.33000000e+00    1.21313482e+02    1.39867346e-01    7.88329003e+17
 4.33500000e+00    1.21251925e+02    1.40334866e-01    7.88163147e+17
 4.34000000e+00    1.21190318e+02    1.40803366e-01    7.87997136e+17
 4.34500000e+00    1.21128661e+02    1.41272849e-01    7.87830970e+17
 4.35000000e+00    1.21066954e+02    1.41743314e-01    7.87664650e+17
 4.35500000e+00    1.21005196e+02    1.42214762e-01    7.87498176e+17
 4.36000000e+00    1.20943389e+02    1.42687194e-01    7.87331548e+17
 4.36500000e+00    1.20881532e+02    1.43160610e-01    7.87164765e+17
 4.37000000e+00    1.20819625e+02    1.43635012e-01    7.86997828e+17
 4.37500000e+00    1.20757668e+02    1.44110400e-01    7.86830737e+17
 4.38000000e+00    1.20695662e+02    1.44586774e-01    7.86663492e+17
 4.38500000e+00    1.20633606e+02    1.45064136e-01    7.86496093e+17
 4.39000000e+00    1.20571501e+02    1.45542485e-01    7.86328541e+17
 4.39500000e+00    1.20509346e+02    1.46021824e-01    7.86160835e+17
 4.40000000e+00    1.20447141e+02    1.46502151e-01    7.85992976e+17
 4.40500000e+00    1.20384888e+02    1.46983469e-01    7.85824963e+17
 4.41000000e+00    1.20322585e+02    1.47465777e-01    7.85656797e+17
 4.41500000e+00    1.20260233e+02    1.47949077e-01    7.85488478e+17
 4.42000000e+00    1.20197831e+02    1.48433369e-01    7.85320006e+17
 4.42500000e+00    1.20135381e+02    1.48918654e-01    7.85151381e+17
 4.43000000e+00    1.20072882e+02    1.49404932e-01    7.84982603e+17
 4.43500000e+00    1.20010333e+02    1.49892204e-01    7.84813672e+17
 4.44000000e+00    1.19947736e+02    1.50380471e-01    7.84644589e+17
 4.44500000e+00    1.19885090e+02    1.50869734e-01    7.84475353e+17
 4.45000000e+00    1.19822395e+02    1.51359992e-01    7.84305965e+17
 4.45500000e+00    1.19759652e+02    1.51851247e-01    7.84136425e+17
 4.46000000e+00    1.19696860e+02    1.52343500e-01    7.83966733e+17
 4.46500000e+00    1.19634020e+02    1.52836751e-01    7.83796888e+17
 4.47000000e+00    1.19571131e+02    1.53331001e-01    7.83626892e+17
 4.47500000e+00    1.19508193e+02    1.53826250e-01    7.83456744e+17
 4.48000000e+00    1.19445207e+02    1.54322499e-01    7.83286444e+17
 4.48500000e+00    1.19382173e+02    1.54819749e-01    7.83115993e+17
 4.49000000e+00    1.19319091e+02    1.55318001e-01    7.82945390e+17
 4.49500000e+00    1.19255961e+02    1.55817254e-01    7.82774636e+17
 4.50000000e+00    1.19192782e+02    1.56317511e-01    7.82603731e+17
 4.50500000e+00    1.19129556e+02    1.56818770e-01    7.82432675e+17
 4.51000000e+00    1.19066281e+02    1.57321034e-01    7.82261467e+17
 4.51500000e+00    1.19002959e+02    1.57824302e-01    7.82090109e+17
 4.52000000e+00    1.18939589e+02    1.58328576e-01    7.81918600e+17
 4.52500000e+00    1.18876171e+02    1.58833856e-01    7.81746941e+17
 4.53000000e+00    1.18812706e+02    1.59340142e-01    7.81575131e+17
 4.53500000e+00    1.18749193e+02    1.59847436e-01    7.81403170e+17
 4.54000000e+00    1.18685632e+02    1.60355737e-01    7.81231059e+17
 4.54500000e+00    1.18622024e+02    1.60865048e-01    7.81058799e+17
 4.55000000e+00    1.18558368e+02    1.61375367e-01    7.80886388e+17
 4.55500000e+00    1.18494666e+02    1.61886696e-01    7.80713827e+17
 4.56000000e+00    1.18430915e+02    1.62399036e-01    7.80541116e+17
 4.56500000e+00    1.18367118e+02    1.62912387e-01    7.80368256e+17
 4.57000000e+00    1.18303274e+02    1.63426749e-01    7.80195246e+17
 4.57500000e+00    1.18239382e+02    1.63942124e-01    7.80022087e+17
 4.58000000e+00    1.18175444e+02    1.64458513e-01    7.79848778e+17
 4.58500000e+00    1.18111458e+02    1.64975914e-01    7.79675321e+17
 4.59000000e+00    1.18047426e+02    1.65494330e-01    7.79501714e+17
 4.59500000e+00    1.17983347e+02    1.66013761e-01    7.79327958e+17
 4.60000000e+00    1.17919221e+02    1.66534208e-01    7.79154053e+17
 4.60500000e+00    1.17855048e+02    1.67055671e-01    7.78980000e+17
 4.61000000e+00    1.17790829e+02    1.67578150e-01    7.78805797e+17
 4.61500000e+00    1.17726563e+02    1.68101647e-01    7.78631446e+17
 4.62000000e+00    1.17662251e+02    1.68626162e-01    7.78456947e+17
 4.62500000e+00    1.17597893e+02    1.69151696e-01    7.78282299e+17
 4.63000000e+00    1.17533488e+02    1.69678249e-01    7.78107503e+17
 4.63500000e+00    1.17469037e+02    1.70205822e-01    7.77932559e+17
 4.64000000e+00    1.17404539e+02    1.70734415e-01    7.77757466e+17
 4.64500000e+00    1.17339996e+02    1.71264030e-01    7.77582226e+17
 4.65000000e+00    1.17275406e+02    1.71794666e-01    7.77406838e+17
 4.65500000e+00    1.17210771e+02    1.72326325e-01    7.77231301e+17
 4.66000000e+00    1.17146090e+02    1.72859007e-01    7.77055617e+17
 4.66500000e+00    1.17081362e+02    1.73392712e-01    7.76879786e+17
 4.67000000e+00    1.17016589e+02    1.73927441e-01    7.76703807e+17
 4.67500000e+00    1.16951771e+02    1.74463196e-01    7.76527680e+17
 4.68000000e+00    1.16886906e+02    1.74999975e-01    7.76351406e+17
 4.68500000e+00    1.16821996e+02    1.75537781e-01    7.76174985e+17
 4.69000000e+00    1.16757041e+02    1.76076614e-01    7.75998416e+17
 4.69500000e+00    1.16692040e+02    1.76616473e-01    7.75821701e+17
 4.70000000e+00    1.16626993e+02    1.77157360e-01    7.75644839e+17
 4.70500000e+00    1.16561902e+02    1.77699276e-01    7.75467829e+17
 4.71000000e+00    1.16496765e+02    1.78242221e-01    7.75290673e+17
 4.71500000e+00    1.16431583e+02    1.78786195e-01    7.75113371e+17
 4.72000000e+00    1.16366356e+02    1.79331200e-01    7.74935921e+17
 4.72500000e+00    1.16301084e+02    1.79877236e-01    7.74758326e+17
 4.73000000e+00    1.16235766e+02    1.80424302e-01    7.74580584e+17
 4.73500000e+00    1.16170404e+02    1.80972401e-01    7.74402696e+17
 4.74000000e+00    1.16104997e+02    1.81521532e-01    7.74224662e+17
 4.74500000e+00    1.16039546e+02    1.82071697e-01    7.74046482e+17
 4.75000000e+00    1.15974049e+02    1.82622895e-01    7.73868156e+17
 4.75500000e+00    1.15908509e+02    1.83175128e-01    7.73689684e+17
 4.76000000e+00    1.15842923e+02    1.83728395e-01    7.73511066e+17
 4.76500000e+00    1.15777293e+02    1.84282698e-01    7.73332303e+17
 4.77000000e+00    1.15711619e+02    1.84838037e-01    7.73153395e+17
 4.77500000e+00    1.15645900e+02    1.85394413e-01    7.72974341e+17
 4.78000000e+00    1.15580137e+02    1.85951826e-01    7.72795142e+17
 4.78500000e+00    1.15514329e+02    1.86510276e-01    7.72615798e+17
 4.79000000e+00    1.15448478e+02    1.87069765e-01    7.72436309e+17
 4.79500000e+00    1.15382583e+02    1.87630293e-01    7.72256675e+17
 4.80000000e+00    1.15316643e+02    1.88191861e-01    7.72076897e+17
 4.80500000e+00    1.15250660e+02    1.88754468e-01    7.71896974e+17
 4.81000000e+00    1.15184632e+02    1.89318116e-01    7.71716906e+17
 4.81500000e+00    1.15118561e+02    1.89882806e-01    7.71536693e+17
 4.82000000e+00    1.15052446e+02    1.90448537e-01    7.71356337e+17
 4.82500000e+00    1.14986288e+02    1.91015311e-01    7.71175836e+17
 4.83000000e+00    1.14920086e+02    1.91583127e-01    7.70995192e+17
 4.83500000e+00    1.14853840e+02    1.92151987e-01    7.70814403e+17
 4.84000000e+00    1.14787551e+02    1.92721891e-01    7.70633471e+17
 4.84500000e+00    1.14721218e+02    1.93292839e-01    7.70452395e+17
 4.85000000e+00    1.14654843e+02    1.93864833e-01    7.70271175e+17
 4.85500000e+00    1.14588424e+02    1.94437872e-01    7.70089812e+17
 4.86000000e+00    1.14521961e+02    1.95011958e-01    7.69908305e+17
 4.86500000e+00    1.14455456e+02    1.95587090e-01    7.69726656e+17
 4.87000000e+00    1.14388908e+02    1.96163270e-01    7.69544863e+17
 4.87500000e+00    1.14322316e+02    1.96740498e-01    7.69362928e+17
 4.88000000e+00    1.14255682e+02    1.97318774e-01    7.69180849e+17
 4.88500000e+00    1.14189005e+02    1.97898099e-01    7.68998628e+17
 4.89000000e+00    1.14122285e+02    1.98478474e-01    7.68816264e+17
 4.89500000e+00    1.14055523e+02    1.99059899e-01    7.68633758e+17
 4.90000000e+00    1.13988717e+02    1.99642374e-01    7.68451110e+17
 4.90500000e+00    1.13921870e+02    2.00225901e-01    7.68268319e+17
 4.91000000e+00    1.13854979e+02    2.00810479e-01    7.68085386e+17
 4.91500000e+00    1.13788047e+02    2.01396109e-01    7.67902310e+17
 4.92000000e+00    1.13721072e+02    2.01982793e-01    7.67719093e+17
 4.92500000e+00    1.13654055e+02    2.02570529e-01    7.67535734e+17
 4.93000000e+00    1.13586995e+02    2.03159320e-01    7.67352233e+17
 4.93500000e+00    1.13519893e+02    2.03749165e-01    7.67168590e+17
 4.94000000e+00    1.13452750e+02    2.04340065e-01    7.66984806e+17
 4.94500000e+00    1.13385564e+02    2.04932020e-01    7.66800880e+17
 4.95000000e+00    1.13318336e+02    2.05525031e-01    7.66616812e+17
 4.95500000e+00    1.13251067e+02    2.06119099e-01    7.66432603e+17
 4.96000000e+00    1.13183756e+02    2.06714224e-01    7.66248252e+17
 4.96500000e+00    1.13116403e+02    2.07310406e-01    7.66063761e+17
 4.97000000e+00    1.13049008e+02    2.07907646e-01    7.65879128e+17
 4.97500000e+00    1.12981572e+02    2.08505945e-01    7.65694354e+17
 4.98000000e+00    1.12914094e+02    2.09105304e-01    7.65509439e+17
 4.98500000e+00    1.12846575e+02    2.09705721e-01    7.65324383e+17
 4.99000000e+00    1.12779014e+02    2.10307199e-01    7.65139186e+17
 4.99500000e+00    1.12711413e+02    2.10909738e-01    7.64953849e+17
 5.00000000e+00    1.12643769e+02    2.11513337e-01    7.64768371e+17
 5.00500000e+00    1.12576085e+02    2.12117999e-01    7.64582753e+17
 5.01000000e+00    1.12508360e+02    2.12723722e-01    7.64396994e+17
 5.01500000e+00    1.12440594e+02    2.13330509e-01    7.64211095e+17
 5.02000000e+00    1.12372786e+02    2.13938358e-01    7.64025056e+17
 5.02500000e+00    1.12304938e+02    2.14547272e-01    7.63838876e+17
 5.03000000e+00    1.12237049e+02    2.15157249e-01    7.63652557e+17
 5.03500000e+00    1.12169119e+02    2.15768291e-01    7.63466099e+17
 5.04000000e+00    1.12101149e+02    2.16380399e-01    7.63279501e+17
 5.04500000e+00    1.12033138e+02    2.16993572e-01    7.63092763e+17
 5.05000000e+00    1.11965086e+02    2.17607811e-01    7.62905886e+17
 5.05500000e+00    1.11896994e+02    2.18223117e-01    7.62718870e+17
 5.06000000e+00    1.11828862e+02    2.18839491e-01    7.62531714e+17
 5.06500000e+00    1.11760689e+02    2.19456932e-01    7.62344420e+17
 5.07000000e+00    1.11692476e+02    2.20075441e-01    7.62156987e+17
 5.07500000e+00    1.11624223e+02    2.20695019e-01    7.61969415e+17
 5.08000000e+00    1.11555930e+02    2.21315666e-01    7.61781704e+17
 5.08500000e+00    1.11487596e+02    2.21937383e-01    7.61593856e+17
 5.09000000e+00    1.11419223e+02    2.22560170e-01    7.61405868e+17
 5.09500000e+00    1.11350810e+02    2.23184027e-01    7.61217743e+17
 5.10000000e+00    1.11282357e+02    2.23808956e-01    7.61029479e+17
 5.10500000e+00    1.11213864e+02    2.24434957e-01    7.60841077e+17
 5.11000000e+00    1.11145332e+02    2.25062029e-01    7.60652538e+17
 5.11500000e+00    1.11076760e+02    2.25690174e-01    7.60463860e+17
 5.12000000e+00    1.11008148e+02    2.26319392e-01    7.60275045e+17
 5.12500000e+00    1.10939497e+02    2.26949684e-01    7.60086092e+17
 5.13000000e+00    1.10870806e+02    2.27581049e-01    7.59897001e+17
 5.13500000e+00    1.10802076e+02    2.28213490e-01    7.59707772e+17
 5.14000000e+00    1.10733307e+02    2.28847005e-01    7.59518407e+17
 5.14500000e+00    1.10664499e+02    2.29481595e-01    7.59328904e+17
 5.15000000e+00    1.10595652e+02    2.30117262e-01    7.59139263e+17
 5.15500000e+00    1.10526765e+02    2.30754004e-01    7.58949486e+17
 5.16000000e+00    1.10457840e+02    2.31391824e-01    7.58759571e+17
 5.16500000e+00    1.10388875e+02    2.32030721e-01    7.58569519e+17
 5.17000000e+00    1.10319872e+02    2.32670695e-01    7.58379330e+17
 5.17500000e+00    1.10250830e+02    2.33311748e-01    7.58189005e+17
 5.18000000e+00    1.10181750e+02    2.33953880e-01    7.57998543e+17
 5.18500000e+00    1.10112630e+02    2.34597090e-01    7.57807944e+17
 5.19000000e+00    1.10043472e+02    2.35241381e-01    7.57617208e+17
 5.19500000e+00    1.09974276e+02    2.35886751e-01    7.57426336e+17
 5.20000000e+00    1.09905041e+02    2.36533202e-01    7.57235328e+17
 5.20500000e+00    1.09835768e+02    2.37180734e-01    7.57044184e+17
 5.21000000e+00    1.09766457e+02    2.37829347e-01    7.56852903e+17
 5.21500000e+00    1.09697107e+02    2.38479042e-01    7.56661487e+17
 5.22000000e+00    1.09627720e+02    2.39129819e-01    7.56469935e+17
 5.22500000e+00    1.09558294e+02    2.39781679e-01    7.56278247e+17
 5.23000000e+00    1.09488830e+02    2.40434623e-01    7.56086423e+17
 5.23500000e+00    1.09419329e+02    2.41088649e-01    7.55894464e+17
 5.24000000e+00    1.09349789e+02    2.41743760e-01    7.55702369e+17
 5.24500000e+00    1.09280212e+02    2.42399956e-01    7.55510140e+17
 5.25000000e+00    1.09210597e+02    2.43057236e-01    7.55317775e+17
 5.25500000e+00    1.09140944e+02    2.43715602e-01    7.55125275e+17
 5.26000000e+00    1.09071254e+02    2.44375054e-01    7.54932640e+17
 5.26500000e+00    1.09001526e+02    2.45035592e-01    7.54739870e+17
 5.27000000e+00    1.08931761e+02    2.45697217e-01    7.54546966e+17
 5.27500000e+00    1.08861959e+02    2.46359929e-01    7.54353927e+17
 5.28000000e+00    1.08792119e+02    2.47023728e-01    7.54160753e+17
 5.28500000e+00    1.08722242e+02    2.47688616e-01    7.53967445e+17
 5.29000000e+00    1.08652328e+02    2.48354591e-01    7.53774003e+17
 5.29500000e+00    1.08582377e+02    2.49021656e-01    7.53580427e+17
 5.30000000e+00    1.08512389e+02    2.49689810e-01    7.53386716e+17
 5.30500000e+00    1.08442364e+02    2.50359054e-01    7.53192872e+17
 5.31000000e+00    1.08372302e+02    2.51029388e-01    7.52998894e+17
 5.31500000e+00    1.08302204e+02    2.51700812e-01    7.52804782e+17
 5.32000000e+00    1.08232068e+02    2.52373327e-01    7.52610536e+17
 5.32500000e+00    1.08161896e+02    2.53046934e-01    7.52416157e+17
 5.33000000e+00    1.08091688e+02    2.53721632e-01    7.52221644e+17
 5.33500000e+00    1.08021443e+02    2.54397423e-01    7.52026998e+17
 5.34000000e+00    1.07951162e+02    2.55074306e-01    7.51832218e+17
 5.34500000e+00    1.07880844e+02    2.55752283e-01    7.51637305e+17
 5.35000000e+00    1.07810490e+02    2.56431353e-01    7.51442260e+17
 5.35500000e+00    1.07740099e+02    2.57111516e-01    7.51247081e+17
 5.36000000e+00    1.07669673e+02    2.57792774e-01    7.51051769e+17
 5.36500000e+00    1.07599211e+02    2.58475127e-01    7.50856325e+17
 5.37000000e+00    1.07528712e+02    2.59158574e-01    7.50660748e+17
 5.37500000e+00    1.07458178e+02    2.59843117e-01    7.50465038e+17
 5.38000000e+00    1.07387608e+02    2.60528756e-01    7.50269196e+17
 5.38500000e+00    1.07317002e+02    2.61215492e-01    7.50073222e+17
 5.39000000e+00    1.07246360e+02    2.61903323e-01    7.49877115e+17
 5.39500000e+00    1.07175683e+02    2.62592252e-01    7.49680876e+17
 5.40000000e+00    1.07104970e+02    2.63282279e-01    7.49484505e+17
 5.40500000e+00    1.07034222e+02    2.63973403e-01    7.49288002e+17
 5.41000000e+00    1.06963438e+02    2.64665625e-01    7.49091367e+17
 5.41500000e+00    1.06892619e+02    2.65358946e-01    7.48894600e+17
 5.42000000e+00    1.06821765e+02    2.66053367e-01    7.48697702e+17
 5.42500000e+00    1.06750875e+02    2.66748886e-01    7.48500672e+17
 5.43000000e+00    1.06679950e+02    2.67445505e-01    7.48303511e+17
 5.43500000e+00    1.06608991e+02    2.68143225e-01    7.48106218e+17
 5.44000000e+00    1.06537996e+02    2.68842045e-01    7.47908794e+17
 5.44500000e+00    1.06466966e+02    2.69541966e-01    7.47711239e+17
 5.45000000e+00    1.06395902e+02    2.70242988e-01    7.47513553e+17
 5.45500000e+00    1.06324803e+02    2.70945112e-01    7.47315736e+17
 5.46000000e+00    1.06253669e+02    2.71648338e-01    7.47117789e+17
 5.46500000e+00    1.06182500e+02    2.72352667e-01    7.46919710e+17
 5.47000000e+00    1.06111297e+02    2.73058098e-01    7.46721501e+17
 5.47500000e+00    1.06040060e+02    2.73764632e-01    7.46523161e+17
 5.48000000e+00    1.05968788e+02    2.74472270e-01    7.46324691e+17
 5.48500000e+00    1.05897481e+02    2.75181012e-01    7.46126090e+17
 5.49000000e+00    1.05826141e+02    2.75890859e-01    7.45927359e+17
 5.49500000e+00    1.05754766e+02    2.76601810e-01    7.45728499e+17
 5.50000000e+00    1.05683357e+02    2.77313865e-01    7.45529508e+17
 5.50500000e+00    1.05611914e+02    2.78027027e-01    7.45330387e+17
 5.51000000e+00    1.05540438e+02    2.78741294e-01    7.45131136e+17
 5.51500000e+00    1.05468927e+02    2.79456667e-01    7.44931755e+17
 5.52000000e+00    1.05397382e+02    2.80173147e-01    7.44732245e+17
 5.52500000e+00    1.05325804e+02    2.80890733e-01    7.44532606e+17
 5.53000000e+00    1.05254192e+02    2.81609427e-01    7.44332837e+17
 5.53500000e+00    1.05182546e+02    2.82329228e-01    7.44132938e+17
 5.54000000e+00    1.05110867e+02    2.83050137e-01    7.43932910e+17
 5.54500000e+00    1.05039154e+02    2.83772154e-01    7.43732754e+17
 5.55000000e+00    1.04967408e+02    2.84495280e-01    7.43532468e+17
 5.55500000e+00    1.04895629e+02    2.85219515e-01    7.43332053e+17
 5.56000000e+00    1.04823816e+02    2.85944859e-01    7.43131509e+17
 5.56500000e+00    1.04751971e+02    2.86671313e-01    7.42930836e+17
 5.57000000e+00    1.04680092e+02    2.87398876e-01    7.42730035e+17
 5.57500000e+00    1.04608180e+02    2.88127550e-01    7.42529105e+17
 5.58000000e+00    1.04536235e+02    2.88857335e-01    7.42328047e+17
 5.58500000e+00    1.04464257e+02    2.89588230e-01    7.42126860e+17
 5.59000000e+00    1.04392247e+02    2.90320237e-01    7.41925545e+17
 5.59500000e+00    1.04320203e+02    2.91053356e-01    7.41724102e+17
 5.60000000e+00    1.04248128e+02    2.91787586e-01    7.41522531e+17
 5.60500000e+00    1.04176019e+02    2.92522929e-01    7.41320831e+17
 5.61000000e+00    1.04103878e+02    2.93259385e-01    7.41119004e+17
 5.61500000e+00    1.04031704e+02    2.93996953e-01    7.40917048e+17
 5.62000000e+00    1.03959498e+02    2.94735635e-01    7.40714965e+17
 5.62500000e+00    1.03887260e+02    2.95475430e-01    7.40512755e+17
 5.63000000e+00    1.03814990e+02    2.96216339e-01    7.40310416e+17
 5.63500000e+00    1.03742687e+02    2.96958363e-01    7.40107950e+17
 5.64000000e+00    1.03670353e+02    2.97701501e-01    7.39905357e+17
 5.64500000e+00    1.03597986e+02    2.98445754e-01    7.39702636e+17
 5.65000000e+00    1.03525587e+02    2.99191123e-01    7.39499789e+17
 5.65500000e+00    1.03453157e+02    2.99937606e-01    7.39296814e+17
 5.66000000e+00    1.03380694e+02    3.00685206e-01    7.39093712e+17
 5.66500000e+00    1.03308200e+02    3.01433922e-01    7.38890483e+17
 5.67000000e+00    1.03235675e+02    3.02183755e-01    7.38687128e+17
 5.67500000e+00    1.03163117e+02    3.02934704e-01    7.38483646e+17
 5.68000000e+00    1.03090529e+02    3.03686770e-01    7.38280038e+17
 5.68500000e+00    1.03017909e+02    3.04439954e-01    7.38076303e+17
 5.69000000e+00    1.02945257e+02    3.05194255e-01    7.37872442e+17
 5.69500000e+00    1.02872574e+02    3.05949675e-01    7.37668455e+17
 5.70000000e+00    1.02799860e+02    3.06706213e-01    7.37464341e+17
 5.70500000e+00    1.02727115e+02    3.07463869e-01    7.37260102e+17
 5.71000000e+00    1.02654339e+02    3.08222644e-01    7.37055737e+17
 5.71500000e+00    1.02581532e+02    3.08982539e-01    7.36851246e+17
 5.72000000e+00    1.02508693e+02    3.09743553e-01    7.36646629e+17
 5.72500000e+00    1.02435824e+02    3.10505687e-01    7.36441887e+17
 5.73000000e+00    1.02362925e+02    3.11268941e-01    7.36237020e+17
 5.73500000e+00    1.02289994e+02    3.12033315e-01    7.36032027e+17
 5.74000000e+00    1.02217033e+02    3.12798810e-01    7.35826909e+17
 5.74500000e+00    1.02144041e+02    3.13565427e-01    7.35621666e+17
 5.75000000e+00    1.02071019e+02    3.14333164e-01    7.35416298e+17
 5.75500000e+00    1.01997967e+02    3.15102023e-01    7.35210804e+17
 5.76000000e+00    1.01924884e+02    3.15872004e-01    7.35005186e+17
 5.76500000e+00    1.01851771e+02    3.16643107e-01    7.34799442e+17
 5.77000000e+00    1.01778627e+02    3.17415332e-01    7.34593574e+17
 5.77500000e+00    1.01705454e+02    3.18188680e-01    7.34387582e+17
 5.78000000e+00    1.01632250e+02    3.18963151e-01    7.34181464e+17
 5.78500000e+00    1.01559017e+02    3.19738745e-01    7.33975222e+17
 5.79000000e+00    1.01485753e+02    3.20515463e-01    7.33768856e+17
 5.79500000e+00    1.01412460e+02    3.21293304e-01    7.33562365e+17
 5.80000000e+00    1.01339137e+02    3.22072270e-01    7.33355750e+17
 5.80500000e+00    1.01265785e+02    3.22852359e-01    7.33149010e+17
 5.81000000e+00    1.01192402e+02    3.23633574e-01    7.32942147e+17
 5.81500000e+00    1.01118991e+02    3.24415913e-01    7.32735159e+17
 5.82000000e+00    1.01045550e+02    3.25199378e-01    7.32528048e+17
 5.82500000e+00    1.00972079e+02    3.25983967e-01    7.32320812e+17
 5.83000000e+00    1.00898579e+02    3.26769683e-01    7.32113453e+17
 5.83500000e+00    1.00825050e+02    3.27556524e-01    7.31905970e+17
 5.84000000e+00    1.00751492e+02    3.28344492e-01    7.31698364e+17
 5.84500000e+00    1.00677904e+02    3.29133586e-01    7.31490634e+17
 5.85000000e+00    1.00604288e+02    3.29923806e-01    7.31282781e+17
 5.85500000e+00    1.00530642e+02    3.30715154e-01    7.31074804e+17
 5.86000000e+00    1.00456968e+02    3.31507629e-01    7.30866705e+17
 5.86500000e+00    1.00383265e+02    3.32301231e-01    7.30658482e+17
 5.87000000e+00    1.00309533e+02    3.33095961e-01    7.30450136e+17
 5.87500000e+00    1.00235773e+02    3.33891819e-01    7.30241667e+17
 5.88000000e+00    1.00161984e+02    3.34688805e-01    7.30033076e+17
 5.88500000e+00    1.00088166e+02    3.35486919e-01    7.29824362e+17
 5.89000000e+00    1.00014320e+02    3.36286162e-01    7.29615525e+17
 5.89500000e+00    9.99404462e+01    3.37086534e-01    7.29406566e+17
 5.90000000e+00    9.98665436e+01    3.37888035e-01    7.29197484e+17
 5.90500000e+00    9.97926128e+01    3.38690666e-01    7.28988280e+17
 5.91000000e+00    9.97186539e+01    3.39494426e-01    7.28778954e+17
 5.91500000e+00    9.96446669e+01    3.40299316e-01    7.28569505e+17
 5.92000000e+00    9.95706519e+01    3.41105336e-01    7.28359935e+17
 5.92500000e+00    9.94966090e+01    3.41912487e-01    7.28150243e+17
 5.93000000e+00    9.94225383e+01    3.42720768e-01    7.27940428e+17
 5.93500000e+00    9.93484398e+01    3.43530179e-01    7.27730493e+17
 5.94000000e+00    9.92743136e+01    3.44340722e-01    7.27520435e+17
 5.94500000e+00    9.92001598e+01    3.45152396e-01    7.27310256e+17
 5.95000000e+00    9.91259784e+01    3.45965202e-01    7.27099955e+17
 5.95500000e+00    9.90517695e+01    3.46779139e-01    7.26889533e+17
 5.96000000e+00    9.89775333e+01    3.47594208e-01    7.26678990e+17
 5.96500000e+00    9.89032697e+01    3.48410410e-01    7.26468326e+17
 5.97000000e+00    9.88289789e+01    3.49227743e-01    7.26257540e+17
 5.97500000e+00    9.87546609e+01    3.50046209e-01    7.26046634e+17
 5.98000000e+00    9.86803157e+01    3.50865808e-01    7.25835607e+17
 5.98500000e+00    9.86059436e+01    3.51686540e-01    7.25624459e+17
 5.99000000e+00    9.85315445e+01    3.52508406e-01    7.25413190e+17
 5.99500000e+00    9.84571184e+01    3.53331404e-01    7.25201800e+17
 6.00000000e+00    9.83826656e+01    3.54155536e-01    7.24990290e+17
 6.00500000e+00    9.83081861e+01    3.54980802e-01    7.24778660e+17
 6.01000000e+00    9.82336798e+01    3.55807202e-01    7.24566909e+17
 6.01500000e+00    9.81591470e+01    3.56634737e-01    7.24355038e+17
 6.02000000e+00    9.80845877e+01    3.57463406e-01    7.24143047e+17
 6.02500000e+00    9.80100019e+01    3.58293209e-01    7.23930935e+17
 6.03000000e+00    9.79353898e+01    3.59124147e-01    7.23718704e+17
 6.03500000e+00    9.78607513e+01    3.59956220e-01    7.23506352e+17
 6.04000000e+00    9.77860866e+01    3.60789429e-01    7.23293881e+17
 6.04500000e+00    9.77113958e+01    3.61623773e-01    7.23081290e+17
 6.05000000e+00    9.76366789e+01    3.62459252e-01    7.22868579e+17
 6.05500000e+00    9.75619360e+01    3.63295868e-01    7.22655748e+17
 6.06000000e+00    9.74871672e+01    3.64133619e-01    7.22442798e+17
 6.06500000e+00    9.74123725e+01    3.64972507e-01    7.22229729e+17
 6.07000000e+00    9.73375520e+01    3.65812531e-01    7.22016540e+17
 6.07500000e+00    9.72627059e+01    3.66653691e-01    7.21803232e+17
 6.08000000e+00    9.71878341e+01    3.67495989e-01    7.21589805e+17
 6.08500000e+00    9.71129367e+01    3.68339423e-01    7.21376258e+17
 6.09000000e+00    9.70380139e+01    3.69183994e-01    7.21162592e+17
 6.09500000e+00    9.69630656e+01    3.70029703e-01    7.20948808e+17
 6.10000000e+00    9.68880920e+01    3.70876549e-01    7.20734904e+17
 6.10500000e+00    9.68130931e+01    3.71724532e-01    7.20520882e+17
 6.11000000e+00    9.67380691e+01    3.72573654e-01    7.20306741e+17
 6.11500000e+00    9.66630199e+01    3.73423913e-01    7.20092481e+17
 6.12000000e+00    9.65879457e+01    3.74275311e-01    7.19878102e+17
 6.12500000e+00    9.65128465e+01    3.75127847e-01    7.19663605e+17
 6.13000000e+00    9.64377225e+01    3.75981521e-01    7.19448990e+17
 6.13500000e+00    9.63625736e+01    3.76836334e-01    7.19234256e+17
 6.14000000e+00    9.62873999e+01    3.77692286e-01    7.19019404e+17
 6.14500000e+00    9.62122016e+01    3.78549377e-01    7.18804433e+17
 6.15000000e+00    9.61369787e+01    3.79407607e-01    7.18589345e+17
 6.15500000e+00    9.60617313e+01    3.80266976e-01    7.18374138e+17
 6.16000000e+00    9.59864594e+01    3.81127485e-01    7.18158814e+17
 6.16500000e+00    9.59111631e+01    3.81989133e-01    7.17943371e+17
 6.17000000e+00    9.58358425e+01    3.82851921e-01    7.17727811e+17
 6.17500000e+00    9.57604977e+01    3.83715849e-01    7.17512133e+17
 6.18000000e+00    9.56851288e+01    3.84580917e-01    7.17296338e+17
 6.18500000e+00    9.56097358e+01    3.85447126e-01    7.17080425e+17
 6.19000000e+00    9.55343187e+01    3.86314474e-01    7.16864395e+17
 6.19500000e+00    9.54588778e+01    3.87182963e-01    7.16648247e+17
 6.20000000e+00    9.53834129e+01    3.88052593e-01    7.16431982e+17
 6.20500000e+00    9.53079243e+01    3.88923364e-01    7.16215600e+17
 6.21000000e+00    9.52324120e+01    3.89795275e-01    7.15999101e+17
 6.21500000e+00    9.51568760e+01    3.90668328e-01    7.15782485e+17
 6.22000000e+00    9.50813165e+01    3.91542522e-01    7.15565753e+17
 6.22500000e+00    9.50057335e+01    3.92417857e-01    7.15348903e+17
 6.23000000e+00    9.49301271e+01    3.93294334e-01    7.15131937e+17
 6.23500000e+00    9.48544973e+01    3.94171952e-01    7.14914854e+17
 6.24000000e+00    9.47788443e+01    3.95050712e-01    7.14697655e+17
 6.24500000e+00    9.47031680e+01    3.95930614e-01    7.14480339e+17
 6.25000000e+00    9.46274687e+01    3.96811658e-01    7.14262907e+17
 6.25500000e+00    9.45517463e+01    3.97693844e-01    7.14045358e+17
 6.26000000e+00    9.44760009e+01    3.98577172e-01    7.13827693e+17
 6.26500000e+00    9.44002327e+01    3.99461643e-01    7.13609912e+17
 6.27000000e+00    9.43244416e+01    4.00347256e-01    7.13392015e+17
 6.27500000e+00    9.42486278e+01    4.01234012e-01    7.13174003e+17
 6.28000000e+00    9.41727913e+01    4.02121910e-01    7.12955874e+17
 6.28500000e+00    9.40969322e+01    4.03010952e-01    7.12737629e+17
 6.29000000e+00    9.40210506e+01    4.03901136e-01    7.12519268e+17
 6.29500000e+00    9.39451465e+01    4.04792464e-01    7.12300792e+17
 6.30000000e+00    9.38692201e+01    4.05684935e-01    7.12082201e+17
 6.30500000e+00    9.37932713e+01    4.06578549e-01    7.11863493e+17
 6.31000000e+00    9.37173003e+01    4.07473306e-01    7.11644671e+17
 6.31500000e+00    9.36413072e+01    4.08369207e-01    7.11425733e+17
 6.32000000e+00    9.35652920e+01    4.09266252e-01    7.11206679e+17
 6.32500000e+00    9.34892548e+01    4.10164440e-01    7.10987511e+17
 6.33000000e+00    9.34131956e+01    4.11063772e-01    7.10768227e+17
 6.33500000e+00    9.33371146e+01    4.11964248e-01    7.10548828e+17
 6.34000000e+00    9.32610118e+01    4.12865868e-01    7.10329314e+17
 6.34500000e+00    9.31848873e+01    4.13768633e-01    7.10109686e+17
 6.35000000e+00    9.31087412e+01    4.14672541e-01    7.09889942e+17
 6.35500000e+00    9.30325735e+01    4.15577594e-01    7.09670084e+17
 6.36000000e+00    9.29563843e+01    4.16483791e-01    7.09450111e+17
 6.36500000e+00    9.28801737e+01    4.17391133e-01    7.09230023e+17
 6.37000000e+00    9.28039418e+01    4.18299620e-01    7.09009821e+17
 6.37500000e+00    9.27276886e+01    4.19209251e-01    7.08789505e+17
 6.38000000e+00    9.26514142e+01    4.20120027e-01    7.08569074e+17
 6.38500000e+00    9.25751187e+01    4.21031947e-01    7.08348529e+17
 6.39000000e+00    9.24988022e+01    4.21945013e-01    7.08127869e+17
 6.39500000e+00    9.24224647e+01    4.22859224e-01    7.07907095e+17
 6.40000000e+00    9.23461063e+01    4.23774579e-01    7.07686208e+17
 6.40500000e+00    9.22697271e+01    4.24691080e-01    7.07465206e+17
 6.41000000e+00    9.21933271e+01    4.25608727e-01    7.07244090e+17
 6.41500000e+00    9.21169065e+01    4.26527518e-01    7.07022860e+17
 6.42000000e+00    9.20404652e+01    4.27447455e-01    7.06801517e+17
 6.42500000e+00    9.19640035e+01    4.28368537e-01    7.06580060e+17
 6.43000000e+00    9.18875213e+01    4.29290765e-01    7.06358489e+17
 6.43500000e+00    9.18110187e+01    4.30214139e-01    7.06136804e+17
 6.44000000e+00    9.17344959e+01    4.31138658e-01    7.05915006e+17
 6.44500000e+00    9.16579528e+01    4.32064323e-01    7.05693094e+17
 6.45000000e+00    9.15813896e+01    4.32991134e-01    7.05471069e+17
 6.45500000e+00    9.15048062e+01    4.33919091e-01    7.05248930e+17
 6.46000000e+00    9.14282029e+01    4.34848193e-01    7.05026678e+17
 6.46500000e+00    9.13515797e+01    4.35778442e-01    7.04804313e+17
 6.47000000e+00    9.12749366e+01    4.36709836e-01    7.04581835e+17
 6.47500000e+00    9.11982737e+01    4.37642377e-01    7.04359243e+17
 6.48000000e+00    9.11215912e+01    4.38576064e-01    7.04136539e+17
 6.48500000e+00    9.10448890e+01    4.39510897e-01    7.03913721e+17
 6.49000000e+00    9.09681672e+01    4.40446876e-01    7.03690791e+17
 6.49500000e+00    9.08914260e+01    4.41384002e-01    7.03467748e+17
 6.50000000e+00    9.08146654e+01    4.42322274e-01    7.03244592e+17
 6.50500000e+00    9.07378854e+01    4.43261692e-01    7.03021323e+17
 6.51000000e+00    9.06610862e+01    4.44202257e-01    7.02797942e+17
 6.51500000e+00    9.05842677e+01    4.45143968e-01    7.02574448e+17
 6.52000000e+00    9.05074302e+01    4.46086826e-01    7.02350842e+17
 6.52500000e+00    9.04305737e+01    4.47030830e-01    7.02127124e+17
 6.53000000e+00    9.03536982e+01    4.47975981e-01    7.01903293e+17
 6.53500000e+00    9.02768038e+01    4.48922278e-01    7.01679349e+17
 6.54000000e+00    9.01998906e+01    4.49869722e-01    7.01455294e+17
 6.54500000e+00    9.01229586e+01    4.50818313e-01    7.01231126e+17
 6.55000000e+00    9.00460080e+01    4.51768050e-01    7.01006847e+17
 6.55500000e+00    8.99690388e+01    4.52718935e-01    7.00782456e+17
 6.56000000e+00    8.98920511e+01    4.53670966e-01    7.00557952e+17
 6.56500000e+00    8.98150450e+01    4.54624143e-01    7.00333337e+17
 6.57000000e+00    8.97380205e+01    4.55578468e-01    7.00108611e+17
 6.57500000e+00    8.96609777e+01    4.56533939e-01    6.99883772e+17
 6.58000000e+00    8.95839167e+01    4.57490558e-01    6.99658823e+17
 6.58500000e+00    8.95068375e+01    4.58448323e-01    6.99433761e+17
 6.59000000e+00    8.94297403e+01    4.59407235e-01    6.99208589e+17
 6.59500000e+00    8.93526251e+01    4.60367294e-01    6.98983305e+17
 6.60000000e+00    8.92754920e+01    4.61328500e-01    6.98757910e+17
 6.60500000e+00    8.91983410e+01    4.62290852e-01    6.98532404e+17
 6.61000000e+00    8.91211723e+01    4.63254352e-01    6.98306787e+17
 6.61500000e+00    8.90439858e+01    4.64218999e-01    6.98081059e+17
 6.62000000e+00    8.89667818e+01    4.65184792e-01    6.97855221e+17
 6.62500000e+00    8.88895602e+01    4.66151733e-01    6.97629271e+17
 6.63000000e+00    8.88123211e+01    4.67119821e-01    6.97403210e+17
 6.63500000e+00    8.87350646e+01    4.68089055e-01    6.97177039e+17
 6.64000000e+00    8.86577908e+01    4.69059436e-01    6.96950757e+17
 6.64500000e+00    8.85804998e+01    4.70030965e-01    6.96724364e+17
 6.65000000e+00    8.85031916e+01    4.71003640e-01    6.96497860e+17
 6.65500000e+00    8.84258663e+01    4.71977463e-01    6.96271246e+17
 6.66000000e+00    8.83485240e+01    4.72952432e-01    6.96044521e+17
 6.66500000e+00    8.82711647e+01    4.73928548e-01    6.95817685e+17
 6.67000000e+00    8.81937885e+01    4.74905811e-01    6.95590739e+17
 6.67500000e+00    8.81163956e+01    4.75884221e-01    6.95363682e+17
 6.68000000e+00    8.80389859e+01    4.76863778e-01    6.95136515e+17
 6.68500000e+00    8.79615595e+01    4.77844482e-01    6.94909237e+17
 6.69000000e+00    8.78841166e+01    4.78826333e-01    6.94681849e+17
 6.69500000e+00    8.78066572e+01    4.79809330e-01    6.94454351e+17
 6.70000000e+00    8.77291814e+01    4.80793475e-01    6.94226742e+17
 6.70500000e+00    8.76516892e+01    4.81778766e-01    6.93999023e+17
 6.71000000e+00    8.75741807e+01    4.82765204e-01    6.93771194e+17
 6.71500000e+00    8.74966560e+01    4.83752788e-01    6.93543255e+17
 6.72000000e+00    8.74191152e+01    4.84741520e-01    6.93315206e+17
 6.72500000e+00    8.73415583e+01    4.85731398e-01    6.93087047e+17
 6.73000000e+00    8.72639854e+01    4.86722423e-01    6.92858779e+17
 6.73500000e+00    8.71863967e+01    4.87714594e-01    6.92630400e+17
 6.74000000e+00    8.71087921e+01    4.88707912e-01    6.92401912e+17
 6.74500000e+00    8.70311717e+01    4.89702377e-01    6.92173315e+17
 6.75000000e+00    8.69535357e+01    4.90697988e-01    6.91944607e+17
 6.75500000e+00    8.68758841e+01    4.91694745e-01    6.91715791e+17
 6.76000000e+00    8.67982169e+01    4.92692649e-01    6.91486865e+17
 6.76500000e+00    8.67205343e+01    4.93691700e-01    6.91257830e+17
 6.77000000e+00    8.66428362e+01    4.94691896e-01    6.91028685e+17
 6.77500000e+00    8.65651229e+01    4.95693239e-01    6.90799431e+17
 6.78000000e+00    8.64873943e+01    4.96695729e-01    6.90570069e+17
 6.78500000e+00    8.64096506e+01    4.97699364e-01    6.90340597e+17
 6.79000000e+00    8.63318918e+01    4.98704146e-01    6.90111016e+17
 6.79500000e+00    8.62541179e+01    4.99710074e-01    6.89881326e+17
 6.80000000e+00    8.61763292e+01    5.00717148e-01    6.89651527e+17
 6.80500000e+00    8.60985255e+01    5.01725367e-01    6.89421619e+17
 6.81000000e+00    8.60207071e+01    5.02734733e-01    6.89191602e+17
 6.81500000e+00    8.59428740e+01    5.03745245e-01    6.88961477e+17
 6.82000000e+00    8.58650262e+01    5.04756902e-01    6.88731242e+17
 6.82500000e+00    8.57871638e+01    5.05769705e-01    6.88500899e+17
 6.83000000e+00    8.57092870e+01    5.06783654e-01    6.88270448e+17
 6.83500000e+00    8.56313957e+01    5.07798749e-01    6.88039887e+17
 6.84000000e+00    8.55534901e+01    5.08814989e-01    6.87809218e+17
 6.84500000e+00    8.54755703e+01    5.09832375e-01    6.87578441e+17
 6.85000000e+00    8.53976362e+01    5.10850906e-01    6.87347555e+17
 6.85500000e+00    8.53196880e+01    5.11870582e-01    6.87116561e+17
 6.86000000e+00    8.52417258e+01    5.12891403e-01    6.86885458e+17
 6.86500000e+00    8.51637496e+01    5.13913370e-01    6.86654247e+17
 6.87000000e+00    8.50857595e+01    5.14936482e-01    6.86422928e+17
 6.87500000e+00    8.50077556e+01    5.15960739e-01    6.86191501e+17
 6.88000000e+00    8.49297380e+01    5.16986141e-01    6.85959966e+17
 6.88500000e+00    8.48517066e+01    5.18012687e-01    6.85728322e+17
 6.89000000e+00    8.47736617e+01    5.19040379e-01    6.85496571e+17
 6.89500000e+00    8.46956033e+01    5.20069215e-01    6.85264711e+17
 6.90000000e+00    8.46175314e+01    5.21099196e-01    6.85032744e+17
 6.90500000e+00    8.45394461e+01    5.22130321e-01    6.84800669e+17
 6.91000000e+00    8.44613475e+01    5.23162591e-01    6.84568486e+17
 6.91500000e+00    8.43832357e+01    5.24196005e-01    6.84336195e+17
 6.92000000e+00    8.43051108e+01    5.25230563e-01    6.84103797e+17
 6.92500000e+00    8.42269728e+01    5.26266265e-01    6.83871290e+17
 6.93000000e+00    8.41488217e+01    5.27303112e-01    6.83638677e+17
 6.93500000e+00    8.40706578e+01    5.28341102e-01    6.83405955e+17
 6.94000000e+00    8.39924810e+01    5.29380236e-01    6.83173126e+17
 6.94500000e+00    8.39142914e+01    5.30420514e-01    6.82940190e+17
 6.95000000e+00    8.38360891e+01    5.31461935e-01    6.82707146e+17
 6.95500000e+00    8.37578742e+01    5.32504500e-01    6.82473995e+17
 6.96000000e+00    8.36796468e+01    5.33548209e-01    6.82240736e+17
 6.96500000e+00    8.36014068e+01    5.34593060e-01    6.82007370e+17
 6.97000000e+00    8.35231545e+01    5.35639055e-01    6.81773896e+17
 6.97500000e+00    8.34448898e+01    5.36686193e-01    6.81540315e+17
 6.98000000e+00    8.33666128e+01    5.37734473e-01    6.81306627e+17
 6.98500000e+00    8.32883237e+01    5.38783897e-01    6.81072832e+17
 6.99000000e+00    8.32100225e+01    5.39834463e-01    6.80838930e+17
 6.99500000e+00    8.31317092e+01    5.40886172e-01    6.80604920e+17
 7.00000000e+00    8.30533840e+01    5.41939023e-01    6.80370803e+17
 7.00500000e+00    8.29750469e+01    5.42993017e-01    6.80136580e+17
 7.01000000e+00    8.28966980e+01    5.44048153e-01    6.79902249e+17
 7.01500000e+00    8.28183374e+01    5.45104431e-01    6.79667811e+17
 7.02000000e+00    8.27399651e+01    5.46161850e-01    6.79433267e+17
 7.02500000e+00    8.26615812e+01    5.47220412e-01    6.79198615e+17
 7.03000000e+00    8.25831858e+01    5.48280115e-01    6.78963857e+17
 7.03500000e+00    8.25047789e+01    5.49340960e-01    6.78728992e+17
 7.04000000e+00    8.24263607e+01    5.50402946e-01    6.78494020e+17
 7.04500000e+00    8.23479312e+01    5.51466074e-01    6.78258941e+17
 7.05000000e+00    8.22694905e+01    5.52530342e-01    6.78023756e+17
 7.05500000e+00    8.21910387e+01    5.53595752e-01    6.77788464e+17
 7.06000000e+00    8.21125758e+01    5.54662302e-01    6.77553065e+17
 7.06500000e+00    8.20341019e+01    5.55729993e-01    6.77317560e+17
 7.07000000e+00    8.19556171e+01    5.56798825e-01    6.77081948e+17
 7.07500000e+00    8.18771215e+01    5.57868796e-01    6.76846230e+17
 7.08000000e+00    8.17986150e+01    5.58939909e-01    6.76610406e+17
 7.08500000e+00    8.17200979e+01    5.60012161e-01    6.76374475e+17
 7.09000000e+00    8.16415702e+01    5.61085553e-01    6.76138437e+17
 7.09500000e+00    8.15630319e+01    5.62160085e-01    6.75902294e+17
 7.10000000e+00    8.14844832e+01    5.63235756e-01    6.75666044e+17
 7.10500000e+00    8.14059241e+01    5.64312567e-01    6.75429687e+17
 7.11000000e+00    8.13273546e+01    5.65390517e-01    6.75193225e+17
 7.11500000e+00    8.12487749e+01    5.66469607e-01    6.74956656e+17
 7.12000000e+00    8.11701851e+01    5.67549835e-01    6.74719982e+17
 7.12500000e+00    8.10915851e+01    5.68631202e-01    6.74483201e+17
 7.13000000e+00    8.10129751e+01    5.69713707e-01    6.74246314e+17
 7.13500000e+00    8.09343552e+01    5.70797351e-01    6.74009321e+17
 7.14000000e+00    8.08557254e+01    5.71882134e-01    6.73772222e+17
 7.14500000e+00    8.07770858e+01    5.72968054e-01    6.73535018e+17
 7.15000000e+00    8.06984365e+01    5.74055112e-01    6.73297707e+17
 7.15500000e+00    8.06197775e+01    5.75143308e-01    6.73060290e+17
 7.16000000e+00    8.05411090e+01    5.76232642e-01    6.72822768e+17
 7.16500000e+00    8.04624309e+01    5.77323113e-01    6.72585140e+17
 7.17000000e+00    8.03837435e+01    5.78414721e-01    6.72347406e+17
 7.17500000e+00    8.03050466e+01    5.79507466e-01    6.72109566e+17
 7.18000000e+00    8.02263405e+01    5.80601348e-01    6.71871621e+17
 7.18500000e+00    8.01476252e+01    5.81696366e-01    6.71633570e+17
 7.19000000e+00    8.00689008e+01    5.82792521e-01    6.71395413e+17
 7.19500000e+00    7.99901673e+01    5.83889812e-01    6.71157151e+17
 7.20000000e+00    7.99114249e+01    5.84988240e-01    6.70918783e+17
 7.20500000e+00    7.98326735e+01    5.86087803e-01    6.70680309e+17
 7.21000000e+00    7.97539133e+01    5.87188501e-01    6.70441730e+17
 7.21500000e+00    7.96751444e+01    5.88290335e-01    6.70203046e+17
 7.22000000e+00    7.95963667e+01    5.89393305e-01    6.69964256e+17
 7.22500000e+00    7.95175805e+01    5.90497409e-01    6.69725360e+17
 7.23000000e+00    7.94387857e+01    5.91602648e-01    6.69486359e+17
 7.23500000e+00    7.93599825e+01    5.92709022e-01    6.69247252e+17
 7.24000000e+00    7.92811709e+01    5.93816530e-01    6.69008040e+17
 7.24500000e+00    7.92023510e+01    5.94925173e-01    6.68768722e+17
 7.25000000e+00    7.91235228e+01    5.96034949e-01    6.68529299e+17
 7.25500000e+00    7.90446865e+01    5.97145859e-01    6.68289770e+17
 7.26000000e+00    7.89658421e+01    5.98257903e-01    6.68050135e+17
 7.26500000e+00    7.88869897e+01    5.99371080e-01    6.67810395e+17
 7.27000000e+00    7.88081293e+01    6.00485390e-01    6.67570550e+17
 7.27500000e+00    7.87292611e+01    6.01600833e-01    6.67330599e+17
 7.28000000e+00    7.86503851e+01    6.02717409e-01    6.67090543e+17
 7.28500000e+00    7.85715014e+01    6.03835117e-01    6.66850381e+17
 7.29000000e+00    7.84926101e+01    6.04953957e-01    6.66610114e+17
 7.29500000e+00    7.84137111e+01    6.06073930e-01    6.66369741e+17
 7.30000000e+00    7.83348047e+01    6.07195034e-01    6.66129264e+17
 7.30500000e+00    7.82558909e+01    6.08317269e-01    6.65888681e+17
 7.31000000e+00    7.81769698e+01    6.09440636e-01    6.65647993e+17
 7.31500000e+00    7.80980413e+01    6.10565134e-01    6.65407200e+17
 7.32000000e+00    7.80191057e+01    6.11690763e-01    6.65166301e+17
 7.32500000e+00    7.79401630e+01    6.12817522e-01    6.64925298e+17
 7.33000000e+00    7.78612132e+01    6.13945412e-01    6.64684190e+17
 7.33500000e+00    7.77822564e+01    6.15074431e-01    6.64442977e+17
 7.34000000e+00    7.77032928e+01    6.16204581e-01    6.64201659e+17
 7.34500000e+00    7.76243223e+01    6.17335860e-01    6.63960235e+17
 7.35000000e+00    7.75453451e+01    6.18468269e-01    6.63718707e+17
 7.35500000e+00    7.74663612e+01    6.19601806e-01    6.63477074e+17
 7.36000000e+00    7.73873707e+01    6.20736472e-01    6.63235336e+17
 7.36500000e+00    7.73083737e+01    6.21872267e-01    6.62993493e+17
 7.37000000e+00    7.72293703e+01    6.23009190e-01    6.62751545e+17
 7.37500000e+00    7.71503605e+01    6.24147242e-01    6.62509492e+17
 7.38000000e+00    7.70713443e+01    6.25286421e-01    6.62267335e+17
 7.38500000e+00    7.69923220e+01    6.26426727e-01    6.62025072e+17
 7.39000000e+00    7.69132935e+01    6.27568161e-01    6.61782704e+17
 7.39500000e+00    7.68342589e+01    6.28710722e-01    6.61540231e+17
 7.40000000e+00    7.67552183e+01    6.29854410e-01    6.61297654e+17
 7.40500000e+00    7.66761718e+01    6.30999224e-01    6.61054971e+17
 7.41000000e+00    7.65971194e+01    6.32145164e-01    6.60812183e+17
 7.41500000e+00    7.65180613e+01    6.33292230e-01    6.60569291e+17
 7.42000000e+00    7.64389974e+01    6.34440422e-01    6.60326293e+17
 7.42500000e+00    7.63599280e+01    6.35589739e-01    6.60083191e+17
 7.43000000e+00    7.62808529e+01    6.36740181e-01    6.59839984e+17
 7.43500000e+00    7.62017724e+01    6.37891748e-01    6.59596672e+17
 7.44000000e+00    7.61226865e+01    6.39044440e-01    6.59353255e+17
 7.44500000e+00    7.60435952e+01    6.40198255e-01    6.59109733e+17
 7.45000000e+00    7.59644987e+01    6.41353195e-01    6.58866107e+17
 7.45500000e+00    7.58853970e+01    6.42509259e-01    6.58622375e+17
 7.46000000e+00    7.58062902e+01    6.43666445e-01    6.58378539e+17
 7.46500000e+00    7.57271784e+01    6.44824755e-01    6.58134598e+17
 7.47000000e+00    7.56480615e+01    6.45984188e-01    6.57890553e+17
 7.47500000e+00    7.55689399e+01    6.47144743e-01    6.57646403e+17
 7.48000000e+00    7.54898133e+01    6.48306420e-01    6.57402148e+17
 7.48500000e+00    7.54106821e+01    6.49469219e-01    6.57157788e+17
 7.49000000e+00    7.53315462e+01    6.50633139e-01    6.56913323e+17
 7.49500000e+00    7.52524057e+01    6.51798181e-01    6.56668754e+17
 7.50000000e+00    7.51732607e+01    6.52964344e-01    6.56424080e+17
 7.50500000e+00    7.50941112e+01    6.54131628e-01    6.56179302e+17
 7.51000000e+00    7.50149574e+01    6.55300032e-01    6.55934419e+17
 7.51500000e+00    7.49357993e+01    6.56469556e-01    6.55689431e+17
 7.52000000e+00    7.48566370e+01    6.57640199e-01    6.55444338e+17
 7.52500000e+00    7.47774705e+01    6.58811962e-01    6.55199141e+17
 7.53000000e+00    7.46982999e+01    6.59984844e-01    6.54953839e+17
 7.53500000e+00    7.46191254e+01    6.61158845e-01    6.54708432e+17
 7.54000000e+00    7.45399469e+01    6.62333965e-01    6.54462921e+17
 7.54500000e+00    7.44607646e+01    6.63510202e-01    6.54217305e+17
 7.55000000e+00    7.43815785e+01    6.64687557e-01    6.53971584e+17
 7.55500000e+00    7.43023888e+01    6.65866030e-01    6.53725759e+17
 7.56000000e+00    7.42231953e+01    6.67045620e-01    6.53479829e+17
 7.56500000e+00    7.41439984e+01    6.68226327e-01    6.53233794e+17
 7.57000000e+00    7.40647980e+01    6.69408150e-01    6.52987655e+17
 7.57500000e+00    7.39855941e+01    6.70591089e-01    6.52741410e+17
 7.58000000e+00    7.39063870e+01    6.71775144e-01    6.52495061e+17
 7.58500000e+00    7.38271766e+01    6.72960315e-01    6.52248607e+17
 7.59000000e+00    7.37479630e+01    6.74146601e-01    6.52002048e+17
 7.59500000e+00    7.36687463e+01    6.75334001e-01    6.51755384e+17
 7.60000000e+00    7.35895266e+01    6.76522516e-01    6.51508615e+17
 7.60500000e+00    7.35103039e+01    6.77712145e-01    6.51261742e+17
 7.61000000e+00    7.34310783e+01    6.78902888e-01    6.51014763e+17
 7.61500000e+00    7.33518500e+01    6.80094744e-01    6.50767679e+17
 7.62000000e+00    7.32726189e+01    6.81287713e-01    6.50520491e+17
 7.62500000e+00    7.31933851e+01    6.82481795e-01    6.50273198e+17
 7.63000000e+00    7.31141488e+01    6.83676990e-01    6.50025799e+17
 7.63500000e+00    7.30349099e+01    6.84873296e-01    6.49778296e+17
 7.64000000e+00    7.29556686e+01    6.86070714e-01    6.49530687e+17
 7.64500000e+00    7.28764250e+01    6.87269243e-01    6.49282974e+17
 7.65000000e+00    7.27971791e+01    6.88468883e-01    6.49035156e+17
 7.65500000e+00    7.27179309e+01    6.89669633e-01    6.48787232e+17
 7.66000000e+00    7.26386806e+01    6.90871494e-01    6.48539204e+17
 7.66500000e+00    7.25594283e+01    6.92074464e-01    6.48291070e+17
 7.67000000e+00    7.24801740e+01    6.93278544e-01    6.48042832e+17
 7.67500000e+00    7.24009177e+01    6.94483733e-01    6.47794488e+17
 7.68000000e+00    7.23216596e+01    6.95690030e-01    6.47546040e+17
 7.68500000e+00    7.22423997e+01    6.96897436e-01    6.47297486e+17
 7.69000000e+00    7.21631382e+01    6.98105950e-01    6.47048828e+17
 7.69500000e+00    7.20838750e+01    6.99315571e-01    6.46800064e+17
 7.70000000e+00    7.20046103e+01    7.00526300e-01    6.46551195e+17
 7.70500000e+00    7.19253441e+01    7.01738135e-01    6.46302221e+17
 7.71000000e+00    7.18460765e+01    7.02951076e-01    6.46053142e+17
 7.71500000e+00    7.17668076e+01    7.04165124e-01    6.45803957e+17
 7.72000000e+00    7.16875374e+01    7.05380277e-01    6.45554668e+17
 7.72500000e+00    7.16082661e+01    7.06596535e-01    6.45305273e+17
 7.73000000e+00    7.15289937e+01    7.07813898e-01    6.45055773e+17
 7.73500000e+00    7.14497202e+01    7.09032365e-01    6.44806168e+17
 7.74000000e+00    7.13704458e+01    7.10251937e-01    6.44556458e+17
 7.74500000e+00    7.12911705e+01    7.11472612e-01    6.44306642e+17
 7.75000000e+00    7.12118945e+01    7.12694390e-01    6.44056721e+17
 7.75500000e+00    7.11326177e+01    7.13917271e-01    6.43806695e+17
 7.76000000e+00    7.10533402e+01    7.15141254e-01    6.43556564e+17
 7.76500000e+00    7.09740621e+01    7.16366340e-01    6.43306327e+17
 7.77000000e+00    7.08947836e+01    7.17592526e-01    6.43055985e+17
 7.77500000e+00    7.08155046e+01    7.18819814e-01    6.42805537e+17
 7.78000000e+00    7.07362253e+01    7.20048203e-01    6.42554984e+17
 7.78500000e+00    7.06569456e+01    7.21277692e-01    6.42304326e+17
 7.79000000e+00    7.05776658e+01    7.22508281e-01    6.42053562e+17
 7.79500000e+00    7.04983858e+01    7.23739970e-01    6.41802692e+17
 7.80000000e+00    7.04191058e+01    7.24972757e-01    6.41551718e+17
 7.80500000e+00    7.03398258e+01    7.26206643e-01    6.41300637e+17
 7.81000000e+00    7.02605459e+01    7.27441627e-01    6.41049451e+17
 7.81500000e+00    7.01812661e+01    7.28677709e-01    6.40798160e+17
 7.82000000e+00    7.01019866e+01    7.29914889e-01    6.40546762e+17
 7.82500000e+00    7.00227073e+01    7.31153165e-01    6.40295259e+17
 7.83000000e+00    6.99434285e+01    7.32392538e-01    6.40043651e+17
 7.83500000e+00    6.98641501e+01    7.33633006e-01    6.39791936e+17
 7.84000000e+00    6.97848723e+01    7.34874571e-01    6.39540115e+17
 7.84500000e+00    6.97055950e+01    7.36117230e-01    6.39288189e+17
 7.85000000e+00    6.96263185e+01    7.37360984e-01    6.39036156e+17
 7.85500000e+00    6.95470427e+01    7.38605833e-01    6.38784018e+17
 7.86000000e+00    6.94677677e+01    7.39851775e-01    6.38531773e+17
 7.86500000e+00    6.93884936e+01    7.41098810e-01    6.38279422e+17
 7.87000000e+00    6.93092205e+01    7.42346939e-01    6.38026965e+17
 7.87500000e+00    6.92299485e+01    7.43596160e-01    6.37774402e+17
 7.88000000e+00    6.91506776e+01    7.44846473e-01    6.37521732e+17
 7.88500000e+00    6.90714079e+01    7.46097877e-01    6.37268956e+17
 7.89000000e+00    6.89921394e+01    7.47350372e-01    6.37016074e+17
 7.89500000e+00    6.89128723e+01    7.48603959e-01    6.36763086e+17
 7.90000000e+00    6.88336067e+01    7.49858635e-01    6.36509991e+17
 7.90500000e+00    6.87543425e+01    7.51114401e-01    6.36256790e+17
 7.91000000e+00    6.86750799e+01    7.52371256e-01    6.36003483e+17
 7.91500000e+00    6.85958189e+01    7.53629199e-01    6.35750069e+17
 7.92000000e+00    6.85165597e+01    7.54888231e-01    6.35496549e+17
 7.92500000e+00    6.84373022e+01    7.56148351e-01    6.35242923e+17
 7.93000000e+00    6.83580467e+01    7.57409558e-01    6.34989191e+17
 7.93500000e+00    6.82787930e+01    7.58671852e-01    6.34735352e+17
 7.94000000e+00    6.81995414e+01    7.59935233e-01    6.34481407e+17
 7.94500000e+00    6.81202919e+01    7.61199699e-01    6.34227355e+17
 7.95000000e+00    6.80410445e+01    7.62465250e-01    6.33973197e+17
 7.95500000e+00    6.79617994e+01    7.63731887e-01    6.33718933e+17
 7.96000000e+00    6.78825566e+01    7.64999608e-01    6.33464561e+17
 7.96500000e+00    6.78033161e+01    7.66268413e-01    6.33210083e+17
 7.97000000e+00    6.77240782e+01    7.67538301e-01    6.32955498e+17
 7.97500000e+00    6.76448427e+01    7.68809272e-01    6.32700806e+17
 7.98000000e+00    6.75656099e+01    7.70081325e-01    6.32446006e+17
 7.98500000e+00    6.74863798e+01    7.71354461e-01    6.32191100e+17
 7.99000000e+00    6.74071524e+01    7.72628678e-01    6.31936086e+17
 7.99500000e+00    6.73279278e+01    7.73903975e-01    6.31680965e+17
 8.00000000e+00    6.72487062e+01    7.75180354e-01    6.31425736e+17
 8.00500000e+00    6.71694875e+01    7.76457812e-01    6.31170399e+17
 8.01000000e+00    6.70902719e+01    7.77736349e-01    6.30914956e+17
 8.01500000e+00    6.70110594e+01    7.79015965e-01    6.30659404e+17
 8.02000000e+00    6.69318501e+01    7.80296660e-01    6.30403745e+17
 8.02500000e+00    6.68526441e+01    7.81578433e-01    6.30147978e+17
 8.03000000e+00    6.67734414e+01    7.82861282e-01    6.29892103e+17
 8.03500000e+00    6.66942422e+01    7.84145209e-01    6.29636121e+17
 8.04000000e+00    6.66150464e+01    7.85430212e-01    6.29380030e+17
 8.04500000e+00    6.65358542e+01    7.86716291e-01    6.29123832e+17
 8.05000000e+00    6.64566657e+01    7.88003444e-01    6.28867526e+17
 8.05500000e+00    6.63774809e+01    7.89291673e-01    6.28611112e+17
 8.06000000e+00    6.62982999e+01    7.90580976e-01    6.28354589e+17
 8.06500000e+00    6.62191228e+01    7.91871352e-01    6.28097959e+17
 8.07000000e+00    6.61399496e+01    7.93162801e-01    6.27841221e+17
 8.07500000e+00    6.60607804e+01    7.94455323e-01    6.27584375e+17
 8.08000000e+00    6.59816153e+01    7.95748917e-01    6.27327420e+17
 8.08500000e+00    6.59024544e+01    7.97043583e-01    6.27070357e+17
 8.09000000e+00    6.58232977e+01    7.98339319e-01    6.26813186e+17
 8.09500000e+00    6.57441453e+01    7.99636125e-01    6.26555906e+17
 8.10000000e+00    6.56649973e+01    8.00934002e-01    6.26298518e+17
 8.10500000e+00    6.55858538e+01    8.02232948e-01    6.26041021e+17
 8.11000000e+00    6.55067148e+01    8.03532962e-01    6.25783416e+17
 8.11500000e+00    6.54275804e+01    8.04834045e-01    6.25525702e+17
 8.12000000e+00    6.53484507e+01    8.06136195e-01    6.25267879e+17
 8.12500000e+00    6.52693258e+01    8.07439412e-01    6.25009947e+17
 8.13000000e+00    6.51902057e+01    8.08743696e-01    6.24751907e+17
 8.13500000e+00    6.51110905e+01    8.10049045e-01    6.24493757e+17
 8.14000000e+00    6.50319803e+01    8.11355460e-01    6.24235499e+17
 8.14500000e+00    6.49528751e+01    8.12662940e-01    6.23977131e+17
 8.15000000e+00    6.48737751e+01    8.13971484e-01    6.23718655e+17
 8.15500000e+00    6.47946802e+01    8.15281091e-01    6.23460068e+17
 8.16000000e+00    6.47155907e+01    8.16591762e-01    6.23201373e+17
 8.16500000e+00    6.46365065e+01    8.17903494e-01    6.22942568e+17
 8.17000000e+00    6.45574277e+01    8.19216289e-01    6.22683653e+17
 8.17500000e+00    6.44783544e+01    8.20530145e-01    6.22424628e+17
 8.18000000e+00    6.43992867e+01    8.21845062e-01    6.22165494e+17
 8.18500000e+00    6.43202247e+01    8.23161039e-01    6.21906249e+17
 8.19000000e+00    6.42411683e+01    8.24478076e-01    6.21646895e+17
 8.19500000e+00    6.41621178e+01    8.25796171e-01    6.21387430e+17
 8.20000000e+00    6.40830731e+01    8.27115325e-01    6.21127855e+17
 8.20500000e+00    6.40040344e+01    8.28435536e-01    6.20868170e+17
 8.21000000e+00    6.39250017e+01    8.29756805e-01    6.20608375e+17
 8.21500000e+00    6.38459751e+01    8.31079130e-01    6.20348469e+17
 8.22000000e+00    6.37669546e+01    8.32402511e-01    6.20088453e+17
 8.22500000e+00    6.36879404e+01    8.33726948e-01    6.19828327e+17
 8.23000000e+00    6.36089325e+01    8.35052439e-01    6.19568090e+17
 8.23500000e+00    6.35299310e+01    8.36378984e-01    6.19307742e+17
 8.24000000e+00    6.34509360e+01    8.37706583e-01    6.19047284e+17
 8.24500000e+00    6.33719475e+01    8.39035235e-01    6.18786715e+17
 8.25000000e+00    6.32929656e+01    8.40364939e-01    6.18526036e+17
 8.25500000e+00    6.32139904e+01    8.41695695e-01    6.18265245e+17
 8.26000000e+00    6.31350219e+01    8.43027501e-01    6.18004344e+17
 8.26500000e+00    6.30560603e+01    8.44360358e-01    6.17743332e+17
 8.27000000e+00    6.29771056e+01    8.45694265e-01    6.17482208e+17
 8.27500000e+00    6.28981579e+01    8.47029221e-01    6.17220973e+17
 8.28000000e+00    6.28192172e+01    8.48365226e-01    6.16959627e+17
 8.28500000e+00    6.27402837e+01    8.49702278e-01    6.16698168e+17
 8.29000000e+00    6.26613573e+01    8.51040378e-01    6.16436599e+17
 8.29500000e+00    6.25824383e+01    8.52379524e-01    6.16174917e+17
 8.30000000e+00    6.25035266e+01    8.53719716e-01    6.15913123e+17
 8.30500000e+00    6.24246223e+01    8.55060954e-01    6.15651217e+17
 8.31000000e+00    6.23457255e+01    8.56403236e-01    6.15389199e+17
 8.31500000e+00    6.22668364e+01    8.57746562e-01    6.15127068e+17
 8.32000000e+00    6.21879548e+01    8.59090932e-01    6.14864824e+17
 8.32500000e+00    6.21090810e+01    8.60436344e-01    6.14602468e+17
 8.33000000e+00    6.20302150e+01    8.61782799e-01    6.14340000e+17
 8.33500000e+00    6.19513568e+01    8.63130295e-01    6.14077418e+17
 8.34000000e+00    6.18725066e+01    8.64478831e-01    6.13814724e+17
 8.34500000e+00    6.17936644e+01    8.65828408e-01    6.13551916e+17
 8.35000000e+00    6.17148303e+01    8.67179024e-01    6.13288996e+17
 8.35500000e+00    6.16360044e+01    8.68530679e-01    6.13025962e+17
 8.36000000e+00    6.15571867e+01    8.69883372e-01    6.12762815e+17
 8.36500000e+00    6.14783774e+01    8.71237102e-01    6.12499555e+17
 8.37000000e+00    6.13995764e+01    8.72591869e-01    6.12236182e+17
 8.37500000e+00    6.13207839e+01    8.73947673e-01    6.11972694e+17
 8.38000000e+00    6.12419999e+01    8.75304511e-01    6.11709094e+17
 8.38500000e+00    6.11632246e+01    8.76662385e-01    6.11445379e+17
 8.39000000e+00    6.10844579e+01    8.78021292e-01    6.11181551e+17
 8.39500000e+00    6.10057000e+01    8.79381233e-01    6.10917608e+17
 8.40000000e+00    6.09269510e+01    8.80742206e-01    6.10653552e+17
 8.40500000e+00    6.08482108e+01    8.82104211e-01    6.10389381e+17
 8.41000000e+00    6.07694797e+01    8.83467248e-01    6.10125096e+17
 8.41500000e+00    6.06907576e+01    8.84831315e-01    6.09860696e+17
 8.42000000e+00    6.06120446e+01    8.86196412e-01    6.09596181e+17
 8.42500000e+00    6.05333408e+01    8.87562539e-01    6.09331552e+17
 8.43000000e+00    6.04546464e+01    8.88929693e-01    6.09066807e+17
 8.43500000e+00    6.03759612e+01    8.90297876e-01    6.08801948e+17
 8.44000000e+00    6.02972856e+01    8.91667085e-01    6.08536973e+17
 8.44500000e+00    6.02186194e+01    8.93037321e-01    6.08271882e+17
 8.45000000e+00    6.01399628e+01    8.94408583e-01    6.08006677e+17
 8.45500000e+00    6.00613158e+01    8.95780869e-01    6.07741356e+17
 8.46000000e+00    5.99826786e+01    8.97154180e-01    6.07475919e+17
 8.46500000e+00    5.99040512e+01    8.98528514e-01    6.07210366e+17
 8.47000000e+00    5.98254337e+01    8.99903871e-01    6.06944698e+17
 8.47500000e+00    5.97468261e+01    9.01280249e-01    6.06678913e+17
 8.48000000e+00    5.96682285e+01    9.02657650e-01    6.06413013e+17
 8.48500000e+00    5.95896410e+01    9.04036070e-01    6.06146996e+17
 8.49000000e+00    5.95110638e+01    9.05415511e-01    6.05880864e+17
 8.49500000e+00    5.94324967e+01    9.06795971e-01    6.05614614e+17
 8.50000000e+00    5.93539400e+01    9.08177449e-01    6.05348249e+17
 8.50500000e+00    5.92753937e+01    9.09559945e-01    6.05081767e+17
 8.51000000e+00    5.91968578e+01    9.10943457e-01    6.04815168e+17
 8.51500000e+00    5.91183325e+01    9.12327986e-01    6.04548452e+17
 8.52000000e+00    5.90398179e+01    9.13713530e-01    6.04281618e+17
 8.52500000e+00    5.89613139e+01    9.15100089e-01    6.04014668e+17
 8.53000000e+00    5.88828207e+01    9.16487662e-01    6.03747599e+17
 8.53500000e+00    5.88043383e+01    9.17876247e-01    6.03480413e+17
 8.54000000e+00    5.87258668e+01    9.19265846e-01    6.03213109e+17
 8.54500000e+00    5.86474064e+01    9.20656455e-01    6.02945686e+17
 8.55000000e+00    5.85689570e+01    9.22048076e-01    6.02678145e+17
 8.55500000e+00    5.84905187e+01    9.23440707e-01    6.02410485e+17
 8.56000000e+00    5.84120917e+01    9.24834347e-01    6.02142707e+17
 8.56500000e+00    5.83336760e+01    9.26228996e-01    6.01874810e+17
 8.57000000e+00    5.82552716e+01    9.27624652e-01    6.01606793e+17
 8.57500000e+00    5.81768786e+01    9.29021315e-01    6.01338658e+17
 8.58000000e+00    5.80984972e+01    9.30418985e-01    6.01070403e+17
 8.58500000e+00    5.80201274e+01    9.31817660e-01    6.00802029e+17
 8.59000000e+00    5.79417692e+01    9.33217340e-01    6.00533536e+17
 8.59500000e+00    5.78634227e+01    9.34618023e-01    6.00264923e+17
 8.60000000e+00    5.77850881e+01    9.36019710e-01    5.99996190e+17
 8.60500000e+00    5.77067654e+01    9.37422399e-01    5.99727338e+17
 8.61000000e+00    5.76284546e+01    9.38826089e-01    5.99458366e+17
 8.61500000e+00    5.75501558e+01    9.40230780e-01    5.99189273e+17
 8.62000000e+00    5.74718692e+01    9.41636471e-01    5.98920061e+17
 8.62500000e+00    5.73935948e+01    9.43043161e-01    5.98650729e+17
 8.63000000e+00    5.73153326e+01    9.44450850e-01    5.98381276e+17
 8.63500000e+00    5.72370827e+01    9.45859536e-01    5.98111702e+17
 8.64000000e+00    5.71588452e+01    9.47269218e-01    5.97842007e+17
 8.64500000e+00    5.70806203e+01    9.48679897e-01    5.97572191e+17
 8.65000000e+00    5.70024079e+01    9.50091570e-01    5.97302253e+17
 8.65500000e+00    5.69242081e+01    9.51504238e-01    5.97032194e+17
 8.66000000e+00    5.68460210e+01    9.52917899e-01    5.96762013e+17
 8.66500000e+00    5.67678467e+01    9.54332553e-01    5.96491710e+17
 8.67000000e+00    5.66896853e+01    9.55748198e-01    5.96221284e+17
 8.67500000e+00    5.66115368e+01    9.57164834e-01    5.95950736e+17
 8.68000000e+00    5.65334012e+01    9.58582461e-01    5.95680065e+17
 8.68500000e+00    5.64552788e+01    9.60001076e-01    5.95409271e+17
 8.69000000e+00    5.63771695e+01    9.61420680e-01    5.95138354e+17
 8.69500000e+00    5.62990735e+01    9.62841272e-01    5.94867314e+17
 8.70000000e+00    5.62209908e+01    9.64262850e-01    5.94596151e+17
 8.70500000e+00    5.61429214e+01    9.65685415e-01    5.94324865e+17
 8.71000000e+00    5.60648655e+01    9.67108964e-01    5.94053454e+17
 8.71500000e+00    5.59868231e+01    9.68533498e-01    5.93781920e+17
 8.72000000e+00    5.59087943e+01    9.69959014e-01    5.93510262e+17
 8.72500000e+00    5.58307792e+01    9.71385514e-01    5.93238481e+17
 8.73000000e+00    5.57527779e+01    9.72812995e-01    5.92966575e+17
 8.73500000e+00    5.56747904e+01    9.74241456e-01    5.92694545e+17
 8.74000000e+00    5.55968167e+01    9.75670898e-01    5.92422390e+17
 8.74500000e+00    5.55188571e+01    9.77101318e-01    5.92150111e+17
 8.75000000e+00    5.54409115e+01    9.78532717e-01    5.91877706e+17
 8.75500000e+00    5.53629800e+01    9.79965093e-01    5.91605177e+17
 8.76000000e+00    5.52850628e+01    9.81398446e-01    5.91332521e+17
 8.76500000e+00    5.52071598e+01    9.82832774e-01    5.91059741e+17
 8.77000000e+00    5.51292711e+01    9.84268076e-01    5.90786834e+17
 8.77500000e+00    5.50513969e+01    9.85704353e-01    5.90513801e+17
 8.78000000e+00    5.49735372e+01    9.87141602e-01    5.90240641e+17
 8.78500000e+00    5.48956920e+01    9.88579823e-01    5.89967355e+17
 8.79000000e+00    5.48178616e+01    9.90019016e-01    5.89693942e+17
 8.79500000e+00    5.47400458e+01    9.91459178e-01    5.89420402e+17
 8.80000000e+00    5.46622448e+01    9.92900310e-01    5.89146734e+17
 8.80500000e+00    5.45844587e+01    9.94342410e-01    5.88872939e+17
 8.81000000e+00    5.45066876e+01    9.95785478e-01    5.88599017e+17
 8.81500000e+00    5.44289315e+01    9.97229512e-01    5.88324966e+17
 8.82000000e+00    5.43511904e+01    9.98674512e-01    5.88050787e+17
 8.82500000e+00    5.42734646e+01    1.00012048e+00    5.87776481e+17
 8.83000000e+00    5.41957540e+01    1.00156741e+00    5.87502046e+17
 8.83500000e+00    5.41180587e+01    1.00301530e+00    5.87227482e+17
 8.84000000e+00    5.40403789e+01    1.00446415e+00    5.86952790e+17
 8.84500000e+00    5.39627145e+01    1.00591396e+00    5.86677969e+17
 8.85000000e+00    5.38850656e+01    1.00736474e+00    5.86403018e+17
 8.85500000e+00    5.38074324e+01    1.00881647e+00    5.86127939e+17
 8.86000000e+00    5.37298149e+01    1.01026917e+00    5.85852730e+17
 8.86500000e+00    5.36522131e+01    1.01172282e+00    5.85577392e+17
 8.87000000e+00    5.35746272e+01    1.01317742e+00    5.85301923e+17
 8.87500000e+00    5.34970573e+01    1.01463298e+00    5.85026324e+17
 8.88000000e+00    5.34195033e+01    1.01608950e+00    5.84750595e+17
 8.88500000e+00    5.33419654e+01    1.01754697e+00    5.84474734e+17
 8.89000000e+00    5.32644437e+01    1.01900539e+00    5.84198743e+17
 8.89500000e+00    5.31869382e+01    1.02046476e+00    5.83922620e+17
 8.90000000e+00    5.31094489e+01    1.02192509e+00    5.83646365e+17
 8.90500000e+00    5.30319761e+01    1.02338636e+00    5.83369978e+17
 8.91000000e+00    5.29545197e+01    1.02484859e+00    5.83093460e+17
 8.91500000e+00    5.28770799e+01    1.02631176e+00    5.82816808e+17
 8.92000000e+00    5.27996566e+01    1.02777587e+00    5.82540025e+17
 8.92500000e+00    5.27222500e+01    1.02924094e+00    5.82263108e+17
 8.93000000e+00    5.26448602e+01    1.03070695e+00    5.81986058e+17
 8.93500000e+00    5.25674872e+01    1.03217390e+00    5.81708875e+17
 8.94000000e+00    5.24901311e+01    1.03364179e+00    5.81431559e+17
 8.94500000e+00    5.24127920e+01    1.03511063e+00    5.81154109e+17
 8.95000000e+00    5.23354700e+01    1.03658041e+00    5.80876525e+17
 8.95500000e+00    5.22581650e+01    1.03805113e+00    5.80598806e+17
 8.96000000e+00    5.21808773e+01    1.03952278e+00    5.80320954e+17
 8.96500000e+00    5.21036069e+01    1.04099538e+00    5.80042966e+17
 8.97000000e+00    5.20263538e+01    1.04246891e+00    5.79764844e+17
 8.97500000e+00    5.19491181e+01    1.04394338e+00    5.79486587e+17
 8.98000000e+00    5.18719000e+01    1.04541878e+00    5.79208195e+17
 8.98500000e+00    5.17946994e+01    1.04689512e+00    5.78929666e+17
 8.99000000e+00    5.17175165e+01    1.04837239e+00    5.78651002e+17
 8.99500000e+00    5.16403514e+01    1.04985059e+00    5.78372201e+17
 9.00000000e+00    5.15632040e+01    1.05132973e+00    5.78093264e+17
 9.00500000e+00    5.14860746e+01    1.05280979e+00    5.77814189e+17
 9.01000000e+00    5.14089630e+01    1.05429078e+00    5.77534978e+17
 9.01500000e+00    5.13318696e+01    1.05577270e+00    5.77255629e+17
 9.02000000e+00    5.12547942e+01    1.05725555e+00    5.76976142e+17
 9.02500000e+00    5.11777370e+01    1.05873932e+00    5.76696517e+17
 9.03000000e+00    5.11006981e+01    1.06022402e+00    5.76416753e+17
 9.03500000e+00    5.10236776e+01    1.06170964e+00    5.76136852e+17
 9.04000000e+00    5.09466754e+01    1.06319618e+00    5.75856811e+17
 9.04500000e+00    5.08696918e+01    1.06468364e+00    5.75576631e+17
 9.05000000e+00    5.07927267e+01    1.06617203e+00    5.75296311e+17
 9.05500000e+00    5.07157802e+01    1.06766133e+00    5.75015852e+17
 9.06000000e+00    5.06388525e+01    1.06915156e+00    5.74735253e+17
 9.06500000e+00    5.05619436e+01    1.07064270e+00    5.74454514e+17
 9.07000000e+00    5.04850535e+01    1.07213476e+00    5.74173634e+17
 9.07500000e+00    5.04081824e+01    1.07362773e+00    5.73892614e+17
 9.08000000e+00    5.03313303e+01    1.07512161e+00    5.73611452e+17
 9.08500000e+00    5.02544973e+01    1.07661641e+00    5.73330150e+17
 9.09000000e+00    5.01776835e+01    1.07811212e+00    5.73048705e+17
 9.09500000e+00    5.01008889e+01    1.07960875e+00    5.72767119e+17
 9.10000000e+00    5.00241137e+01    1.08110628e+00    5.72485391e+17
 9.10500000e+00    4.99473579e+01    1.08260472e+00    5.72203520e+17
 9.11000000e+00    4.98706215e+01    1.08410407e+00    5.71921506e+17
 9.11500000e+00    4.97939047e+01    1.08560433e+00    5.71639350e+17
 9.12000000e+00    4.97172075e+01    1.08710549e+00    5.71357050e+17
 9.12500000e+00    4.96405301e+01    1.08860755e+00    5.71074606e+17
 9.13000000e+00    4.95638724e+01    1.09011052e+00    5.70792018e+17
 9.13500000e+00    4.94872346e+01    1.09161439e+00    5.70509287e+17
 9.14000000e+00    4.94106167e+01    1.09311916e+00    5.70226410e+17
 9.14500000e+00    4.93340188e+01    1.09462483e+00    5.69943389e+17
 9.15000000e+00    4.92574411e+01    1.09613140e+00    5.69660222e+17
 9.15500000e+00    4.91808834e+01    1.09763887e+00    5.69376910e+17
 9.16000000e+00    4.91043461e+01    1.09914724e+00    5.69093452e+17
 9.16500000e+00    4.90278290e+01    1.10065650e+00    5.68809848e+17
 9.17000000e+00    4.89513324e+01    1.10216665e+00    5.68526097e+17
 9.17500000e+00    4.88748562e+01    1.10367770e+00    5.68242199e+17
 9.18000000e+00    4.87984005e+01    1.10518964e+00    5.67958153e+17
 9.18500000e+00    4.87219655e+01    1.10670247e+00    5.67673960e+17
 9.19000000e+00    4.86455512e+01    1.10821619e+00    5.67389619e+17
 9.19500000e+00    4.85691577e+01    1.10973080e+00    5.67105130e+17
 9.20000000e+00    4.84927850e+01    1.11124630e+00    5.66820492e+17
 9.20500000e+00    4.84164332e+01    1.11276268e+00    5.66535705e+17
 9.21000000e+00    4.83401025e+01    1.11427995e+00    5.66250769e+17
 9.21500000e+00    4.82637928e+01    1.11579810e+00    5.65965683e+17
 9.22000000e+00    4.81875043e+01    1.11731714e+00    5.65680447e+17
 9.22500000e+00    4.81112371e+01    1.11883705e+00    5.65395061e+17
 9.23000000e+00    4.80349911e+01    1.12035785e+00    5.65109525e+17
 9.23500000e+00    4.79587666e+01    1.12187953e+00    5.64823837e+17
 9.24000000e+00    4.78825635e+01    1.12340208e+00    5.64537999e+17
 9.24500000e+00    4.78063819e+01    1.12492551e+00    5.64252009e+17
 9.25000000e+00    4.77302220e+01    1.12644982e+00    5.63965867e+17
 9.25500000e+00    4.76540838e+01    1.12797500e+00    5.63679573e+17
 9.26000000e+00    4.75779674e+01    1.12950106e+00    5.63393126e+17
 9.26500000e+00    4.75018728e+01    1.13102798e+00    5.63106527e+17
 9.27000000e+00    4.74258001e+01    1.13255578e+00    5.62819774e+17
 9.27500000e+00    4.73497494e+01    1.13408445e+00    5.62532867e+17
 9.28000000e+00    4.72737209e+01    1.13561399e+00    5.62245806e+17
 9.28500000e+00    4.71977144e+01    1.13714439e+00    5.61958591e+17
 9.29000000e+00    4.71217303e+01    1.13867566e+00    5.61671220e+17
 9.29500000e+00    4.70457684e+01    1.14020779e+00    5.61383695e+17
 9.30000000e+00    4.69698289e+01    1.14174079e+00    5.61096013e+17
 9.30500000e+00    4.68939119e+01    1.14327465e+00    5.60808176e+17
 9.31000000e+00    4.68180175e+01    1.14480938e+00    5.60520182e+17
 9.31500000e+00    4.67421457e+01    1.14634496e+00    5.60232032e+17
 9.32000000e+00    4.66662965e+01    1.14788140e+00    5.59943724e+17
 9.32500000e+00    4.65904702e+01    1.14941870e+00    5.59655258e+17
 9.33000000e+00    4.65146667e+01    1.15095685e+00    5.59366635e+17
 9.33500000e+00    4.64388861e+01    1.15249586e+00    5.59077852e+17
 9.34000000e+00    4.63631286e+01    1.15403572e+00    5.58788912e+17
 9.34500000e+00    4.62873941e+01    1.15557644e+00    5.58499811e+17
 9.35000000e+00    4.62116829e+01    1.15711801e+00    5.58210551e+17
 9.35500000e+00    4.61359948e+01    1.15866042e+00    5.57921132e+17
 9.36000000e+00    4.60603301e+01    1.16020369e+00    5.57631551e+17
 9.36500000e+00    4.59846888e+01    1.16174780e+00    5.57341810e+17
 9.37000000e+00    4.59090709e+01    1.16329276e+00    5.57051908e+17
 9.37500000e+00    4.58334766e+01    1.16483856e+00    5.56761845e+17
 9.38000000e+00    4.57579060e+01    1.16638521e+00    5.56471620e+17
 9.38500000e+00    4.56823591e+01    1.16793270e+00    5.56181232e+17
 9.39000000e+00    4.56068359e+01    1.16948103e+00    5.55890683e+17
 9.39500000e+00    4.55313366e+01    1.17103020e+00    5.55599970e+17
 9.40000000e+00    4.54558613e+01    1.17258021e+00    5.55309094e+17
 9.40500000e+00    4.53804100e+01    1.17413105e+00    5.55018055e+17
 9.41000000e+00    4.53049827e+01    1.17568273e+00    5.54726852e+17
 9.41500000e+00    4.52295797e+01    1.17723525e+00    5.54435484e+17
 9.42000000e+00    4.51542009e+01    1.17878860e+00    5.54143951e+17
 9.42500000e+00    4.50788465e+01    1.18034278e+00    5.53852253e+17
 9.43000000e+00    4.50035164e+01    1.18189779e+00    5.53560389e+17
 9.43500000e+00    4.49282109e+01    1.18345363e+00    5.53268358e+17
 9.44000000e+00    4.48529299e+01    1.18501030e+00    5.52976160e+17
 9.44500000e+00    4.47776736e+01    1.18656779e+00    5.52683795e+17
 9.45000000e+00    4.47024420e+01    1.18812611e+00    5.52391262e+17
 9.45500000e+00    4.46272352e+01    1.18968525e+00    5.52098561e+17
 9.46000000e+00    4.45520533e+01    1.19124522e+00    5.51805691e+17
 9.46500000e+00    4.44768964e+01    1.19280600e+00    5.51512652e+17
 9.47000000e+00    4.44017645e+01    1.19436761e+00    5.51219443e+17
 9.47500000e+00    4.43266577e+01    1.19593003e+00    5.50926064e+17
 9.48000000e+00    4.42515761e+01    1.19749327e+00    5.50632514e+17
 9.48500000e+00    4.41765198e+01    1.19905733e+00    5.50338793e+17
 9.49000000e+00    4.41014888e+01    1.20062220e+00    5.50044900e+17
 9.49500000e+00    4.40264833e+01    1.20218789e+00    5.49750835e+17
 9.50000000e+00    4.39515033e+01    1.20375438e+00    5.49456598e+17
 9.50500000e+00    4.38765489e+01    1.20532169e+00    5.49162188e+17
 9.51000000e+00    4.38016202e+01    1.20688980e+00    5.48867604e+17
 9.51500000e+00    4.37267172e+01    1.20845872e+00    5.48572847e+17
 9.52000000e+00    4.36518400e+01    1.21002845e+00    5.48277916e+17
 9.52500000e+00    4.35769888e+01    1.21159898e+00    5.47982809e+17
 9.53000000e+00    4.35021635e+01    1.21317032e+00    5.47687528e+17
 9.53500000e+00    4.34273643e+01    1.21474245e+00    5.47392071e+17
 9.54000000e+00    4.33525912e+01    1.21631539e+00    5.47096439e+17
 9.54500000e+00    4.32778444e+01    1.21788912e+00    5.46800629e+17
 9.55000000e+00    4.32031239e+01    1.21946366e+00    5.46504643e+17
 9.55500000e+00    4.31284297e+01    1.22103898e+00    5.46208480e+17
 9.56000000e+00    4.30537621e+01    1.22261511e+00    5.45912140e+17
 9.56500000e+00    4.29791209e+01    1.22419202e+00    5.45615621e+17
 9.57000000e+00    4.29045064e+01    1.22576973e+00    5.45318923e+17
 9.57500000e+00    4.28299186e+01    1.22734823e+00    5.45022046e+17
 9.58000000e+00    4.27553576e+01    1.22892751e+00    5.44724990e+17
 9.58500000e+00    4.26808234e+01    1.23050759e+00    5.44427752e+17
 9.59000000e+00    4.26063162e+01    1.23208845e+00    5.44130334e+17
 9.59500000e+00    4.25318360e+01    1.23367009e+00    5.43832733e+17
 9.60000000e+00    4.24573829e+01    1.23525252e+00    5.43534951e+17
 9.60500000e+00    4.23829569e+01    1.23683572e+00    5.43236985e+17
 9.61000000e+00    4.23085583e+01    1.23841971e+00    5.42938836e+17
 9.61500000e+00    4.22341869e+01    1.24000448e+00    5.42640503e+17
 9.62000000e+00    4.21598430e+01    1.24159002e+00    5.42341986e+17
 9.62500000e+00    4.20855266e+01    1.24317634e+00    5.42043283e+17
 9.63000000e+00    4.20112378e+01    1.24476343e+00    5.41744396e+17
 9.63500000e+00    4.19369766e+01    1.24635129e+00    5.41445322e+17
 9.64000000e+00    4.18627432e+01    1.24793993e+00    5.41146062e+17
 9.64500000e+00    4.17885376e+01    1.24952933e+00    5.40846615e+17
 9.65000000e+00    4.17143599e+01    1.25111951e+00    5.40546980e+17
 9.65500000e+00    4.16402102e+01    1.25271044e+00    5.40247158e+17
 9.66000000e+00    4.15660885e+01    1.25430215e+00    5.39947148e+17
 9.66500000e+00    4.14919950e+01    1.25589462e+00    5.39646949e+17
 9.67000000e+00    4.14179297e+01    1.25748784e+00    5.39346561e+17
 9.67500000e+00    4.13438927e+01    1.25908183e+00    5.39045983e+17
 9.68000000e+00    4.12698841e+01    1.26067658e+00    5.38745215e+17
 9.68500000e+00    4.11959040e+01    1.26227208e+00    5.38444255e+17
 9.69000000e+00    4.11219524e+01    1.26386834e+00    5.38143104e+17
 9.69500000e+00    4.10480294e+01    1.26546536e+00    5.37841761e+17
 9.70000000e+00    4.09741352e+01    1.26706312e+00    5.37540225e+17
 9.70500000e+00    4.09002697e+01    1.26866164e+00    5.37238495e+17
 9.71000000e+00    4.08264331e+01    1.27026091e+00    5.36936572e+17
 9.71500000e+00    4.07526254e+01    1.27186092e+00    5.36634453e+17
 9.72000000e+00    4.06788468e+01    1.27346168e+00    5.36332140e+17
 9.72500000e+00    4.06050973e+01    1.27506318e+00    5.36029631e+17
 9.73000000e+00    4.05313770e+01    1.27666543e+00    5.35726926e+17
 9.73500000e+00    4.04576860e+01    1.27826842e+00    5.35424023e+17
 9.74000000e+00    4.03840243e+01    1.27987215e+00    5.35120923e+17
 9.74500000e+00    4.03103921e+01    1.28147661e+00    5.34817624e+17
 9.75000000e+00    4.02367894e+01    1.28308181e+00    5.34514127e+17
 9.75500000e+00    4.01632163e+01    1.28468775e+00    5.34210430e+17
 9.76000000e+00    4.00896729e+01    1.28629442e+00    5.33906533e+17
 9.76500000e+00    4.00161592e+01    1.28790182e+00    5.33602435e+17
 9.77000000e+00    3.99426754e+01    1.28950995e+00    5.33298136e+17
 9.77500000e+00    3.98692216e+01    1.29111881e+00    5.32993636e+17
 9.78000000e+00    3.97957977e+01    1.29272840e+00    5.32688932e+17
 9.78500000e+00    3.97224039e+01    1.29433871e+00    5.32384025e+17
 9.79000000e+00    3.96490404e+01    1.29594975e+00    5.32078915e+17
 9.79500000e+00    3.95757070e+01    1.29756150e+00    5.31773600e+17
 9.80000000e+00    3.95024040e+01    1.29917398e+00    5.31468080e+17
 9.80500000e+00    3.94291315e+01    1.30078718e+00    5.31162355e+17
 9.81000000e+00    3.93558894e+01    1.30240109e+00    5.30856424e+17
 9.81500000e+00    3.92826779e+01    1.30401571e+00    5.30550285e+17
 9.82000000e+00    3.92094971e+01    1.30563105e+00    5.30243939e+17
 9.82500000e+00    3.91363471e+01    1.30724710e+00    5.29937386e+17
 9.83000000e+00    3.90632279e+01    1.30886386e+00    5.29630623e+17
 9.83500000e+00    3.89901396e+01    1.31048133e+00    5.29323651e+17
 9.84000000e+00    3.89170823e+01    1.31209951e+00    5.29016468e+17
 9.84500000e+00    3.88440561e+01    1.31371839e+00    5.28709075e+17
 9.85000000e+00    3.87710611e+01    1.31533797e+00    5.28401470e+17
 9.85500000e+00    3.86980973e+01    1.31695826e+00    5.28093654e+17
 9.86000000e+00    3.86251648e+01    1.31857924e+00    5.27785624e+17
 9.86500000e+00    3.85522638e+01    1.32020092e+00    5.27477381e+17
 9.87000000e+00    3.84793943e+01    1.32182330e+00    5.27168924e+17
 9.87500000e+00    3.84065563e+01    1.32344637e+00    5.26860252e+17
 9.88000000e+00    3.83337500e+01    1.32507013e+00    5.26551365e+17
 9.88500000e+00    3.82609755e+01    1.32669459e+00    5.26242261e+17
 9.89000000e+00    3.81882328e+01    1.32831973e+00    5.25932940e+17
 9.89500000e+00    3.81155220e+01    1.32994557e+00    5.25623402e+17
 9.90000000e+00    3.80428432e+01    1.33157208e+00    5.25313646e+17
 9.90500000e+00    3.79701965e+01    1.33319928e+00    5.25003671e+17
 9.91000000e+00    3.78975820e+01    1.33482717e+00    5.24693476e+17
 9.91500000e+00    3.78249997e+01    1.33645573e+00    5.24383061e+17
 9.92000000e+00    3.77524498e+01    1.33808497e+00    5.24072424e+17
 9.92500000e+00    3.76799323e+01    1.33971489e+00    5.23761567e+17
 9.93000000e+00    3.76074472e+01    1.34134548e+00    5.23450486e+17
 9.93500000e+00    3.75349948e+01    1.34297674e+00    5.23139182e+17
 9.94000000e+00    3.74625751e+01    1.34460868e+00    5.22827654e+17
 9.94500000e+00    3.73901881e+01    1.34624128e+00    5.22515901e+17
 9.95000000e+00    3.73178339e+01    1.34787455e+00    5.22203923e+17
 9.95500000e+00    3.72455127e+01    1.34950849e+00    5.21891718e+17
 9.96000000e+00    3.71732245e+01    1.35114309e+00    5.21579286e+17
 9.96500000e+00    3.71009694e+01    1.35277836e+00    5.21266627e+17
 9.97000000e+00    3.70287475e+01    1.35441428e+00    5.20953739e+17
 9.97500000e+00    3.69565588e+01    1.35605086e+00    5.20640622e+17
 9.98000000e+00    3.68844035e+01    1.35768810e+00    5.20327274e+17
 9.98500000e+00    3.68122817e+01    1.35932599e+00    5.20013696e+17
 9.99000000e+00    3.67401933e+01    1.36096453e+00    5.19699886e+17
 9.99500000e+00    3.66681386e+01    1.36260373e+00    5.19385844e+17
 1.00000000e+01    3.65961175e+01    1.36424357e+00    5.19071569e+17
 1.00050000e+01    3.65241303e+01    1.36588406e+00    5.18757060e+17
 1.00100000e+01    3.64521769e+01    1.36752520e+00    5.18442317e+17
 1.00150000e+01    3.63802574e+01    1.36916697e+00    5.18127338e+17
 1.00200000e+01    3.63083720e+01    1.37080939e+00    5.17812124e+17
 1.00250000e+01    3.62365207e+01    1.37245245e+00    5.17496672e+17
 1.00300000e+01    3.61647036e+01    1.37409615e+00    5.17180982e+17
 1.00350000e+01    3.60929208e+01    1.37574048e+00    5.16865053e+17
 1.00400000e+01    3.60211724e+01    1.37738544e+00    5.16548884e+17
 1.00450000e+01    3.59494584e+01    1.37903103e+00    5.16232475e+17
 1.00500000e+01    3.58777791e+01    1.38067726e+00    5.15915824e+17
 1.00550000e+01    3.58061343e+01    1.38232411e+00    5.15598931e+17
 1.00600000e+01    3.57345243e+01    1.38397159e+00    5.15281795e+17
 1.00650000e+01    3.56629490e+01    1.38561969e+00    5.14964415e+17
 1.00700000e+01    3.55914087e+01    1.38726841e+00    5.14646791e+17
 1.00750000e+01    3.55199034e+01    1.38891775e+00    5.14328921e+17
 1.00800000e+01    3.54484331e+01    1.39056771e+00    5.14010805e+17
 1.00850000e+01    3.53769980e+01    1.39221828e+00    5.13692442e+17
 1.00900000e+01    3.53055982e+01    1.39386947e+00    5.13373831e+17
 1.00950000e+01    3.52342337e+01    1.39552127e+00    5.13054973e+17
 1.01000000e+01    3.51629046e+01    1.39717368e+00    5.12735865e+17
 1.01050000e+01    3.50916110e+01    1.39882669e+00    5.12416507e+17
 1.01100000e+01    3.50203530e+01    1.40048031e+00    5.12096899e+17
 1.01150000e+01    3.49491307e+01    1.40213454e+00    5.11777039e+17
 1.01200000e+01    3.48779441e+01    1.40378936e+00    5.11456927e+17
 1.01250000e+01    3.48067934e+01    1.40544479e+00    5.11136560e+17
 1.01300000e+01    3.47356787e+01    1.40710081e+00    5.10815939e+17
 1.01350000e+01    3.46646000e+01    1.40875743e+00    5.10495062e+17
 1.01400000e+01    3.45935574e+01    1.41041464e+00    5.10173929e+17
 1.01450000e+01    3.45225510e+01    1.41207244e+00    5.09852537e+17
 1.01500000e+01    3.44515810e+01    1.41373083e+00    5.09530887e+17
 1.01550000e+01    3.43806473e+01    1.41538980e+00    5.09208977e+17
 1.01600000e+01    3.43097501e+01    1.41704936e+00    5.08886807e+17
 1.01650000e+01    3.42388895e+01    1.41870951e+00    5.08564376e+17
 1.01700000e+01    3.41680655e+01    1.42037023e+00    5.08241682e+17
 1.01750000e+01    3.40972782e+01    1.42203153e+00    5.07918725e+17
 1.01800000e+01    3.40265278e+01    1.42369341e+00    5.07595504e+17
 1.01850000e+01    3.39558143e+01    1.42535586e+00    5.07272019e+17
 1.01900000e+01    3.38851378e+01    1.42701889e+00    5.06948267e+17
 1.01950000e+01    3.38144985e+01    1.42868248e+00    5.06624249e+17
 1.02000000e+01    3.37438963e+01    1.43034664e+00    5.06299964e+17
 1.02050000e+01    3.36733314e+01    1.43201137e+00    5.05975409e+17
 1.02100000e+01    3.36028038e+01    1.43367665e+00    5.05650586e+17
 1.02150000e+01    3.35323137e+01    1.43534250e+00    5.05325491e+17
 1.02200000e+01    3.34618612e+01    1.43700891e+00    5.05000125e+17
 1.02250000e+01    3.33914463e+01    1.43867588e+00    5.04674486e+17
 1.02300000e+01    3.33210691e+01    1.44034340e+00    5.04348574e+17
 1.02350000e+01    3.32507298e+01    1.44201147e+00    5.04022386e+17
 1.02400000e+01    3.31804283e+01    1.44368009e+00    5.03695923e+17
 1.02450000e+01    3.31101649e+01    1.44534926e+00    5.03369183e+17
 1.02500000e+01    3.30399395e+01    1.44701897e+00    5.03042165e+17
 1.02550000e+01    3.29697523e+01    1.44868923e+00    5.02714869e+17
 1.02600000e+01    3.28996034e+01    1.45036003e+00    5.02387293e+17
 1.02650000e+01    3.28294929e+01    1.45203137e+00    5.02059436e+17
 1.02700000e+01    3.27594208e+01    1.45370324e+00    5.01731298e+17
 1.02750000e+01    3.26893873e+01    1.45537565e+00    5.01402878e+17
 1.02800000e+01    3.26193924e+01    1.45704859e+00    5.01074174e+17
 1.02850000e+01    3.25494362e+01    1.45872206e+00    5.00745186e+17
 1.02900000e+01    3.24795188e+01    1.46039605e+00    5.00415913e+17
 1.02950000e+01    3.24096404e+01    1.46207057e+00    5.00086354e+17
 1.03000000e+01    3.23398009e+01    1.46374562e+00    4.99756508e+17
 1.03050000e+01    3.22700005e+01    1.46542118e+00    4.99426373e+17
 1.03100000e+01    3.22002394e+01    1.46709726e+00    4.99095948e+17
 1.03150000e+01    3.21305175e+01    1.46877386e+00    4.98765232e+17
 1.03200000e+01    3.20608350e+01    1.47045097e+00    4.98434224e+17
 1.03250000e+01    3.19911919e+01    1.47212860e+00    4.98102923e+17
 1.03300000e+01    3.19215884e+01    1.47380673e+00    4.97771328e+17
 1.03350000e+01    3.18520245e+01    1.47548536e+00    4.97439437e+17
 1.03400000e+01    3.17825004e+01    1.47716450e+00    4.97107250e+17
 1.03450000e+01    3.17130161e+01    1.47884415e+00    4.96774764e+17
 1.03500000e+01    3.16435718e+01    1.48052429e+00    4.96441981e+17
 1.03550000e+01    3.15741674e+01    1.48220492e+00    4.96108897e+17
 1.03600000e+01    3.15048032e+01    1.48388606e+00    4.95775512e+17
 1.03650000e+01    3.14354792e+01    1.48556768e+00    4.95441825e+17
 1.03700000e+01    3.13661955e+01    1.48724979e+00    4.95107834e+17
 1.03750000e+01    3.12969522e+01    1.48893239e+00    4.94773540e+17
 1.03800000e+01    3.12277494e+01    1.49061548e+00    4.94438940e+17
 1.03850000e+01    3.11585871e+01    1.49229904e+00    4.94104033e+17
 1.03900000e+01    3.10894655e+01    1.49398309e+00    4.93768818e+17
 1.03950000e+01    3.10203847e+01    1.49566761e+00    4.93433294e+17
 1.04000000e+01    3.09513448e+01    1.49735261e+00    4.93097460e+17
 1.04050000e+01    3.08823458e+01    1.49903808e+00    4.92761315e+17
 1.04100000e+01    3.08133879e+01    1.50072402e+00    4.92424857e+17
 1.04150000e+01    3.07444712e+01    1.50241043e+00    4.92088085e+17
 1.04200000e+01    3.06755956e+01    1.50409730e+00    4.91750998e+17
 1.04250000e+01    3.06067615e+01    1.50578463e+00    4.91413596e+17
 1.04300000e+01    3.05379687e+01    1.50747242e+00    4.91075876e+17
 1.04350000e+01    3.04692175e+01    1.50916067e+00    4.90737838e+17
 1.04400000e+01    3.04005079e+01    1.51084938e+00    4.90399480e+17
 1.04450000e+01    3.03318401e+01    1.51253853e+00    4.90060801e+17
 1.04500000e+01    3.02632140e+01    1.51422814e+00    4.89721801e+17
 1.04550000e+01    3.01946299e+01    1.51591819e+00    4.89382478e+17
 1.04600000e+01    3.01260878e+01    1.51760869e+00    4.89042830e+17
 1.04650000e+01    3.00575878e+01    1.51929963e+00    4.88702858e+17
 1.04700000e+01    2.99891300e+01    1.52099100e+00    4.88362559e+17
 1.04750000e+01    2.99207145e+01    1.52268282e+00    4.88021932e+17
 1.04800000e+01    2.98523414e+01    1.52437506e+00    4.87680975e+17
 1.04850000e+01    2.97840108e+01    1.52606774e+00    4.87339688e+17
 1.04900000e+01    2.97157227e+01    1.52776085e+00    4.86998068e+17
 1.04950000e+01    2.96474774e+01    1.52945438e+00    4.86656115e+17
 1.05000000e+01    2.95792749e+01    1.53114834e+00    4.86313827e+17
 1.05050000e+01    2.95111152e+01    1.53284271e+00    4.85971203e+17
 1.05100000e+01    2.94429985e+01    1.53453751e+00    4.85628241e+17
 1.05150000e+01    2.93749249e+01    1.53623272e+00    4.85284940e+17
 1.05200000e+01    2.93068945e+01    1.53792834e+00    4.84941299e+17
 1.05250000e+01    2.92389074e+01    1.53962437e+00    4.84597316e+17
 1.05300000e+01    2.91709636e+01    1.54132081e+00    4.84252991e+17
 1.05350000e+01    2.91030633e+01    1.54301765e+00    4.83908321e+17
 1.05400000e+01    2.90352066e+01    1.54471489e+00    4.83563307e+17
 1.05450000e+01    2.89673935e+01    1.54641254e+00    4.83217946e+17
 1.05500000e+01    2.88996242e+01    1.54811057e+00    4.82872237e+17
 1.05550000e+01    2.88318988e+01    1.54980901e+00    4.82526179e+17
 1.05600000e+01    2.87642174e+01    1.55150783e+00    4.82179771e+17
 1.05650000e+01    2.86965800e+01    1.55320704e+00    4.81833010e+17
 1.05700000e+01    2.86289868e+01    1.55490663e+00    4.81485897e+17
 1.05750000e+01    2.85614379e+01    1.55660661e+00    4.81138430e+17
 1.05800000e+01    2.84939333e+01    1.55830697e+00    4.80790606e+17
 1.05850000e+01    2.84264732e+01    1.56000770e+00    4.80442426e+17
 1.05900000e+01    2.83590577e+01    1.56170881e+00    4.80093887e+17
 1.05950000e+01    2.82916868e+01    1.56341028e+00    4.79744988e+17
 1.06000000e+01    2.82243607e+01    1.56511213e+00    4.79395728e+17
 1.06050000e+01    2.81570795e+01    1.56681434e+00    4.79046105e+17
 1.06100000e+01    2.80898432e+01    1.56851691e+00    4.78696117e+17
 1.06150000e+01    2.80226521e+01    1.57021984e+00    4.78345763e+17
 1.06200000e+01    2.79555061e+01    1.57192313e+00    4.77995040e+17
 1.06250000e+01    2.78884053e+01    1.57362677e+00    4.77643948e+17
 1.06300000e+01    2.78213500e+01    1.57533076e+00    4.77292484e+17
 1.06350000e+01    2.77543401e+01    1.57703510e+00    4.76940647e+17
 1.06400000e+01    2.76873758e+01    1.57873979e+00    4.76588435e+17
 1.06450000e+01    2.76204572e+01    1.58044481e+00    4.76235848e+17
 1.06500000e+01    2.75535844e+01    1.58215018e+00    4.75882884e+17
 1.06550000e+01    2.74867575e+01    1.58385588e+00    4.75529542e+17
 1.06600000e+01    2.74199766e+01    1.58556191e+00    4.75175820e+17
 1.06650000e+01    2.73532418e+01    1.58726827e+00    4.74821718e+17
 1.06700000e+01    2.72865531e+01    1.58897496e+00    4.74467234e+17
 1.06750000e+01    2.72199108e+01    1.59068198e+00    4.74112367e+17
 1.06800000e+01    2.71533149e+01    1.59238931e+00    4.73757116e+17
 1.06850000e+01    2.70867655e+01    1.59409696e+00    4.73401479e+17
 1.06900000e+01    2.70202627e+01    1.59580493e+00    4.73045453e+17
 1.06950000e+01    2.69538067e+01    1.59751321e+00    4.72689037e+17
 1.07000000e+01    2.68873974e+01    1.59922179e+00    4.72332230e+17
 1.07050000e+01    2.68210351e+01    1.60093069e+00    4.71975028e+17
 1.07100000e+01    2.67547198e+01    1.60263988e+00    4.71617432e+17
 1.07150000e+01    2.66884517e+01    1.60434937e+00    4.71259438e+17
 1.07200000e+01    2.66222308e+01    1.60605916e+00    4.70901045e+17
 1.07250000e+01    2.65560572e+01    1.60776925e+00    4.70542252e+17
 1.07300000e+01    2.64899312e+01    1.60947962e+00    4.70183057e+17
 1.07350000e+01    2.64238526e+01    1.61119028e+00    4.69823458e+17
 1.07400000e+01    2.63578218e+01    1.61290122e+00    4.69463455e+17
 1.07450000e+01    2.62918387e+01    1.61461244e+00    4.69103046e+17
 1.07500000e+01    2.62259035e+01    1.61632395e+00    4.68742229e+17
 1.07550000e+01    2.61600163e+01    1.61803572e+00    4.68381004e+17
 1.07600000e+01    2.60941771e+01    1.61974776e+00    4.68019368e+17
 1.07650000e+01    2.60283862e+01    1.62146008e+00    4.67657319e+17
 1.07700000e+01    2.59626436e+01    1.62317265e+00    4.67294856e+17
 1.07750000e+01    2.58969494e+01    1.62488549e+00    4.66931977e+17
 1.07800000e+01    2.58313037e+01    1.62659859e+00    4.66568680e+17
 1.07850000e+01    2.57657067e+01    1.62831194e+00    4.66204963e+17
 1.07900000e+01    2.57001583e+01    1.63002554e+00    4.65840823e+17
 1.07950000e+01    2.56346589e+01    1.63173939e+00    4.65476260e+17
 1.08000000e+01    2.55692084e+01    1.63345348e+00    4.65111272e+17
 1.08050000e+01    2.55038069e+01    1.63516781e+00    4.64745856e+17
 1.08100000e+01    2.54384547e+01    1.63688239e+00    4.64380011e+17
 1.08150000e+01    2.53731517e+01    1.63859719e+00    4.64013736e+17
 1.08200000e+01    2.53078981e+01    1.64031223e+00    4.63647029e+17
 1.08250000e+01    2.52426940e+01    1.64202750e+00    4.63279888e+17
 1.08300000e+01    2.51775395e+01    1.64374299e+00    4.62912312e+17
 1.08350000e+01    2.51124348e+01    1.64545870e+00    4.62544300e+17
 1.08400000e+01    2.50473799e+01    1.64717463e+00    4.62175849e+17
 1.08450000e+01    2.49823749e+01    1.64889077e+00    4.61806957e+17
 1.08500000e+01    2.49174200e+01    1.65060713e+00    4.61437623e+17
 1.08550000e+01    2.48525152e+01    1.65232369e+00    4.61067845e+17
 1.08600000e+01    2.47876607e+01    1.65404045e+00    4.60697621e+17
 1.08650000e+01    2.47228566e+01    1.65575742e+00    4.60326948e+17
 1.08700000e+01    2.46581030e+01    1.65747458e+00    4.59955825e+17
 1.08750000e+01    2.45934000e+01    1.65919194e+00    4.59584250e+17
 1.08800000e+01    2.45287478e+01    1.66090948e+00    4.59212220e+17
 1.08850000e+01    2.44641463e+01    1.66262722e+00    4.58839735e+17
 1.08900000e+01    2.43995959e+01    1.66434513e+00    4.58466793e+17
 1.08950000e+01    2.43350964e+01    1.66606323e+00    4.58093390e+17
 1.09000000e+01    2.42706482e+01    1.66778150e+00    4.57719527e+17
 1.09050000e+01    2.42062512e+01    1.66949994e+00    4.57345201e+17
 1.09100000e+01    2.41419057e+01    1.67121855e+00    4.56970410e+17
 1.09150000e+01    2.40776116e+01    1.67293732e+00    4.56595153e+17
 1.09200000e+01    2.40133692e+01    1.67465626e+00    4.56219427e+17
 1.09250000e+01    2.39491786e+01    1.67637535e+00    4.55843230e+17
 1.09300000e+01    2.38850397e+01    1.67809460e+00    4.55466561e+17
 1.09350000e+01    2.38209529e+01    1.67981400e+00    4.55089417e+17
 1.09400000e+01    2.37569181e+01    1.68153354e+00    4.54711795e+17
 1.09450000e+01    2.36929356e+01    1.68325323e+00    4.54333694e+17
 1.09500000e+01    2.36290053e+01    1.68497306e+00    4.53955112e+17
 1.09550000e+01    2.35651275e+01    1.68669302e+00    4.53576047e+17
 1.09600000e+01    2.35013023e+01    1.68841312e+00    4.53196496e+17
 1.09650000e+01    2.34375297e+01    1.69013334e+00    4.52816458e+17
 1.09700000e+01    2.33738099e+01    1.69185368e+00    4.52435930e+17
 1.09750000e+01    2.33101430e+01    1.69357415e+00    4.52054912e+17
 1.09800000e+01    2.32465291e+01    1.69529473e+00    4.51673402e+17
 1.09850000e+01    2.31829683e+01    1.69701543e+00    4.51291397e+17
 1.09900000e+01    2.31194608e+01    1.69873623e+00    4.50908897e+17
 1.09950000e+01    2.30560067e+01    1.70045714e+00    4.50525898e+17
 1.10000000e+01    2.29926060e+01    1.70217815e+00    4.50142398e+17
 1.10050000e+01    2.29292589e+01    1.70389926e+00    4.49758396e+17
 1.10100000e+01    2.28659656e+01    1.70562046e+00    4.49373889e+17
 1.10150000e+01    2.28027261e+01    1.70734176e+00    4.48988874e+17
 1.10200000e+01    2.27395406e+01    1.70906313e+00    4.48603349e+17
 1.10250000e+01    2.26764091e+01    1.71078459e+00    4.48217312e+17
 1.10300000e+01    2.26133319e+01    1.71250613e+00    4.47830761e+17
 1.10350000e+01    2.25503089e+01    1.71422774e+00    4.47443693e+17
 1.10400000e+01    2.24873404e+01    1.71594942e+00    4.47056106e+17
 1.10450000e+01    2.24244265e+01    1.71767117e+00    4.46667998e+17
 1.10500000e+01    2.23615672e+01    1.71939297e+00    4.46279368e+17
 1.10550000e+01    2.22987628e+01    1.72111484e+00    4.45890212e+17
 1.10600000e+01    2.22360132e+01    1.72283676e+00    4.45500529e+17
 1.10650000e+01    2.21733187e+01    1.72455873e+00    4.45110318e+17
 1.10700000e+01    2.21106794e+01    1.72628074e+00    4.44719575e+17
 1.10750000e+01    2.20480953e+01    1.72800280e+00    4.44328298e+17
 1.10800000e+01    2.19855667e+01    1.72972489e+00    4.43936486e+17
 1.10850000e+01    2.19230936e+01    1.73144702e+00    4.43544136e+17
 1.10900000e+01    2.18606761e+01    1.73316918e+00    4.43151245e+17
 1.10950000e+01    2.17983145e+01    1.73489136e+00    4.42757812e+17
 1.11000000e+01    2.17360087e+01    1.73661356e+00    4.42363834e+17
 1.11050000e+01    2.16737589e+01    1.73833578e+00    4.41969310e+17
 1.11100000e+01    2.16115653e+01    1.74005801e+00    4.41574236e+17
 1.11150000e+01    2.15494280e+01    1.74178025e+00    4.41178611e+17
 1.11200000e+01    2.14873471e+01    1.74350249e+00    4.40782431e+17
 1.11250000e+01    2.14253226e+01    1.74522474e+00    4.40385696e+17
 1.11300000e+01    2.13633549e+01    1.74694698e+00    4.39988401e+17
 1.11350000e+01    2.13014439e+01    1.74866921e+00    4.39590546e+17
 1.11400000e+01    2.12395898e+01    1.75039142e+00    4.39192127e+17
 1.11450000e+01    2.11777927e+01    1.75211362e+00    4.38793143e+17
 1.11500000e+01    2.11160527e+01    1.75383580e+00    4.38393591e+17
 1.11550000e+01    2.10543701e+01    1.75555795e+00    4.37993468e+17
 1.11600000e+01    2.09927448e+01    1.75728007e+00    4.37592772e+17
 1.11650000e+01    2.09311771e+01    1.75900216e+00    4.37191501e+17
 1.11700000e+01    2.08696670e+01    1.76072420e+00    4.36789652e+17
 1.11750000e+01    2.08082147e+01    1.76244620e+00    4.36387223e+17
 1.11800000e+01    2.07468203e+01    1.76416816e+00    4.35984212e+17
 1.11850000e+01    2.06854840e+01    1.76589006e+00    4.35580616e+17
 1.11900000e+01    2.06242058e+01    1.76761191e+00    4.35176432e+17
 1.11950000e+01    2.05629860e+01    1.76933369e+00    4.34771658e+17
 1.12000000e+01    2.05018245e+01    1.77105541e+00    4.34366291e+17
 1.12050000e+01    2.04407216e+01    1.77277705e+00    4.33960328e+17
 1.12100000e+01    2.03796774e+01    1.77449862e+00    4.33553768e+17
 1.12150000e+01    2.03186920e+01    1.77622011e+00    4.33146608e+17
 1.12200000e+01    2.02577656e+01    1.77794152e+00    4.32738844e+17
 1.12250000e+01    2.01968982e+01    1.77966284e+00    4.32330476e+17
 1.12300000e+01    2.01360900e+01    1.78138406e+00    4.31921500e+17
 1.12350000e+01    2.00753412e+01    1.78310519e+00    4.31511915e+17
 1.12400000e+01    2.00146518e+01    1.78482621e+00    4.31101717e+17
 1.12450000e+01    1.99540221e+01    1.78654712e+00    4.30690905e+17
 1.12500000e+01    1.98934521e+01    1.78826793e+00    4.30279476e+17
 1.12550000e+01    1.98329419e+01    1.78998861e+00    4.29867427e+17
 1.12600000e+01    1.97724917e+01    1.79170918e+00    4.29454755e+17
 1.12650000e+01    1.97121017e+01    1.79342961e+00    4.29041458e+17
 1.12700000e+01    1.96517720e+01    1.79514992e+00    4.28627533e+17
 1.12750000e+01    1.95915026e+01    1.79687009e+00    4.28212977e+17
 1.12800000e+01    1.95312938e+01    1.79859012e+00    4.27797788e+17
 1.12850000e+01    1.94711456e+01    1.80031000e+00    4.27381963e+17
 1.12900000e+01    1.94110582e+01    1.80202973e+00    4.26965500e+17
 1.12950000e+01    1.93510318e+01    1.80374931e+00    4.26548395e+17
 1.13000000e+01    1.92910664e+01    1.80546873e+00    4.26130646e+17
 1.13050000e+01    1.92311623e+01    1.80718798e+00    4.25712250e+17
 1.13100000e+01    1.91713195e+01    1.80890706e+00    4.25293206e+17
 1.13150000e+01    1.91115382e+01    1.81062597e+00    4.24873510e+17
 1.13200000e+01    1.90518185e+01    1.81234469e+00    4.24453159e+17
 1.13250000e+01    1.89921605e+01    1.81406323e+00    4.24032150e+17
 1.13300000e+01    1.89325644e+01    1.81578158e+00    4.23610482e+17
 1.13350000e+01    1.88730304e+01    1.81749974e+00    4.23188150e+17
 1.13400000e+01    1.88135585e+01    1.81921770e+00    4.22765152e+17
 1.13450000e+01    1.87541489e+01    1.82093545e+00    4.22341485e+17
 1.13500000e+01    1.86948018e+01    1.82265298e+00    4.21917147e+17
 1.13550000e+01    1.86355173e+01    1.82437031e+00    4.21492135e+17
 1.13600000e+01    1.85762954e+01    1.82608741e+00    4.21066446e+17
 1.13650000e+01    1.85171365e+01    1.82780429e+00    4.20640078e+17
 1.13700000e+01    1.84580405e+01    1.82952094e+00    4.20213029e+17
 1.13750000e+01    1.83990077e+01    1.83123735e+00    4.19785295e+17
 1.13800000e+01    1.83400381e+01    1.83295352e+00    4.19356874e+17
 1.13850000e+01    1.82811320e+01    1.83466944e+00    4.18927763e+17
 1.13900000e+01    1.82222894e+01    1.83638511e+00    4.18497959e+17
 1.13950000e+01    1.81635106e+01    1.83810052e+00    4.18067459e+17
 1.14000000e+01    1.81047955e+01    1.83981567e+00    4.17636260e+17
 1.14050000e+01    1.80461445e+01    1.84153056e+00    4.17204358e+17
 1.14100000e+01    1.79875576e+01    1.84324517e+00    4.16771750e+17
 1.14150000e+01    1.79290350e+01    1.84495950e+00    4.16338434e+17
 1.14200000e+01    1.78705768e+01    1.84667355e+00    4.15904407e+17
 1.14250000e+01    1.78121831e+01    1.84838731e+00    4.15469665e+17
 1.14300000e+01    1.77538542e+01    1.85010077e+00    4.15034207e+17
 1.14350000e+01    1.76955900e+01    1.85181393e+00    4.14598030e+17
 1.14400000e+01    1.76373909e+01    1.85352679e+00    4.14161131e+17
 1.14450000e+01    1.75792570e+01    1.85523934e+00    4.13723507e+17
 1.14500000e+01    1.75211883e+01    1.85695157e+00    4.13285156e+17
 1.14550000e+01    1.74631850e+01    1.85866348e+00    4.12846074e+17
 1.14600000e+01    1.74052473e+01    1.86037506e+00    4.12406258e+17
 1.14650000e+01    1.73473753e+01    1.86208631e+00    4.11965704e+17
 1.14700000e+01    1.72895692e+01    1.86379722e+00    4.11524410e+17
 1.14750000e+01    1.72318291e+01    1.86550778e+00    4.11082372e+17
 1.14800000e+01    1.71741552e+01    1.86721799e+00    4.10639586e+17
 1.14850000e+01    1.71165475e+01    1.86892785e+00    4.10196052e+17
 1.14900000e+01    1.70590064e+01    1.87063735e+00    4.09751764e+17
 1.14950000e+01    1.70015318e+01    1.87234648e+00    4.09306721e+17
 1.15000000e+01    1.69441240e+01    1.87405523e+00    4.08860921e+17
 1.15050000e+01    1.68867831e+01    1.87576361e+00    4.08414359e+17
 1.15100000e+01    1.68295092e+01    1.87747160e+00    4.07967035e+17
 1.15150000e+01    1.67723025e+01    1.87917920e+00    4.07518943e+17
 1.15200000e+01    1.67151632e+01    1.88088641e+00    4.07070082e+17
 1.15250000e+01    1.66580914e+01    1.88259321e+00    4.06620449e+17
 1.15300000e+01    1.66010872e+01    1.88429961e+00    4.06170039e+17
 1.15350000e+01    1.65441509e+01    1.88600559e+00    4.05718849e+17
 1.15400000e+01    1.64872825e+01    1.88771115e+00    4.05266878e+17
 1.15450000e+01    1.64304822e+01    1.88941629e+00    4.04814122e+17
 1.15500000e+01    1.63737501e+01    1.89112099e+00    4.04360577e+17
 1.15550000e+01    1.63170865e+01    1.89282526e+00    4.03906239e+17
 1.15600000e+01    1.62604914e+01    1.89452908e+00    4.03451107e+17
 1.15650000e+01    1.62039650e+01    1.89623246e+00    4.02995176e+17
 1.15700000e+01    1.61475076e+01    1.89793537e+00    4.02538444e+17
 1.15750000e+01    1.60911191e+01    1.89963783e+00    4.02080907e+17
 1.15800000e+01    1.60347998e+01    1.90133981e+00    4.01622563e+17
 1.15850000e+01    1.59785498e+01    1.90304133e+00    4.01163408e+17
 1.15900000e+01    1.59223694e+01    1.90474236e+00    4.00703440e+17
 1.15950000e+01    1.58662586e+01    1.90644291e+00    4.00242656e+17
 1.16000000e+01    1.58102175e+01    1.90814296e+00    3.99781052e+17
 1.16050000e+01    1.57542464e+01    1.90984251e+00    3.99318627e+17
 1.16100000e+01    1.56983455e+01    1.91154156e+00    3.98855375e+17
 1.16150000e+01    1.56425148e+01    1.91324010e+00    3.98391294e+17
 1.16200000e+01    1.55867545e+01    1.91493812e+00    3.97926380e+17
 1.16250000e+01    1.55310648e+01    1.91663561e+00    3.97460629e+17
 1.16300000e+01    1.54754459e+01    1.91833258e+00    3.96994037e+17
 1.16350000e+01    1.54198978e+01    1.92002901e+00    3.96526602e+17
 1.16400000e+01    1.53644208e+01    1.92172489e+00    3.96058321e+17
 1.16450000e+01    1.53090150e+01    1.92342022e+00    3.95589191e+17
 1.16500000e+01    1.52536806e+01    1.92511500e+00    3.95119210e+17
 1.16550000e+01    1.51984177e+01    1.92680921e+00    3.94648373e+17
 1.16600000e+01    1.51432265e+01    1.92850286e+00    3.94176680e+17
 1.16650000e+01    1.50881071e+01    1.93019593e+00    3.93704127e+17
 1.16700000e+01    1.50330598e+01    1.93188842e+00    3.93230710e+17
 1.16750000e+01    1.49780847e+01    1.93358031e+00    3.92756425e+17
 1.16800000e+01    1.49231818e+01    1.93527162e+00    3.92281270e+17
 1.16850000e+01    1.48683515e+01    1.93696231e+00    3.91805240e+17
 1.16900000e+01    1.48135938e+01    1.93865241e+00    3.91328332e+17
 1.16950000e+01    1.47589090e+01    1.94034188e+00    3.90850542e+17
 1.17000000e+01    1.47042971e+01    1.94203073e+00    3.90371869e+17
 1.17050000e+01    1.46497584e+01    1.94371896e+00    3.89892308e+17
 1.17100000e+01    1.45952930e+01    1.94540654e+00    3.89411856e+17
 1.17150000e+01    1.45409010e+01    1.94709349e+00    3.88930511e+17
 1.17200000e+01    1.44865827e+01    1.94877978e+00    3.88448269e+17
 1.17250000e+01    1.44323382e+01    1.95046542e+00    3.87965127e+17
 1.17300000e+01    1.43781677e+01    1.95215040e+00    3.87481082e+17
 1.17350000e+01    1.43240712e+01    1.95383470e+00    3.86996129e+17
 1.17400000e+01    1.42700491e+01    1.95551833e+00    3.86510266e+17
 1.17450000e+01    1.42161014e+01    1.95720127e+00    3.86023489e+17
 1.17500000e+01    1.41622284e+01    1.95888352e+00    3.85535795e+17
 1.17550000e+01    1.41084302e+01    1.96056508e+00    3.85047181e+17
 1.17600000e+01    1.40547069e+01    1.96224593e+00    3.84557644e+17
 1.17650000e+01    1.40010587e+01    1.96392606e+00    3.84067181e+17
 1.17700000e+01    1.39474859e+01    1.96560548e+00    3.83575789e+17
 1.17750000e+01    1.38939884e+01    1.96728417e+00    3.83083467e+17
 1.17800000e+01    1.38405667e+01    1.96896213e+00    3.82590210e+17
 1.17850000e+01    1.37872207e+01    1.97063934e+00    3.82096014e+17
 1.17900000e+01    1.37339507e+01    1.97231581e+00    3.81600877e+17
 1.17950000e+01    1.36807568e+01    1.97399152e+00    3.81104793e+17
 1.18000000e+01    1.36276392e+01    1.97566647e+00    3.80607759e+17
 1.18050000e+01    1.35745981e+01    1.97734066e+00    3.80109773e+17
 1.18100000e+01    1.35216336e+01    1.97901406e+00    3.79610831e+17
 1.18150000e+01    1.34687459e+01    1.98068668e+00    3.79110929e+17
 1.18200000e+01    1.34159353e+01    1.98235851e+00    3.78610066e+17
 1.18250000e+01    1.33632017e+01    1.98402953e+00    3.78108240e+17
 1.18300000e+01    1.33105455e+01    1.98569976e+00    3.77605446e+17
 1.18350000e+01    1.32579668e+01    1.98736916e+00    3.77101684e+17
 1.18400000e+01    1.32054658e+01    1.98903775e+00    3.76596948e+17
 1.18450000e+01    1.31530426e+01    1.99070551e+00    3.76091234e+17
 1.18500000e+01    1.31006974e+01    1.99237243e+00    3.75584539e+17
 1.18550000e+01    1.30484304e+01    1.99403850e+00    3.75076859e+17
 1.18600000e+01    1.29962417e+01    1.99570373e+00    3.74568189e+17
 1.18650000e+01    1.29441316e+01    1.99736809e+00    3.74058528e+17
 1.18700000e+01    1.28921002e+01    1.99903159e+00    3.73547872e+17
 1.18750000e+01    1.28401476e+01    2.00069421e+00    3.73036219e+17
 1.18800000e+01    1.27882741e+01    2.00235596e+00    3.72523565e+17
 1.18850000e+01    1.27364799e+01    2.00401681e+00    3.72009909e+17
 1.18900000e+01    1.26847650e+01    2.00567676e+00    3.71495249e+17
 1.18950000e+01    1.26331297e+01    2.00733581e+00    3.70979579e+17
 1.19000000e+01    1.25815741e+01    2.00899394e+00    3.70462898e+17
 1.19050000e+01    1.25300985e+01    2.01065116e+00    3.69945201e+17
 1.19100000e+01    1.24787030e+01    2.01230744e+00    3.69426487e+17
 1.19150000e+01    1.24273877e+01    2.01396279e+00    3.68906751e+17
 1.19200000e+01    1.23761529e+01    2.01561719e+00    3.68385990e+17
 1.19250000e+01    1.23249988e+01    2.01727064e+00    3.67864201e+17
 1.19300000e+01    1.22739254e+01    2.01892313e+00    3.67341381e+17
 1.19350000e+01    1.22229330e+01    2.02057465e+00    3.66817526e+17
 1.19400000e+01    1.21720218e+01    2.02222519e+00    3.66292634e+17
 1.19450000e+01    1.21211919e+01    2.02387475e+00    3.65766702e+17
 1.19500000e+01    1.20704435e+01    2.02552332e+00    3.65239725e+17
 1.19550000e+01    1.20197768e+01    2.02717088e+00    3.64711702e+17
 1.19600000e+01    1.19691920e+01    2.02881744e+00    3.64182628e+17
 1.19650000e+01    1.19186892e+01    2.03046297e+00    3.63652501e+17
 1.19700000e+01    1.18682687e+01    2.03210749e+00    3.63121318e+17
 1.19750000e+01    1.18179306e+01    2.03375096e+00    3.62589076e+17
 1.19800000e+01    1.17676750e+01    2.03539340e+00    3.62055774e+17
 1.19850000e+01    1.17175023e+01    2.03703479e+00    3.61521408e+17
 1.19900000e+01    1.16674124e+01    2.03867511e+00    3.60985976e+17
 1.19950000e+01    1.16174057e+01    2.04031437e+00    3.60449475e+17
 1.20000000e+01    1.15674823e+01    2.04195256e+00    3.59911903e+17
 1.20050000e+01    1.15176424e+01    2.04358966e+00    3.59373254e+17
 1.20100000e+01    1.14678861e+01    2.04522567e+00    3.58833527e+17
 1.20150000e+01    1.14182137e+01    2.04686057e+00    3.58292717e+17
 1.20200000e+01    1.13686253e+01    2.04849437e+00    3.57750823e+17
 1.20250000e+01    1.13191212e+01    2.05012705e+00    3.57207841e+17
 1.20300000e+01    1.12697014e+01    2.05175861e+00    3.56663768e+17
 1.20350000e+01    1.12203662e+01    2.05338903e+00    3.56118604e+17
 1.20400000e+01    1.11711157e+01    2.05501831e+00    3.55572345e+17
 1.20450000e+01    1.11219502e+01    2.05664643e+00    3.55024989e+17
 1.20500000e+01    1.10728697e+01    2.05827340e+00    3.54476533e+17
 1.20550000e+01    1.10238746e+01    2.05989919e+00    3.53926973e+17
 1.20600000e+01    1.09749650e+01    2.06152381e+00    3.53376306e+17
 1.20650000e+01    1.09261410e+01    2.06314724e+00    3.52824529e+17
 1.20700000e+01    1.08774029e+01    2.06476948e+00    3.52271639e+17
 1.20750000e+01    1.08287508e+01    2.06639051e+00    3.51717634e+17
 1.20800000e+01    1.07801849e+01    2.06801032e+00    3.51162511e+17
 1.20850000e+01    1.07317054e+01    2.06962892e+00    3.50606269e+17
 1.20900000e+01    1.06833124e+01    2.07124629e+00    3.50048905e+17
 1.20950000e+01    1.06350063e+01    2.07286241e+00    3.49490417e+17
 1.21000000e+01    1.05867871e+01    2.07447729e+00    3.48930803e+17
 1.21050000e+01    1.05386550e+01    2.07609091e+00    3.48370060e+17
 1.21100000e+01    1.04906102e+01    2.07770326e+00    3.47808185e+17
 1.21150000e+01    1.04426529e+01    2.07931434e+00    3.47245177e+17
 1.21200000e+01    1.03947833e+01    2.08092414e+00    3.46681034e+17
 1.21250000e+01    1.03470015e+01    2.08253264e+00    3.46115751e+17
 1.21300000e+01    1.02993078e+01    2.08413983e+00    3.45549326e+17
 1.21350000e+01    1.02517023e+01    2.08574572e+00    3.44981756e+17
 1.21400000e+01    1.02041853e+01    2.08735029e+00    3.44413038e+17
 1.21450000e+01    1.01567568e+01    2.08895352e+00    3.43843171e+17
 1.21500000e+01    1.01094171e+01    2.09055542e+00    3.43272152e+17
 1.21550000e+01    1.00621664e+01    2.09215597e+00    3.42699980e+17
 1.21600000e+01    1.00150049e+01    2.09375516e+00    3.42126652e+17
 1.21650000e+01    9.96793265e+00    2.09535298e+00    3.41552169e+17
 1.21700000e+01    9.92094995e+00    2.09694943e+00    3.40976527e+17
 1.21750000e+01    9.87405696e+00    2.09854449e+00    3.40399723e+17
 1.21800000e+01    9.82725385e+00    2.10013815e+00    3.39821755e+17
 1.21850000e+01    9.78054082e+00    2.10173042e+00    3.39242621e+17
 1.21900000e+01    9.73391805e+00    2.10332127e+00    3.38662319e+17
 1.21950000e+01    9.68738572e+00    2.10491069e+00    3.38080847e+17
 1.22000000e+01    9.64094402e+00    2.10649869e+00    3.37498201e+17
 1.22050000e+01    9.59459314e+00    2.10808524e+00    3.36914381e+17
 1.22100000e+01    9.54833325e+00    2.10967034e+00    3.36329384e+17
 1.22150000e+01    9.50216455e+00    2.11125398e+00    3.35743210e+17
 1.22200000e+01    9.45608722e+00    2.11283614e+00    3.35155855e+17
 1.22250000e+01    9.41010144e+00    2.11441683e+00    3.34567319e+17
 1.22300000e+01    9.36420739e+00    2.11599603e+00    3.33977600e+17
 1.22350000e+01    9.31840527e+00    2.11757373e+00    3.33386697e+17
 1.22400000e+01    9.27269526e+00    2.11914992e+00    3.32794608e+17
 1.22450000e+01    9.22707753e+00    2.12072460e+00    3.32201332e+17
 1.22500000e+01    9.18155229e+00    2.12229774e+00    3.31606866e+17
 1.22550000e+01    9.13611970e+00    2.12386934e+00    3.31011209e+17
 1.22600000e+01    9.09077995e+00    2.12543940e+00    3.30414361e+17
 1.22650000e+01    9.04553323e+00    2.12700790e+00    3.29816317e+17
 1.22700000e+01    9.00037973e+00    2.12857484e+00    3.29217077e+17
 1.22750000e+01    8.95531962e+00    2.13014019e+00    3.28616638e+17
 1.22800000e+01    8.91035309e+00    2.13170396e+00    3.28014999e+17
 1.22850000e+01    8.86548032e+00    2.13326613e+00    3.27412158e+17
 1.22900000e+01    8.82070151e+00    2.13482670e+00    3.26808115e+17
 1.22950000e+01    8.77601682e+00    2.13638565e+00    3.26202869e+17
 1.23000000e+01    8.73142645e+00    2.13794297e+00    3.25596421e+17
 1.23050000e+01    8.68693058e+00    2.13949866e+00    3.24988770e+17
 1.23100000e+01    8.64252939e+00    2.14105269e+00    3.24379914e+17
 1.23150000e+01    8.59822306e+00    2.14260508e+00    3.23769849e+17
 1.23200000e+01    8.55401178e+00    2.14415579e+00    3.23158574e+17
 1.23250000e+01    8.50989572e+00    2.14570483e+00    3.22546086e+17
 1.23300000e+01    8.46587508e+00    2.14725219e+00    3.21932386e+17
 1.23350000e+01    8.42195004e+00    2.14879784e+00    3.21317473e+17
 1.23400000e+01    8.37812077e+00    2.15034179e+00    3.20701346e+17
 1.23450000e+01    8.33438745e+00    2.15188402e+00    3.20084007e+17
 1.23500000e+01    8.29075028e+00    2.15342453e+00    3.19465454e+17
 1.23550000e+01    8.24720943e+00    2.15496330e+00    3.18845687e+17
 1.23600000e+01    8.20376508e+00    2.15650032e+00    3.18224702e+17
 1.23650000e+01    8.16041742e+00    2.15803558e+00    3.17602500e+17
 1.23700000e+01    8.11716662e+00    2.15956907e+00    3.16979079e+17
 1.23750000e+01    8.07401286e+00    2.16110079e+00    3.16354438e+17
 1.23800000e+01    8.03095633e+00    2.16263072e+00    3.15728577e+17
 1.23850000e+01    7.98799720e+00    2.16415885e+00    3.15101495e+17
 1.23900000e+01    7.94513566e+00    2.16568517e+00    3.14473194e+17
 1.23950000e+01    7.90237188e+00    2.16720967e+00    3.13843672e+17
 1.24000000e+01    7.85970605e+00    2.16873234e+00    3.13212928e+17
 1.24050000e+01    7.81713833e+00    2.17025317e+00    3.12580964e+17
 1.24100000e+01    7.77466892e+00    2.17177215e+00    3.11947777e+17
 1.24150000e+01    7.73229798e+00    2.17328926e+00    3.11313369e+17
 1.24200000e+01    7.69002570e+00    2.17480451e+00    3.10677739e+17
 1.24250000e+01    7.64785226e+00    2.17631788e+00    3.10040887e+17
 1.24300000e+01    7.60577782e+00    2.17782935e+00    3.09402812e+17
 1.24350000e+01    7.56380257e+00    2.17933892e+00    3.08763515e+17
 1.24400000e+01    7.52192668e+00    2.18084657e+00    3.08122995e+17
 1.24450000e+01    7.48015033e+00    2.18235231e+00    3.07481249e+17
 1.24500000e+01    7.43847369e+00    2.18385611e+00    3.06838279e+17
 1.24550000e+01    7.39689695e+00    2.18535796e+00    3.06194082e+17
 1.24600000e+01    7.35542027e+00    2.18685786e+00    3.05548661e+17
 1.24650000e+01    7.31404383e+00    2.18835579e+00    3.04902017e+17
 1.24700000e+01    7.27276780e+00    2.18985174e+00    3.04254152e+17
 1.24750000e+01    7.23159236e+00    2.19134571e+00    3.03605067e+17
 1.24800000e+01    7.19051768e+00    2.19283768e+00    3.02954761e+17
 1.24850000e+01    7.14954393e+00    2.19432764e+00    3.02303234e+17
 1.24900000e+01    7.10867128e+00    2.19581558e+00    3.01650483e+17
 1.24950000e+01    7.06789991e+00    2.19730149e+00    3.00996508e+17
 1.25000000e+01    7.02722999e+00    2.19878536e+00    3.00341309e+17
 1.25050000e+01    6.98666169e+00    2.20026718e+00    2.99684890e+17
 1.25100000e+01    6.94619517e+00    2.20174693e+00    2.99027252e+17
 1.25150000e+01    6.90583061e+00    2.20322461e+00    2.98368398e+17
 1.25200000e+01    6.86556818e+00    2.20470021e+00    2.97708328e+17
 1.25250000e+01    6.82540805e+00    2.20617372e+00    2.97047040e+17
 1.25300000e+01    6.78535038e+00    2.20764512e+00    2.96384534e+17
 1.25350000e+01    6.74539534e+00    2.20911440e+00    2.95720808e+17
 1.25400000e+01    6.70554309e+00    2.21058155e+00    2.95055864e+17
 1.25450000e+01    6.66579382e+00    2.21204657e+00    2.94389704e+17
 1.25500000e+01    6.62614767e+00    2.21350944e+00    2.93722330e+17
 1.25550000e+01    6.58660483e+00    2.21497015e+00    2.93053746e+17
 1.25600000e+01    6.54716544e+00    2.21642869e+00    2.92383952e+17
 1.25650000e+01    6.50782968e+00    2.21788505e+00    2.91712948e+17
 1.25700000e+01    6.46859771e+00    2.21933921e+00    2.91040735e+17
 1.25750000e+01    6.42946969e+00    2.22079117e+00    2.90367312e+17
 1.25800000e+01    6.39044579e+00    2.22224092e+00    2.89692681e+17
 1.25850000e+01    6.35152616e+00    2.22368844e+00    2.89016842e+17
 1.25900000e+01    6.31271097e+00    2.22513373e+00    2.88339796e+17
 1.25950000e+01    6.27400038e+00    2.22657677e+00    2.87661547e+17
 1.26000000e+01    6.23539454e+00    2.22801755e+00    2.86982094e+17
 1.26050000e+01    6.19689363e+00    2.22945606e+00    2.86301441e+17
 1.26100000e+01    6.15849779e+00    2.23089230e+00    2.85619591e+17
 1.26150000e+01    6.12020718e+00    2.23232624e+00    2.84936545e+17
 1.26200000e+01    6.08202196e+00    2.23375788e+00    2.84252305e+17
 1.26250000e+01    6.04394229e+00    2.23518721e+00    2.83566869e+17
 1.26300000e+01    6.00596832e+00    2.23661421e+00    2.82880238e+17
 1.26350000e+01    5.96810021e+00    2.23803888e+00    2.82192412e+17
 1.26400000e+01    5.93033811e+00    2.23946120e+00    2.81503392e+17
 1.26450000e+01    5.89268217e+00    2.24088117e+00    2.80813184e+17
 1.26500000e+01    5.85513256e+00    2.24229876e+00    2.80121792e+17
 1.26550000e+01    5.81768941e+00    2.24371398e+00    2.79429218e+17
 1.26600000e+01    5.78035289e+00    2.24512681e+00    2.78735466e+17
 1.26650000e+01    5.74312313e+00    2.24653724e+00    2.78040534e+17
 1.26700000e+01    5.70600030e+00    2.24794525e+00    2.77344423e+17
 1.26750000e+01    5.66898454e+00    2.24935084e+00    2.76647136e+17
 1.26800000e+01    5.63207599e+00    2.25075399e+00    2.75948672e+17
 1.26850000e+01    5.59527482e+00    2.25215470e+00    2.75249033e+17
 1.26900000e+01    5.55858115e+00    2.25355296e+00    2.74548223e+17
 1.26950000e+01    5.52199514e+00    2.25494874e+00    2.73846242e+17
 1.27000000e+01    5.48551694e+00    2.25634205e+00    2.73143096e+17
 1.27050000e+01    5.44914668e+00    2.25773286e+00    2.72438786e+17
 1.27100000e+01    5.41288452e+00    2.25912117e+00    2.71733318e+17
 1.27150000e+01    5.37673058e+00    2.26050697e+00    2.71026693e+17
 1.27200000e+01    5.34068502e+00    2.26189025e+00    2.70318912e+17
 1.27250000e+01    5.30474798e+00    2.26327099e+00    2.69609976e+17
 1.27300000e+01    5.26891959e+00    2.26464919e+00    2.68899887e+17
 1.27350000e+01    5.23319999e+00    2.26602483e+00    2.68188646e+17
 1.27400000e+01    5.19758932e+00    2.26739790e+00    2.67476257e+17
 1.27450000e+01    5.16208772e+00    2.26876839e+00    2.66762725e+17
 1.27500000e+01    5.12669533e+00    2.27013628e+00    2.66048053e+17
 1.27550000e+01    5.09141228e+00    2.27150158e+00    2.65332242e+17
 1.27600000e+01    5.05623870e+00    2.27286426e+00    2.64615297e+17
 1.27650000e+01    5.02117473e+00    2.27422432e+00    2.63897220e+17
 1.27700000e+01    4.98622050e+00    2.27558175e+00    2.63178013e+17
 1.27750000e+01    4.95137614e+00    2.27693652e+00    2.62457679e+17
 1.27800000e+01    4.91664178e+00    2.27828864e+00    2.61736219e+17
 1.27850000e+01    4.88201755e+00    2.27963809e+00    2.61013635e+17
 1.27900000e+01    4.84750358e+00    2.28098486e+00    2.60289931e+17
 1.27950000e+01    4.81310000e+00    2.28232893e+00    2.59565111e+17
 1.28000000e+01    4.77880694e+00    2.28367031e+00    2.58839179e+17
 1.28050000e+01    4.74462451e+00    2.28500897e+00    2.58112139e+17
 1.28100000e+01    4.71055285e+00    2.28634490e+00    2.57383993e+17
 1.28150000e+01    4.67659208e+00    2.28767810e+00    2.56654744e+17
 1.28200000e+01    4.64274231e+00    2.28900855e+00    2.55924394e+17
 1.28250000e+01    4.60900368e+00    2.29033624e+00    2.55192946e+17
 1.28300000e+01    4.57537630e+00    2.29166116e+00    2.54460402e+17
 1.28350000e+01    4.54186030e+00    2.29298330e+00    2.53726767e+17
 1.28400000e+01    4.50845578e+00    2.29430265e+00    2.52992043e+17
 1.28450000e+01    4.47516288e+00    2.29561919e+00    2.52256236e+17
 1.28500000e+01    4.44198170e+00    2.29693292e+00    2.51519348e+17
 1.28550000e+01    4.40891236e+00    2.29824382e+00    2.50781383e+17
 1.28600000e+01    4.37595497e+00    2.29955188e+00    2.50042347e+17
 1.28650000e+01    4.34310965e+00    2.30085710e+00    2.49302243e+17
 1.28700000e+01    4.31037651e+00    2.30215945e+00    2.48561073e+17
 1.28750000e+01    4.27775566e+00    2.30345893e+00    2.47818843e+17
 1.28800000e+01    4.24524721e+00    2.30475554e+00    2.47075555e+17
 1.28850000e+01    4.21285127e+00    2.30604924e+00    2.46331211e+17
 1.28900000e+01    4.18056794e+00    2.30734005e+00    2.45585815e+17
 1.28950000e+01    4.14839733e+00    2.30862794e+00    2.44839370e+17
 1.29000000e+01    4.11633955e+00    2.30991290e+00    2.44091881e+17
 1.29050000e+01    4.08439470e+00    2.31119492e+00    2.43343354e+17
 1.29100000e+01    4.05256289e+00    2.31247399e+00    2.42593796e+17
 1.29150000e+01    4.02084421e+00    2.31375010e+00    2.41843210e+17
 1.29200000e+01    3.98923877e+00    2.31502324e+00    2.41091599e+17
 1.29250000e+01    3.95774666e+00    2.31629340e+00    2.40338964e+17
 1.29300000e+01    3.92636798e+00    2.31756056e+00    2.39585308e+17
 1.29350000e+01    3.89510283e+00    2.31882472e+00    2.38830636e+17
 1.29400000e+01    3.86395131e+00    2.32008587e+00    2.38074955e+17
 1.29450000e+01    3.83291351e+00    2.32134398e+00    2.37318270e+17
 1.29500000e+01    3.80198952e+00    2.32259906e+00    2.36560586e+17
 1.29550000e+01    3.77117944e+00    2.32385108e+00    2.35801908e+17
 1.29600000e+01    3.74048335e+00    2.32510005e+00    2.35042238e+17
 1.29650000e+01    3.70990134e+00    2.32634594e+00    2.34281583e+17
 1.29700000e+01    3.67943351e+00    2.32758875e+00    2.33519946e+17
 1.29750000e+01    3.64907993e+00    2.32882847e+00    2.32757334e+17
 1.29800000e+01    3.61884070e+00    2.33006508e+00    2.31993750e+17
 1.29850000e+01    3.58871590e+00    2.33129858e+00    2.31229202e+17
 1.29900000e+01    3.55870560e+00    2.33252895e+00    2.30463694e+17
 1.29950000e+01    3.52880990e+00    2.33375618e+00    2.29697233e+17
 1.30000000e+01    3.49902887e+00    2.33498026e+00    2.28929825e+17
 1.30050000e+01    3.46936259e+00    2.33620118e+00    2.28161476e+17
 1.30100000e+01    3.43981113e+00    2.33741893e+00    2.27392190e+17
 1.30150000e+01    3.41037457e+00    2.33863350e+00    2.26621974e+17
 1.30200000e+01    3.38105299e+00    2.33984487e+00    2.25850835e+17
 1.30250000e+01    3.35184646e+00    2.34105304e+00    2.25078780e+17
 1.30300000e+01    3.32275504e+00    2.34225800e+00    2.24305814e+17
 1.30350000e+01    3.29377881e+00    2.34345973e+00    2.23531945e+17
 1.30400000e+01    3.26491783e+00    2.34465822e+00    2.22757177e+17
 1.30450000e+01    3.23617217e+00    2.34585347e+00    2.21981517e+17
 1.30500000e+01    3.20754190e+00    2.34704546e+00    2.21204972e+17
 1.30550000e+01    3.17902708e+00    2.34823418e+00    2.20427551e+17
 1.30600000e+01    3.15062777e+00    2.34941962e+00    2.19649264e+17
 1.30650000e+01    3.12234402e+00    2.35060177e+00    2.18870124e+17
 1.30700000e+01    3.09417590e+00    2.35178061e+00    2.18090138e+17
 1.30750000e+01    3.06612346e+00    2.35295615e+00    2.17309313e+17
 1.30800000e+01    3.03818675e+00    2.35412836e+00    2.16527655e+17
 1.30850000e+01    3.01036583e+00    2.35529724e+00    2.15745173e+17
 1.30900000e+01    2.98266074e+00    2.35646278e+00    2.14961877e+17
 1.30950000e+01    2.95507154e+00    2.35762497e+00    2.14177778e+17
 1.31000000e+01    2.92759826e+00    2.35878378e+00    2.13392890e+17
 1.31050000e+01    2.90024097e+00    2.35993923e+00    2.12607223e+17
 1.31100000e+01    2.87299968e+00    2.36109129e+00    2.11820792e+17
 1.31150000e+01    2.84587445e+00    2.36223995e+00    2.11033610e+17
 1.31200000e+01    2.81886531e+00    2.36338521e+00    2.10245688e+17
 1.31250000e+01    2.79197229e+00    2.36452705e+00    2.09457040e+17
 1.31300000e+01    2.76519543e+00    2.36566546e+00    2.08667678e+17
 1.31350000e+01    2.73853476e+00    2.36680044e+00    2.07877616e+17
 1.31400000e+01    2.71199029e+00    2.36793198e+00    2.07086874e+17
 1.31450000e+01    2.68556207e+00    2.36906005e+00    2.06295471e+17
 1.31500000e+01    2.65925009e+00    2.37018467e+00    2.05503426e+17
 1.31550000e+01    2.63305440e+00    2.37130580e+00    2.04710760e+17
 1.31600000e+01    2.60697499e+00    2.37242345e+00    2.03917492e+17
 1.31650000e+01    2.58101187e+00    2.37353761e+00    2.03123641e+17
 1.31700000e+01    2.55516507e+00    2.37464826e+00    2.02329232e+17
 1.31750000e+01    2.52943457e+00    2.37575540e+00    2.01534294e+17
 1.31800000e+01    2.50382038e+00    2.37685901e+00    2.00738854e+17
 1.31850000e+01    2.47832249e+00    2.37795910e+00    1.99942943e+17
 1.31900000e+01    2.45294089e+00    2.37905564e+00    1.99146594e+17
 1.31950000e+01    2.42767558e+00    2.38014864e+00    1.98349840e+17
 1.32000000e+01    2.40252652e+00    2.38123807e+00    1.97552721e+17
 1.32050000e+01    2.37749369e+00    2.38232395e+00    1.96755287e+17
 1.32100000e+01    2.35257706e+00    2.38340624e+00    1.95957591e+17
 1.32150000e+01    2.32777659e+00    2.38448496e+00    1.95159684e+17
 1.32200000e+01    2.30309222e+00    2.38556009e+00    1.94361612e+17
 1.32250000e+01    2.27852392e+00    2.38663162e+00    1.93563419e+17
 1.32300000e+01    2.25407161e+00    2.38769956e+00    1.92765155e+17
 1.32350000e+01    2.22973522e+00    2.38876388e+00    1.91966960e+17
 1.32400000e+01    2.20551467e+00    2.38982458e+00    1.91169025e+17
 1.32450000e+01    2.18140983e+00    2.39088167e+00    1.90371535e+17
 1.32500000e+01    2.15742057e+00    2.39193514e+00    1.89574546e+17
 1.32550000e+01    2.13354675e+00    2.39298498e+00    1.88777953e+17
 1.32600000e+01    2.10978827e+00    2.39403119e+00    1.87981649e+17
 1.32650000e+01    2.08614499e+00    2.39507376e+00    1.87185989e+17
 1.32700000e+01    2.06261667e+00    2.39611270e+00    1.86392491e+17
 1.32750000e+01    2.03920286e+00    2.39714802e+00    1.85602803e+17
 1.32800000e+01    2.01590294e+00    2.39817973e+00    1.84818080e+17
 1.32850000e+01    1.99271626e+00    2.39920785e+00    1.84036961e+17
 1.32900000e+01    1.96964245e+00    2.40023240e+00    1.83257258e+17
 1.32950000e+01    1.94668137e+00    2.40125336e+00    1.82476917e+17
 1.33000000e+01    1.92383311e+00    2.40227072e+00    1.81695005e+17
 1.33050000e+01    1.90109776e+00    2.40328448e+00    1.80911494e+17
 1.33100000e+01    1.87847547e+00    2.40429461e+00    1.80126386e+17
 1.33150000e+01    1.85596632e+00    2.40530110e+00    1.79339675e+17
 1.33200000e+01    1.83357045e+00    2.40630393e+00    1.78551339e+17
 1.33250000e+01    1.81128797e+00    2.40730308e+00    1.77761355e+17
 1.33300000e+01    1.78911900e+00    2.40829855e+00    1.76969705e+17
 1.33350000e+01    1.76706365e+00    2.40929032e+00    1.76176366e+17
 1.33400000e+01    1.74512206e+00    2.41027836e+00    1.75381320e+17
 1.33450000e+01    1.72329434e+00    2.41126267e+00    1.74584550e+17
 1.33500000e+01    1.70158062e+00    2.41224323e+00    1.73786035e+17
 1.33550000e+01    1.67998103e+00    2.41322001e+00    1.72985750e+17
 1.33600000e+01    1.65849570e+00    2.41419301e+00    1.72183676e+17
 1.33650000e+01    1.63712475e+00    2.41516222e+00    1.71379790e+17
 1.33700000e+01    1.61586832e+00    2.41612760e+00    1.70574068e+17
 1.33750000e+01    1.59472655e+00    2.41708914e+00    1.69766488e+17
 1.33800000e+01    1.57369957e+00    2.41804684e+00    1.68957027e+17
 1.33850000e+01    1.55278751e+00    2.41900066e+00    1.68145657e+17
 1.33900000e+01    1.53199053e+00    2.41995059e+00    1.67332355e+17
 1.33950000e+01    1.51130875e+00    2.42089662e+00    1.66517096e+17
 1.34000000e+01    1.49074234e+00    2.42183873e+00    1.65699850e+17
 1.34050000e+01    1.47029142e+00    2.42277690e+00    1.64880592e+17
 1.34100000e+01    1.44995616e+00    2.42371111e+00    1.64059295e+17
 1.34150000e+01    1.42973671e+00    2.42464134e+00    1.63235928e+17
 1.34200000e+01    1.40963322e+00    2.42556757e+00    1.62410460e+17
 1.34250000e+01    1.38964585e+00    2.42648979e+00    1.61582862e+17
 1.34300000e+01    1.36977475e+00    2.42740797e+00    1.60753103e+17
 1.34350000e+01    1.35002010e+00    2.42832211e+00    1.59921148e+17
 1.34400000e+01    1.33038205e+00    2.42923217e+00    1.59086969e+17
 1.34450000e+01    1.31086078e+00    2.43013813e+00    1.58250530e+17
 1.34500000e+01    1.29145646e+00    2.43103999e+00    1.57411794e+17
 1.34550000e+01    1.27216926e+00    2.43193771e+00    1.56570726e+17
 1.34600000e+01    1.25299936e+00    2.43283128e+00    1.55727290e+17
 1.34650000e+01    1.23394695e+00    2.43372068e+00    1.54881444e+17
 1.34700000e+01    1.21501221e+00    2.43460589e+00    1.54033155e+17
 1.34750000e+01    1.19619533e+00    2.43548688e+00    1.53182379e+17
 1.34800000e+01    1.17749650e+00    2.43636363e+00    1.52329073e+17
 1.34850000e+01    1.15891592e+00    2.43723613e+00    1.51473197e+17
 1.34900000e+01    1.14045379e+00    2.43810434e+00    1.50614707e+17
 1.34950000e+01    1.12211032e+00    2.43896826e+00    1.49753554e+17
 1.35000000e+01    1.10388572e+00    2.43982784e+00    1.48889698e+17
 1.35050000e+01    1.08578019e+00    2.44068309e+00    1.48023088e+17
 1.35100000e+01    1.06779397e+00    2.44153396e+00    1.47153671e+17
 1.35150000e+01    1.04992727e+00    2.44238043e+00    1.46281400e+17
 1.35200000e+01    1.03218032e+00    2.44322249e+00    1.45406221e+17
 1.35250000e+01    1.01455336e+00    2.44406011e+00    1.44528075e+17
 1.35300000e+01    9.97046622e-01    2.44489326e+00    1.43646913e+17
 1.35350000e+01    9.79660355e-01    2.44572191e+00    1.42762673e+17
 1.35400000e+01    9.62394810e-01    2.44654605e+00    1.41875294e+17
 1.35450000e+01    9.45250242e-01    2.44736565e+00    1.40984721e+17
 1.35500000e+01    9.28226913e-01    2.44818068e+00    1.40090885e+17
 1.35550000e+01    9.11325094e-01    2.44899111e+00    1.39193718e+17
 1.35600000e+01    8.94545060e-01    2.44979692e+00    1.38293157e+17
 1.35650000e+01    8.77887093e-01    2.45059809e+00    1.37389127e+17
 1.35700000e+01    8.61351483e-01    2.45139457e+00    1.36481555e+17
 1.35750000e+01    8.44938527e-01    2.45218635e+00    1.35570373e+17
 1.35800000e+01    8.28648529e-01    2.45297339e+00    1.34655494e+17
 1.35850000e+01    8.12481804e-01    2.45375567e+00    1.33736840e+17
 1.35900000e+01    7.96438670e-01    2.45453315e+00    1.32814330e+17
 1.35950000e+01    7.80519458e-01    2.45530581e+00    1.31887870e+17
 1.36000000e+01    7.64724507e-01    2.45607361e+00    1.30957377e+17
 1.36050000e+01    7.49054164e-01    2.45683653e+00    1.30022755e+17
 1.36100000e+01    7.33508787e-01    2.45759453e+00    1.29083903e+17
 1.36150000e+01    7.18088743e-01    2.45834757e+00    1.28140729e+17
 1.36200000e+01    7.02794410e-01    2.45909563e+00    1.27193120e+17
 1.36250000e+01    6.87626177e-01    2.45983867e+00    1.26240968e+17
 1.36300000e+01    6.72584443e-01    2.46057665e+00    1.25284167e+17
 1.36350000e+01    6.57669622e-01    2.46130954e+00    1.24322589e+17
 1.36400000e+01    6.42882138e-01    2.46203730e+00    1.23356119e+17
 1.36450000e+01    6.28222428e-01    2.46275990e+00    1.22384628e+17
 1.36500000e+01    6.13690942e-01    2.46347730e+00    1.21407977e+17
 1.36550000e+01    5.99288145e-01    2.46418945e+00    1.20426038e+17
 1.36600000e+01    5.85014517e-01    2.46489632e+00    1.19438655e+17
 1.36650000e+01    5.70870554e-01    2.46559787e+00    1.18445680e+17
 1.36700000e+01    5.56856764e-01    2.46629406e+00    1.17446961e+17
 1.36750000e+01    5.42973678e-01    2.46698484e+00    1.16442321e+17
 1.36800000e+01    5.29221840e-01    2.46767016e+00    1.15431601e+17
 1.36850000e+01    5.15601814e-01    2.46834999e+00    1.14414609e+17
 1.36900000e+01    5.02114183e-01    2.46902428e+00    1.13391156e+17
 1.36950000e+01    4.88759552e-01    2.46969298e+00    1.12361053e+17
 1.37000000e+01    4.75538545e-01    2.47035604e+00    1.11324073e+17
 1.37050000e+01    4.62451811e-01    2.47101341e+00    1.10280015e+17
 1.37100000e+01    4.49500021e-01    2.47166504e+00    1.09228635e+17
 1.37150000e+01    4.36683873e-01    2.47231088e+00    1.08169694e+17
 1.37200000e+01    4.24004087e-01    2.47295087e+00    1.07102942e+17
 1.37250000e+01    4.11461417e-01    2.47358495e+00    1.06028091e+17
 1.37300000e+01    3.99056643e-01    2.47421307e+00    1.04944880e+17
 1.37350000e+01    3.86790576e-01    2.47483517e+00    1.03852984e+17
 1.37400000e+01    3.74664060e-01    2.47545118e+00    1.02752108e+17
 1.37450000e+01    3.62677975e-01    2.47606105e+00    1.01641892e+17
 1.37500000e+01    3.50833240e-01    2.47666470e+00    1.00521968e+17
 1.37550000e+01    3.39130811e-01    2.47726206e+00    9.93919761e+16
 1.37600000e+01    3.27571686e-01    2.47785307e+00    9.82515451e+16
 1.37650000e+01    3.16156901e-01    2.47843766e+00    9.71002599e+16
 1.37700000e+01    3.04887552e-01    2.47901574e+00    9.59374485e+16
 1.37750000e+01    2.93764805e-01    2.47958723e+00    9.47625952e+16
 1.37800000e+01    2.82789852e-01    2.48015206e+00    9.35757079e+16
 1.37850000e+01    2.71963871e-01    2.48071013e+00    9.23766805e+16
 1.37900000e+01    2.61288172e-01    2.48126137e+00    9.11630520e+16
 1.37950000e+01    2.50764400e-01    2.48180566e+00    8.99322799e+16
 1.38000000e+01    2.40394111e-01    2.48234290e+00    8.86895289e+16
 1.38050000e+01    2.30177974e-01    2.48287303e+00    8.74416665e+16
 1.38100000e+01    2.20117208e-01    2.48339597e+00    8.61674484e+16
 1.38150000e+01    2.10216614e-01    2.48391145e+00    8.48383234e+16
 1.38200000e+01    2.00479243e-01    2.48441927e+00    8.35300506e+16
 1.38250000e+01    1.90895596e-01    2.48491991e+00    8.23335342e+16
 1.38300000e+01    1.81466075e-01    2.48541334e+00    8.09327696e+16
 1.38350000e+01    1.72240633e-01    2.48589689e+00    7.89244647e+16
 1.38400000e+01    1.63281826e-01    2.48636723e+00    7.65244426e+16
 1.38450000e+01    1.54614961e-01    2.48682300e+00    7.40154767e+16
 1.38500000e+01    1.46247906e-01    2.48726373e+00    7.14572036e+16
 1.38550000e+01    1.38183739e-01    2.48768920e+00    6.88849351e+16
 1.38600000e+01    1.30421823e-01    2.48809941e+00    6.63280536e+16
 1.38650000e+01    1.22958474e-01    2.48849449e+00    6.38104316e+16
 1.38700000e+01    1.15787576e-01    2.48887473e+00    6.13509127e+16
 1.38750000e+01    1.08901387e-01    2.48924049e+00    5.89565020e+16
 1.38800000e+01    1.02292437e-01    2.48959212e+00    5.66184960e+16
 1.38850000e+01    9.59542772e-02    2.48992992e+00    5.43290403e+16
 1.38900000e+01    8.98812186e-02    2.49025414e+00    5.20827458e+16
 1.38950000e+01    8.40680735e-02    2.49056501e+00    4.98762996e+16
 1.39000000e+01    7.85099224e-02    2.49086277e+00    4.77084713e+16
 1.39050000e+01    7.32018864e-02    2.49114761e+00    4.55797214e+16
 1.39100000e+01    6.81389887e-02    2.49141978e+00    4.34913900e+16
 1.39150000e+01    6.33160720e-02    2.49167949e+00    4.14454391e+16
 1.39200000e+01    5.87277405e-02    2.49192701e+00    3.94442512e+16
 1.39250000e+01    5.43683243e-02    2.49216259e+00    3.74904515e+16
 1.39300000e+01    5.02318979e-02    2.49238652e+00    3.55856118e+16
 1.39350000e+01    4.63125495e-02    2.49259907e+00    3.37285126e+16
 1.39400000e+01    4.26044934e-02    2.49280051e+00    3.19187316e+16
 1.39450000e+01    3.91019347e-02    2.49299114e+00    3.01570179e+16
 1.39500000e+01    3.57989741e-02    2.49317122e+00    2.84443083e+16
 1.39550000e+01    3.26897771e-02    2.49334104e+00    2.67786417e+16
 1.39600000e+01    2.97687502e-02    2.49350087e+00    2.51586793e+16
 1.39650000e+01    2.70303512e-02    2.49365098e+00    2.35849885e+16
 1.39700000e+01    2.44689098e-02    2.49379164e+00    2.20594413e+16
 1.39750000e+01    2.20785313e-02    2.49392315e+00    2.05840694e+16
 1.39800000e+01    1.98531961e-02    2.49404579e+00    1.91595097e+16
 1.39850000e+01    1.77867983e-02    2.49415989e+00    1.77872049e+16
 1.39900000e+01    1.58730894e-02    2.49426575e+00    1.64675605e+16
 1.39950000e+01    1.41061239e-02    2.49436367e+00    1.51956259e+16
 1.40000000e+01    1.24804167e-02    2.49445392e+00    1.39696064e+16
 1.40050000e+01    1.09903604e-02    2.49453680e+00    1.27935450e+16
 1.40100000e+01    9.62980992e-03    2.49461261e+00    1.16720610e+16
 1.40150000e+01    8.39248076e-03    2.49468169e+00    1.06028466e+16
 1.40200000e+01    7.27245971e-03    2.49474433e+00    9.58377056e+15
 1.40250000e+01    6.26389328e-03    2.49480084e+00    8.61537127e+15
 1.40300000e+01    5.36094018e-03    2.49485152e+00    7.69747870e+15
 1.40350000e+01    4.55770868e-03    2.49489670e+00    6.83113827e+15
 1.40400000e+01    3.84827241e-03    2.49493667e+00    6.01673356e+15
 1.40450000e+01    3.22664700e-03    2.49497175e+00    5.25433507e+15
 1.40500000e+01    2.68696570e-03    2.49500227e+00    4.54335450e+15
 1.40550000e+01    2.22331745e-03    2.49502854e+00    3.88487040e+15
 1.40600000e+01    1.82966736e-03    2.49505088e+00    3.28003909e+15
 1.40650000e+01    1.50011679e-03    2.49506962e+00    2.72620599e+15
 1.40700000e+01    1.22886683e-03    2.49508507e+00    2.22488787e+15
 1.40750000e+01    1.00987862e-03    2.49509757e+00    1.77814835e+15
 1.40800000e+01    8.37132303e-04    2.49510744e+00    1.38570389e+15
 1.40850000e+01    7.04368714e-04    2.49511504e+00    1.05008151e+15
 1.40900000e+01    6.05331930e-04    2.49512072e+00    7.72482993e+14
 1.40950000e+01    5.33348553e-04    2.49512486e+00    5.55842579e+14
 1.41000000e+01    4.80513331e-04    2.49512790e+00    4.19836638e+14
 1.41050000e+01    4.35097538e-04    2.49513052e+00    4.07107953e+14
 1.41100000e+01    3.92874737e-04    2.49513295e+00    3.66001264e+14
 1.41150000e+01    3.55396068e-04    2.49513512e+00    3.24664285e+14
 1.41200000e+01    3.21828846e-04    2.49513707e+00    2.94653625e+14
 1.41250000e+01    2.91117837e-04    2.49513885e+00    2.72011879e+14
 1.41300000e+01    2.62661340e-04    2.49514050e+00    2.53232198e+14
 1.41350000e+01    2.36201659e-04    2.49514205e+00    2.35227566e+14
 1.41400000e+01    2.11793765e-04    2.49514347e+00    2.15577526e+14
 1.41450000e+01    1.89666723e-04    2.49514476e+00    1.93775899e+14
 1.41500000e+01    1.69853054e-04    2.49514592e+00    1.73944880e+14
 1.41550000e+01    1.52050972e-04    2.49514697e+00    1.56420768e+14
 1.41600000e+01    1.36071620e-04    2.49514791e+00    1.40678404e+14
 1.41650000e+01    1.21661081e-04    2.49514876e+00    1.27673756e+14
 1.41700000e+01    1.08527415e-04    2.49514953e+00    1.17006354e+14
 1.41750000e+01    9.64844199e-05    2.49515024e+00    1.07468040e+14
 1.41800000e+01    8.54524562e-05    2.49515090e+00    9.83344568e+13
 1.41850000e+01    7.53959658e-05    2.49515150e+00    8.95072720e+13
 1.41900000e+01    6.62738516e-05    2.49515204e+00    8.10962315e+13
 1.41950000e+01    5.80317983e-05    2.49515253e+00    7.32736857e+13
 1.42000000e+01    5.05919579e-05    2.49515297e+00    6.62660689e+13
 1.42050000e+01    4.38662041e-05    2.49515337e+00    5.99314865e+13
 1.42100000e+01    3.78267478e-05    2.49515374e+00    5.33899744e+13
 1.42150000e+01    3.25166545e-05    2.49515405e+00    4.64721737e+13
 1.42200000e+01    2.79076736e-05    2.49515433e+00    4.05256750e+13
 1.42250000e+01    2.38579656e-05    2.49515458e+00    3.59434864e+13
 1.42300000e+01    2.02567057e-05    2.49515479e+00    3.20559941e+13
 1.42350000e+01    1.70596389e-05    2.49515499e+00    2.82880286e+13
 1.42400000e+01    1.42783523e-05    2.49515515e+00    2.42580229e+13
 1.42450000e+01    1.19143341e-05    2.49515530e+00    2.06385285e+13
 1.42500000e+01    9.88534669e-06    2.49515542e+00    1.79072756e+13
 1.42550000e+01    8.12423405e-06    2.49515553e+00    1.55216638e+13
 1.42600000e+01    6.60882782e-06    2.49515562e+00    1.32840219e+13
 1.42650000e+01    5.32001874e-06    2.49515570e+00    1.12644666e+13
 1.42700000e+01    4.22876197e-06    2.49515577e+00    9.54887378e+12
 1.42750000e+01    3.31378300e-06    2.49515582e+00    7.86205188e+12
 1.42800000e+01    2.57506639e-06    2.49515587e+00    6.30139701e+12
 1.42850000e+01    1.97806947e-06    2.49515590e+00    5.14815225e+12
