           R_km         P_MeV/fm3         M_M_solar   Energy Density (ε)
 1.50000000e-02    4.99999137e+00    1.87310067e-09    2.63461941e+17
 2.00000000e-02    4.99997930e+00    4.43993997e-09    2.63461514e+17
 2.50000000e-02    4.99996378e+00    8.67175157e-09    2.63461195e+17
 3.00000000e-02    4.99994482e+00    1.49847735e-08    2.63460805e+17
 3.50000000e-02    4.99992240e+00    2.37952404e-08    2.63460343e+17
 4.00000000e-02    4.99989654e+00    3.55193829e-08    2.63459811e+17
 4.50000000e-02    4.99986723e+00    5.05734269e-08    2.63459207e+17
 5.00000000e-02    4.99983448e+00    6.93735929e-08    2.63458533e+17
 5.50000000e-02    4.99979827e+00    9.23360955e-08    2.63457788e+17
 6.00000000e-02    4.99975862e+00    1.19877142e-07    2.63456971e+17
 6.50000000e-02    4.99971552e+00    1.52412934e-07    2.63456084e+17
 7.00000000e-02    4.99966897e+00    1.90359662e-07    2.63455126e+17
 7.50000000e-02    4.99961897e+00    2.34133511e-07    2.63454097e+17
 8.00000000e-02    4.99956553e+00    2.84150654e-07    2.63452996e+17
 8.50000000e-02    4.99950863e+00    3.40827256e-07    2.63451825e+17
 9.00000000e-02    4.99944829e+00    4.04579469e-07    2.63450583e+17
 9.50000000e-02    4.99938451e+00    4.75823436e-07    2.63449270e+17
 1.00000000e-01    4.99931727e+00    5.54975287e-07    2.63447885e+17
 1.05000000e-01    4.99924659e+00    6.42451137e-07    2.63446430e+17
 1.10000000e-01    4.99917246e+00    7.38667091e-07    2.63444904e+17
 1.15000000e-01    4.99909489e+00    8.44039238e-07    2.63443307e+17
 1.20000000e-01    4.99901386e+00    9.58983652e-07    2.63441639e+17
 1.25000000e-01    4.99892939e+00    1.08391639e-06    2.63439900e+17
 1.30000000e-01    4.99884147e+00    1.21925350e-06    2.63438089e+17
 1.35000000e-01    4.99875011e+00    1.36541101e-06    2.63436208e+17
 1.40000000e-01    4.99865530e+00    1.52280492e-06    2.63434256e+17
 1.45000000e-01    4.99855704e+00    1.69185122e-06    2.63432233e+17
 1.50000000e-01    4.99845534e+00    1.87296589e-06    2.63430139e+17
 1.55000000e-01    4.99835019e+00    2.06656488e-06    2.63427974e+17
 1.60000000e-01    4.99824159e+00    2.27306412e-06    2.63425738e+17
 1.65000000e-01    4.99812955e+00    2.49287952e-06    2.63423431e+17
 1.70000000e-01    4.99801406e+00    2.72642696e-06    2.63421053e+17
 1.75000000e-01    4.99789513e+00    2.97412233e-06    2.63418604e+17
 1.80000000e-01    4.99777275e+00    3.23638146e-06    2.63416084e+17
 1.85000000e-01    4.99764692e+00    3.51362017e-06    2.63413493e+17
 1.90000000e-01    4.99751765e+00    3.80625426e-06    2.63410831e+17
 1.95000000e-01    4.99738494e+00    4.11469950e-06    2.63408098e+17
 2.00000000e-01    4.99724878e+00    4.43937164e-06    2.63405294e+17
 2.05000000e-01    4.99710917e+00    4.78068639e-06    2.63402419e+17
 2.10000000e-01    4.99696612e+00    5.13905946e-06    2.63399473e+17
 2.15000000e-01    4.99681963e+00    5.51490650e-06    2.63396456e+17
 2.20000000e-01    4.99666969e+00    5.90864315e-06    2.63393368e+17
 2.25000000e-01    4.99651631e+00    6.32068502e-06    2.63390209e+17
 2.30000000e-01    4.99635948e+00    6.75144770e-06    2.63386979e+17
 2.35000000e-01    4.99619921e+00    7.20134672e-06    2.63383678e+17
 2.40000000e-01    4.99603550e+00    7.67079760e-06    2.63380306e+17
 2.45000000e-01    4.99586834e+00    8.16021583e-06    2.63376863e+17
 2.50000000e-01    4.99569774e+00    8.67001687e-06    2.63373349e+17
 2.55000000e-01    4.99552370e+00    9.20061613e-06    2.63369764e+17
 2.60000000e-01    4.99534622e+00    9.75242901e-06    2.63366108e+17
 2.65000000e-01    4.99516529e+00    1.03258708e-05    2.63362381e+17
 2.70000000e-01    4.99498092e+00    1.09213570e-05    2.63358583e+17
 2.75000000e-01    4.99479311e+00    1.15393026e-05    2.63354714e+17
 2.80000000e-01    4.99460185e+00    1.21801231e-05    2.63350774e+17
 2.85000000e-01    4.99440716e+00    1.28442336e-05    2.63346763e+17
 2.90000000e-01    4.99420902e+00    1.35320493e-05    2.63342682e+17
 2.95000000e-01    4.99400744e+00    1.42439853e-05    2.63338529e+17
 3.00000000e-01    4.99380242e+00    1.49804568e-05    2.63334305e+17
 3.05000000e-01    4.99359397e+00    1.57418786e-05    2.63330010e+17
 3.10000000e-01    4.99338207e+00    1.65286660e-05    2.63325644e+17
 3.15000000e-01    4.99316673e+00    1.73412338e-05    2.63321207e+17
 3.20000000e-01    4.99294795e+00    1.81799970e-05    2.63316699e+17
 3.25000000e-01    4.99272573e+00    1.90453705e-05    2.63312120e+17
 3.30000000e-01    4.99250007e+00    1.99377691e-05    2.63307470e+17
 3.35000000e-01    4.99227098e+00    2.08576076e-05    2.63302749e+17
 3.40000000e-01    4.99203844e+00    2.18053008e-05    2.63297957e+17
 3.45000000e-01    4.99180247e+00    2.27812633e-05    2.63293094e+17
 3.50000000e-01    4.99156306e+00    2.37859100e-05    2.63288160e+17
 3.55000000e-01    4.99132021e+00    2.48196552e-05    2.63283155e+17
 3.60000000e-01    4.99107392e+00    2.58829138e-05    2.63278079e+17
 3.65000000e-01    4.99082419e+00    2.69761001e-05    2.63272932e+17
 3.70000000e-01    4.99057103e+00    2.80996286e-05    2.63267713e+17
 3.75000000e-01    4.99031444e+00    2.92539138e-05    2.63262424e+17
 3.80000000e-01    4.99005440e+00    3.04393700e-05    2.63257064e+17
 3.85000000e-01    4.98979093e+00    3.16564117e-05    2.63251633e+17
 3.90000000e-01    4.98952403e+00    3.29054529e-05    2.63246131e+17
 3.95000000e-01    4.98925369e+00    3.41869081e-05    2.63240558e+17
 4.00000000e-01    4.98897991e+00    3.55011913e-05    2.63234914e+17
 4.05000000e-01    4.98870270e+00    3.68487166e-05    2.63229198e+17
 4.10000000e-01    4.98842206e+00    3.82298982e-05    2.63223412e+17
 4.15000000e-01    4.98813798e+00    3.96451500e-05    2.63217555e+17
 4.20000000e-01    4.98785047e+00    4.10948860e-05    2.63211627e+17
 4.25000000e-01    4.98755952e+00    4.25795201e-05    2.63205627e+17
 4.30000000e-01    4.98726515e+00    4.40994662e-05    2.63199557e+17
 4.35000000e-01    4.98696734e+00    4.56551379e-05    2.63193416e+17
 4.40000000e-01    4.98666609e+00    4.72469491e-05    2.63187203e+17
 4.45000000e-01    4.98636142e+00    4.88753134e-05    2.63180920e+17
 4.50000000e-01    4.98605331e+00    5.05406444e-05    2.63174565e+17
 4.55000000e-01    4.98574178e+00    5.22433557e-05    2.63168140e+17
 4.60000000e-01    4.98542681e+00    5.39838607e-05    2.63161643e+17
 4.65000000e-01    4.98510841e+00    5.57625729e-05    2.63155076e+17
 4.70000000e-01    4.98478659e+00    5.75799057e-05    2.63148437e+17
 4.75000000e-01    4.98446133e+00    5.94362723e-05    2.63141728e+17
 4.80000000e-01    4.98413265e+00    6.13320861e-05    2.63134947e+17
 4.85000000e-01    4.98380053e+00    6.32677601e-05    2.63128095e+17
 4.90000000e-01    4.98346499e+00    6.52437074e-05    2.63121173e+17
 4.95000000e-01    4.98312602e+00    6.72603412e-05    2.63114179e+17
 5.00000000e-01    4.98278362e+00    6.93180744e-05    2.63107114e+17
 5.05000000e-01    4.98243780e+00    7.14173199e-05    2.63099978e+17
 5.10000000e-01    4.98208855e+00    7.35584906e-05    2.63092771e+17
 5.15000000e-01    4.98173587e+00    7.57419992e-05    2.63085494e+17
 5.20000000e-01    4.98137977e+00    7.79682584e-05    2.63078145e+17
 5.25000000e-01    4.98102024e+00    8.02376810e-05    2.63070725e+17
 5.30000000e-01    4.98065729e+00    8.25506794e-05    2.63063234e+17
 5.35000000e-01    4.98029092e+00    8.49076661e-05    2.63055671e+17
 5.40000000e-01    4.97992112e+00    8.73090537e-05    2.63048038e+17
 5.45000000e-01    4.97954789e+00    8.97552544e-05    2.63040334e+17
 5.50000000e-01    4.97917125e+00    9.22466805e-05    2.63032559e+17
 5.55000000e-01    4.97879118e+00    9.47837442e-05    2.63024713e+17
 5.60000000e-01    4.97840769e+00    9.73668577e-05    2.63016795e+17
 5.65000000e-01    4.97802077e+00    9.99964330e-05    2.63008807e+17
 5.70000000e-01    4.97763044e+00    1.02672882e-04    2.63000747e+17
 5.75000000e-01    4.97723669e+00    1.05396617e-04    2.62992617e+17
 5.80000000e-01    4.97683951e+00    1.08168049e-04    2.62984415e+17
 5.85000000e-01    4.97643892e+00    1.10987591e-04    2.62976143e+17
 5.90000000e-01    4.97603491e+00    1.13855654e-04    2.62967799e+17
 5.95000000e-01    4.97562747e+00    1.16772649e-04    2.62959384e+17
 6.00000000e-01    4.97521662e+00    1.19738988e-04    2.62950898e+17
 6.05000000e-01    4.97480236e+00    1.22755083e-04    2.62942341e+17
 6.10000000e-01    4.97438467e+00    1.25821345e-04    2.62933714e+17
 6.15000000e-01    4.97396357e+00    1.28938185e-04    2.62925014e+17
 6.20000000e-01    4.97353906e+00    1.32106014e-04    2.62916244e+17
 6.25000000e-01    4.97311112e+00    1.35325244e-04    2.62907403e+17
 6.30000000e-01    4.97267978e+00    1.38596286e-04    2.62898491e+17
 6.35000000e-01    4.97224502e+00    1.41919549e-04    2.62889508e+17
 6.40000000e-01    4.97180684e+00    1.45295446e-04    2.62880453e+17
 6.45000000e-01    4.97136525e+00    1.48724387e-04    2.62871328e+17
 6.50000000e-01    4.97092025e+00    1.52206783e-04    2.62862131e+17
 6.55000000e-01    4.97047184e+00    1.55743045e-04    2.62852864e+17
 6.60000000e-01    4.97002001e+00    1.59333582e-04    2.62843525e+17
 6.65000000e-01    4.96956477e+00    1.62978805e-04    2.62834115e+17
 6.70000000e-01    4.96910613e+00    1.66679125e-04    2.62824634e+17
 6.75000000e-01    4.96864407e+00    1.70434952e-04    2.62815082e+17
 6.80000000e-01    4.96817860e+00    1.74246696e-04    2.62805459e+17
 6.85000000e-01    4.96770973e+00    1.78114767e-04    2.62795765e+17
 6.90000000e-01    4.96723744e+00    1.82039575e-04    2.62786000e+17
 6.95000000e-01    4.96676175e+00    1.86021530e-04    2.62776164e+17
 7.00000000e-01    4.96628265e+00    1.90061042e-04    2.62766256e+17
 7.05000000e-01    4.96580015e+00    1.94158520e-04    2.62756278e+17
 7.10000000e-01    4.96531424e+00    1.98314374e-04    2.62746228e+17
 7.15000000e-01    4.96482492e+00    2.02529014e-04    2.62736108e+17
 7.20000000e-01    4.96433220e+00    2.06802849e-04    2.62725916e+17
 7.25000000e-01    4.96383608e+00    2.11136288e-04    2.62715653e+17
 7.30000000e-01    4.96333655e+00    2.15529740e-04    2.62705319e+17
 7.35000000e-01    4.96283362e+00    2.19983615e-04    2.62694914e+17
 7.40000000e-01    4.96232728e+00    2.24498322e-04    2.62684438e+17
 7.45000000e-01    4.96181755e+00    2.29074269e-04    2.62673890e+17
 7.50000000e-01    4.96130441e+00    2.33711866e-04    2.62663272e+17
 7.55000000e-01    4.96078787e+00    2.38411520e-04    2.62652582e+17
 7.60000000e-01    4.96026794e+00    2.43173641e-04    2.62641822e+17
 7.65000000e-01    4.95974460e+00    2.47998638e-04    2.62630990e+17
 7.70000000e-01    4.95921787e+00    2.52886918e-04    2.62620087e+17
 7.75000000e-01    4.95868774e+00    2.57838890e-04    2.62609113e+17
 7.80000000e-01    4.95815421e+00    2.62854962e-04    2.62598068e+17
 7.85000000e-01    4.95761728e+00    2.67935542e-04    2.62586952e+17
 7.90000000e-01    4.95707696e+00    2.73081039e-04    2.62575764e+17
 7.95000000e-01    4.95653325e+00    2.78291859e-04    2.62564506e+17
 8.00000000e-01    4.95598614e+00    2.83568412e-04    2.62553176e+17
 8.05000000e-01    4.95543563e+00    2.88911104e-04    2.62541776e+17
 8.10000000e-01    4.95488173e+00    2.94320343e-04    2.62530304e+17
 8.15000000e-01    4.95432445e+00    2.99796537e-04    2.62518761e+17
 8.20000000e-01    4.95376376e+00    3.05340093e-04    2.62507147e+17
 8.25000000e-01    4.95319969e+00    3.10951418e-04    2.62495462e+17
 8.30000000e-01    4.95263223e+00    3.16630920e-04    2.62483705e+17
 8.35000000e-01    4.95206138e+00    3.22379004e-04    2.62471878e+17
 8.40000000e-01    4.95148713e+00    3.28196079e-04    2.62459979e+17
 8.45000000e-01    4.95090951e+00    3.34082552e-04    2.62448009e+17
 8.50000000e-01    4.95032849e+00    3.40038828e-04    2.62435968e+17
 8.55000000e-01    4.94974408e+00    3.46065314e-04    2.62423856e+17
 8.60000000e-01    4.94915629e+00    3.52162417e-04    2.62411673e+17
 8.65000000e-01    4.94856512e+00    3.58330543e-04    2.62399419e+17
 8.70000000e-01    4.94797056e+00    3.64570099e-04    2.62387093e+17
 8.75000000e-01    4.94737262e+00    3.70881490e-04    2.62374696e+17
 8.80000000e-01    4.94677129e+00    3.77265122e-04    2.62362228e+17
 8.85000000e-01    4.94616658e+00    3.83721402e-04    2.62349689e+17
 8.90000000e-01    4.94555849e+00    3.90250734e-04    2.62337079e+17
 8.95000000e-01    4.94494702e+00    3.96853526e-04    2.62324398e+17
 9.00000000e-01    4.94433217e+00    4.03530182e-04    2.62311646e+17
 9.05000000e-01    4.94371394e+00    4.10281107e-04    2.62298822e+17
 9.10000000e-01    4.94309233e+00    4.17106707e-04    2.62285927e+17
 9.15000000e-01    4.94246734e+00    4.24007387e-04    2.62272961e+17
 9.20000000e-01    4.94183898e+00    4.30983553e-04    2.62259924e+17
 9.25000000e-01    4.94120724e+00    4.38035608e-04    2.62246816e+17
 9.30000000e-01    4.94057212e+00    4.45163958e-04    2.62233636e+17
 9.35000000e-01    4.93993363e+00    4.52369007e-04    2.62220385e+17
 9.40000000e-01    4.93929177e+00    4.59651161e-04    2.62207064e+17
 9.45000000e-01    4.93864653e+00    4.67010822e-04    2.62193671e+17
 9.50000000e-01    4.93799792e+00    4.74448396e-04    2.62180206e+17
 9.55000000e-01    4.93734594e+00    4.81964287e-04    2.62166671e+17
 9.60000000e-01    4.93669059e+00    4.89558899e-04    2.62153064e+17
 9.65000000e-01    4.93603186e+00    4.97232636e-04    2.62139387e+17
 9.70000000e-01    4.93536977e+00    5.04985900e-04    2.62125638e+17
 9.75000000e-01    4.93470431e+00    5.12819097e-04    2.62111818e+17
 9.80000000e-01    4.93403549e+00    5.20732630e-04    2.62097926e+17
 9.85000000e-01    4.93336329e+00    5.28726901e-04    2.62083964e+17
 9.90000000e-01    4.93268774e+00    5.36802315e-04    2.62069930e+17
 9.95000000e-01    4.93200881e+00    5.44959274e-04    2.62055825e+17
 1.00000000e+00    4.93132652e+00    5.53198181e-04    2.62041649e+17
 1.00500000e+00    4.93064087e+00    5.61519439e-04    2.62027401e+17
 1.01000000e+00    4.92995186e+00    5.69923451e-04    2.62013083e+17
 1.01500000e+00    4.92925949e+00    5.78410619e-04    2.61998693e+17
 1.02000000e+00    4.92856375e+00    5.86981346e-04    2.61984232e+17
 1.02500000e+00    4.92786466e+00    5.95636034e-04    2.61969700e+17
 1.03000000e+00    4.92716220e+00    6.04375085e-04    2.61955097e+17
 1.03500000e+00    4.92645639e+00    6.13198902e-04    2.61940422e+17
 1.04000000e+00    4.92574722e+00    6.22107886e-04    2.61925676e+17
 1.04500000e+00    4.92503470e+00    6.31102438e-04    2.61910859e+17
 1.05000000e+00    4.92431881e+00    6.40182961e-04    2.61895971e+17
 1.05500000e+00    4.92359958e+00    6.49349856e-04    2.61881011e+17
 1.06000000e+00    4.92287699e+00    6.58603524e-04    2.61865980e+17
 1.06500000e+00    4.92215105e+00    6.67944367e-04    2.61850878e+17
 1.07000000e+00    4.92142176e+00    6.77372785e-04    2.61835705e+17
 1.07500000e+00    4.92068911e+00    6.86889179e-04    2.61820461e+17
 1.08000000e+00    4.91995312e+00    6.96493951e-04    2.61805145e+17
 1.08500000e+00    4.91921377e+00    7.06187500e-04    2.61789758e+17
 1.09000000e+00    4.91847108e+00    7.15970227e-04    2.61774300e+17
 1.09500000e+00    4.91772504e+00    7.25842533e-04    2.61758770e+17
 1.10000000e+00    4.91697566e+00    7.35804817e-04    2.61743170e+17
 1.10500000e+00    4.91622293e+00    7.45857479e-04    2.61727498e+17
 1.11000000e+00    4.91546685e+00    7.56000921e-04    2.61711755e+17
 1.11500000e+00    4.91470743e+00    7.66235540e-04    2.61695940e+17
 1.12000000e+00    4.91394467e+00    7.76561737e-04    2.61680055e+17
 1.12500000e+00    4.91317857e+00    7.86979911e-04    2.61664098e+17
 1.13000000e+00    4.91240913e+00    7.97490462e-04    2.61648069e+17
 1.13500000e+00    4.91163634e+00    8.08093788e-04    2.61631970e+17
 1.14000000e+00    4.91086022e+00    8.18790288e-04    2.61615799e+17
 1.14500000e+00    4.91008076e+00    8.29580362e-04    2.61599557e+17
 1.15000000e+00    4.90929797e+00    8.40464408e-04    2.61583244e+17
 1.15500000e+00    4.90851183e+00    8.51442824e-04    2.61566859e+17
 1.16000000e+00    4.90772237e+00    8.62516008e-04    2.61550404e+17
 1.16500000e+00    4.90692957e+00    8.73684360e-04    2.61533876e+17
 1.17000000e+00    4.90613343e+00    8.84948277e-04    2.61517278e+17
 1.17500000e+00    4.90533397e+00    8.96308156e-04    2.61500608e+17
 1.18000000e+00    4.90453117e+00    9.07764396e-04    2.61483867e+17
 1.18500000e+00    4.90372504e+00    9.19317394e-04    2.61467055e+17
 1.19000000e+00    4.90291559e+00    9.30967548e-04    2.61450172e+17
 1.19500000e+00    4.90210280e+00    9.42715254e-04    2.61433217e+17
 1.20000000e+00    4.90128669e+00    9.54560910e-04    2.61416191e+17
 1.20500000e+00    4.90046726e+00    9.66504912e-04    2.61399093e+17
 1.21000000e+00    4.89964450e+00    9.78547658e-04    2.61381925e+17
 1.21500000e+00    4.89881841e+00    9.90689544e-04    2.61364685e+17
 1.22000000e+00    4.89798900e+00    1.00293097e-03    2.61347373e+17
 1.22500000e+00    4.89715627e+00    1.01527232e-03    2.61329991e+17
 1.23000000e+00    4.89632022e+00    1.02771401e-03    2.61312537e+17
 1.23500000e+00    4.89548085e+00    1.04025641e-03    2.61295011e+17
 1.24000000e+00    4.89463816e+00    1.05289994e-03    2.61277415e+17
 1.24500000e+00    4.89379216e+00    1.06564499e-03    2.61259747e+17
 1.25000000e+00    4.89294283e+00    1.07849195e-03    2.61242008e+17
 1.25500000e+00    4.89209019e+00    1.09144121e-03    2.61224197e+17
 1.26000000e+00    4.89123424e+00    1.10449318e-03    2.61206315e+17
 1.26500000e+00    4.89037498e+00    1.11764824e-03    2.61188362e+17
 1.27000000e+00    4.88951240e+00    1.13090679e-03    2.61170338e+17
 1.27500000e+00    4.88864651e+00    1.14426923e-03    2.61152242e+17
 1.28000000e+00    4.88777731e+00    1.15773595e-03    2.61134075e+17
 1.28500000e+00    4.88690480e+00    1.17130735e-03    2.61115836e+17
 1.29000000e+00    4.88602898e+00    1.18498381e-03    2.61097526e+17
 1.29500000e+00    4.88514986e+00    1.19876574e-03    2.61079145e+17
 1.30000000e+00    4.88426743e+00    1.21265352e-03    2.61060692e+17
 1.30500000e+00    4.88338169e+00    1.22664755e-03    2.61042168e+17
 1.31000000e+00    4.88249265e+00    1.24074823e-03    2.61023573e+17
 1.31500000e+00    4.88160031e+00    1.25495594e-03    2.61004907e+17
 1.32000000e+00    4.88070467e+00    1.26927108e-03    2.60986169e+17
 1.32500000e+00    4.87980573e+00    1.28369405e-03    2.60967359e+17
 1.33000000e+00    4.87890349e+00    1.29822523e-03    2.60948479e+17
 1.33500000e+00    4.87799795e+00    1.31286501e-03    2.60929527e+17
 1.34000000e+00    4.87708911e+00    1.32761380e-03    2.60910503e+17
 1.34500000e+00    4.87617698e+00    1.34247198e-03    2.60891408e+17
 1.35000000e+00    4.87526155e+00    1.35743994e-03    2.60872242e+17
 1.35500000e+00    4.87434283e+00    1.37251808e-03    2.60853005e+17
 1.36000000e+00    4.87342082e+00    1.38770679e-03    2.60833696e+17
 1.36500000e+00    4.87249551e+00    1.40300645e-03    2.60814315e+17
 1.37000000e+00    4.87156692e+00    1.41841746e-03    2.60794864e+17
 1.37500000e+00    4.87063504e+00    1.43394022e-03    2.60775341e+17
 1.38000000e+00    4.86969986e+00    1.44957510e-03    2.60755746e+17
 1.38500000e+00    4.86876141e+00    1.46532251e-03    2.60736080e+17
 1.39000000e+00    4.86781966e+00    1.48118283e-03    2.60716343e+17
 1.39500000e+00    4.86687464e+00    1.49715645e-03    2.60696534e+17
 1.40000000e+00    4.86592633e+00    1.51324377e-03    2.60676654e+17
 1.40500000e+00    4.86497474e+00    1.52944517e-03    2.60656703e+17
 1.41000000e+00    4.86401986e+00    1.54576104e-03    2.60636680e+17
 1.41500000e+00    4.86306171e+00    1.56219178e-03    2.60616586e+17
 1.42000000e+00    4.86210028e+00    1.57873776e-03    2.60596420e+17
 1.42500000e+00    4.86113557e+00    1.59539939e-03    2.60576183e+17
 1.43000000e+00    4.86016759e+00    1.61217705e-03    2.60555874e+17
 1.43500000e+00    4.85919633e+00    1.62907112e-03    2.60535494e+17
 1.44000000e+00    4.85822180e+00    1.64608200e-03    2.60515043e+17
 1.44500000e+00    4.85724399e+00    1.66321008e-03    2.60494520e+17
 1.45000000e+00    4.85626292e+00    1.68045574e-03    2.60473926e+17
 1.45500000e+00    4.85527858e+00    1.69781937e-03    2.60453260e+17
 1.46000000e+00    4.85429096e+00    1.71530136e-03    2.60432523e+17
 1.46500000e+00    4.85330008e+00    1.73290210e-03    2.60411715e+17
 1.47000000e+00    4.85230593e+00    1.75062197e-03    2.60390835e+17
 1.47500000e+00    4.85130852e+00    1.76846136e-03    2.60369883e+17
 1.48000000e+00    4.85030785e+00    1.78642066e-03    2.60348860e+17
 1.48500000e+00    4.84930391e+00    1.80450026e-03    2.60327766e+17
 1.49000000e+00    4.84829671e+00    1.82270053e-03    2.60306600e+17
 1.49500000e+00    4.84728625e+00    1.84102188e-03    2.60285363e+17
 1.50000000e+00    4.84627253e+00    1.85946468e-03    2.60264054e+17
 1.50500000e+00    4.84525556e+00    1.87802932e-03    2.60242674e+17
 1.51000000e+00    4.84423533e+00    1.89671619e-03    2.60221223e+17
 1.51500000e+00    4.84321184e+00    1.91552566e-03    2.60199700e+17
 1.52000000e+00    4.84218510e+00    1.93445814e-03    2.60178105e+17
 1.52500000e+00    4.84115511e+00    1.95351399e-03    2.60156439e+17
 1.53000000e+00    4.84012187e+00    1.97269362e-03    2.60134702e+17
 1.53500000e+00    4.83908538e+00    1.99199739e-03    2.60112893e+17
 1.54000000e+00    4.83804563e+00    2.01142570e-03    2.60091012e+17
 1.54500000e+00    4.83700265e+00    2.03097894e-03    2.60069060e+17
 1.55000000e+00    4.83595641e+00    2.05065747e-03    2.60047037e+17
 1.55500000e+00    4.83490694e+00    2.07046170e-03    2.60024942e+17
 1.56000000e+00    4.83385421e+00    2.09039200e-03    2.60002776e+17
 1.56500000e+00    4.83279825e+00    2.11044875e-03    2.59980538e+17
 1.57000000e+00    4.83173905e+00    2.13063234e-03    2.59958228e+17
 1.57500000e+00    4.83067660e+00    2.15094316e-03    2.59935848e+17
 1.58000000e+00    4.82961092e+00    2.17138158e-03    2.59913395e+17
 1.58500000e+00    4.82854201e+00    2.19194799e-03    2.59890871e+17
 1.59000000e+00    4.82746985e+00    2.21264277e-03    2.59868276e+17
 1.59500000e+00    4.82639447e+00    2.23346630e-03    2.59845609e+17
 1.60000000e+00    4.82531585e+00    2.25441896e-03    2.59822871e+17
 1.60500000e+00    4.82423400e+00    2.27550115e-03    2.59800061e+17
 1.61000000e+00    4.82314892e+00    2.29671323e-03    2.59777179e+17
 1.61500000e+00    4.82206061e+00    2.31805559e-03    2.59754226e+17
 1.62000000e+00    4.82096907e+00    2.33952860e-03    2.59731202e+17
 1.62500000e+00    4.81987431e+00    2.36113267e-03    2.59708106e+17
 1.63000000e+00    4.81877633e+00    2.38286815e-03    2.59684938e+17
 1.63500000e+00    4.81767512e+00    2.40473543e-03    2.59661699e+17
 1.64000000e+00    4.81657069e+00    2.42673490e-03    2.59638388e+17
 1.64500000e+00    4.81546304e+00    2.44886693e-03    2.59615006e+17
 1.65000000e+00    4.81435217e+00    2.47113190e-03    2.59591552e+17
 1.65500000e+00    4.81323808e+00    2.49353020e-03    2.59568027e+17
 1.66000000e+00    4.81212078e+00    2.51606219e-03    2.59544430e+17
 1.66500000e+00    4.81100026e+00    2.53872827e-03    2.59520762e+17
 1.67000000e+00    4.80987653e+00    2.56152881e-03    2.59497022e+17
 1.67500000e+00    4.80874959e+00    2.58446418e-03    2.59473210e+17
 1.68000000e+00    4.80761943e+00    2.60753477e-03    2.59449327e+17
 1.68500000e+00    4.80648607e+00    2.63074096e-03    2.59425372e+17
 1.69000000e+00    4.80534950e+00    2.65408312e-03    2.59401346e+17
 1.69500000e+00    4.80420972e+00    2.67756163e-03    2.59377248e+17
 1.70000000e+00    4.80306674e+00    2.70117687e-03    2.59353079e+17
 1.70500000e+00    4.80192056e+00    2.72492921e-03    2.59328838e+17
 1.71000000e+00    4.80077117e+00    2.74881904e-03    2.59304525e+17
 1.71500000e+00    4.79961858e+00    2.77284673e-03    2.59280141e+17
 1.72000000e+00    4.79846280e+00    2.79701265e-03    2.59255686e+17
 1.72500000e+00    4.79730381e+00    2.82131719e-03    2.59231158e+17
 1.73000000e+00    4.79614163e+00    2.84576071e-03    2.59206559e+17
 1.73500000e+00    4.79497626e+00    2.87034360e-03    2.59181889e+17
 1.74000000e+00    4.79380769e+00    2.89506623e-03    2.59157147e+17
 1.74500000e+00    4.79263593e+00    2.91992897e-03    2.59132333e+17
 1.75000000e+00    4.79146098e+00    2.94493221e-03    2.59107448e+17
 1.75500000e+00    4.79028284e+00    2.97007631e-03    2.59082491e+17
 1.76000000e+00    4.78910152e+00    2.99536166e-03    2.59057462e+17
 1.76500000e+00    4.78791701e+00    3.02078862e-03    2.59032362e+17
 1.77000000e+00    4.78672931e+00    3.04635757e-03    2.59007190e+17
 1.77500000e+00    4.78553843e+00    3.07206888e-03    2.58981947e+17
 1.78000000e+00    4.78434437e+00    3.09792293e-03    2.58956632e+17
 1.78500000e+00    4.78314713e+00    3.12392009e-03    2.58931245e+17
 1.79000000e+00    4.78194671e+00    3.15006074e-03    2.58905787e+17
 1.79500000e+00    4.78074312e+00    3.17634524e-03    2.58880257e+17
 1.80000000e+00    4.77953635e+00    3.20277397e-03    2.58854655e+17
 1.80500000e+00    4.77832640e+00    3.22934731e-03    2.58828982e+17
 1.81000000e+00    4.77711328e+00    3.25606562e-03    2.58803237e+17
 1.81500000e+00    4.77589699e+00    3.28292928e-03    2.58777421e+17
 1.82000000e+00    4.77467754e+00    3.30993866e-03    2.58751532e+17
 1.82500000e+00    4.77345491e+00    3.33709413e-03    2.58725573e+17
 1.83000000e+00    4.77222912e+00    3.36439606e-03    2.58699541e+17
 1.83500000e+00    4.77100016e+00    3.39184482e-03    2.58673438e+17
 1.84000000e+00    4.76976804e+00    3.41944079e-03    2.58647263e+17
 1.84500000e+00    4.76853276e+00    3.44718433e-03    2.58621017e+17
 1.85000000e+00    4.76729432e+00    3.47507582e-03    2.58594699e+17
 1.85500000e+00    4.76605272e+00    3.50311562e-03    2.58568309e+17
 1.86000000e+00    4.76480797e+00    3.53130411e-03    2.58541847e+17
 1.86500000e+00    4.76356005e+00    3.55964166e-03    2.58515314e+17
 1.87000000e+00    4.76230899e+00    3.58812862e-03    2.58488709e+17
 1.87500000e+00    4.76105477e+00    3.61676539e-03    2.58462033e+17
 1.88000000e+00    4.75979740e+00    3.64555231e-03    2.58435284e+17
 1.88500000e+00    4.75853688e+00    3.67448976e-03    2.58408465e+17
 1.89000000e+00    4.75727322e+00    3.70357811e-03    2.58381573e+17
 1.89500000e+00    4.75600641e+00    3.73281773e-03    2.58354610e+17
 1.90000000e+00    4.75473645e+00    3.76220899e-03    2.58327575e+17
 1.90500000e+00    4.75346335e+00    3.79175225e-03    2.58300468e+17
 1.91000000e+00    4.75218711e+00    3.82144787e-03    2.58273289e+17
 1.91500000e+00    4.75090773e+00    3.85129624e-03    2.58246039e+17
 1.92000000e+00    4.74962521e+00    3.88129771e-03    2.58218717e+17
 1.92500000e+00    4.74833956e+00    3.91145264e-03    2.58191324e+17
 1.93000000e+00    4.74705077e+00    3.94176142e-03    2.58163858e+17
 1.93500000e+00    4.74575885e+00    3.97222439e-03    2.58136321e+17
 1.94000000e+00    4.74446380e+00    4.00284194e-03    2.58108712e+17
 1.94500000e+00    4.74316561e+00    4.03361442e-03    2.58081032e+17
 1.95000000e+00    4.74186430e+00    4.06454220e-03    2.58053280e+17
 1.95500000e+00    4.74055987e+00    4.09562564e-03    2.58025456e+17
 1.96000000e+00    4.73925230e+00    4.12686511e-03    2.57997560e+17
 1.96500000e+00    4.73794162e+00    4.15826097e-03    2.57969592e+17
 1.97000000e+00    4.73662781e+00    4.18981360e-03    2.57941553e+17
 1.97500000e+00    4.73531088e+00    4.22152334e-03    2.57913442e+17
 1.98000000e+00    4.73399084e+00    4.25339057e-03    2.57885259e+17
 1.98500000e+00    4.73266767e+00    4.28541564e-03    2.57857005e+17
 1.99000000e+00    4.73134139e+00    4.31759893e-03    2.57828678e+17
 1.99500000e+00    4.73001200e+00    4.34994079e-03    2.57800280e+17
 2.00000000e+00    4.72867950e+00    4.38244159e-03    2.57771810e+17
 2.00500000e+00    4.72734389e+00    4.41510168e-03    2.57743269e+17
 2.01000000e+00    4.72600517e+00    4.44792144e-03    2.57714655e+17
 2.01500000e+00    4.72466334e+00    4.48090122e-03    2.57685970e+17
 2.02000000e+00    4.72331841e+00    4.51404139e-03    2.57657213e+17
 2.02500000e+00    4.72197037e+00    4.54734230e-03    2.57628384e+17
 2.03000000e+00    4.72061923e+00    4.58080431e-03    2.57599484e+17
 2.03500000e+00    4.71926500e+00    4.61442780e-03    2.57570511e+17
 2.04000000e+00    4.71790766e+00    4.64821311e-03    2.57541467e+17
 2.04500000e+00    4.71654723e+00    4.68216061e-03    2.57512351e+17
 2.05000000e+00    4.71518370e+00    4.71627065e-03    2.57483163e+17
 2.05500000e+00    4.71381708e+00    4.75054361e-03    2.57453904e+17
 2.06000000e+00    4.71244737e+00    4.78497982e-03    2.57424572e+17
 2.06500000e+00    4.71107457e+00    4.81957967e-03    2.57395169e+17
 2.07000000e+00    4.70969868e+00    4.85434350e-03    2.57365694e+17
 2.07500000e+00    4.70831971e+00    4.88927167e-03    2.57336147e+17
 2.08000000e+00    4.70693765e+00    4.92436454e-03    2.57306529e+17
 2.08500000e+00    4.70555251e+00    4.95962246e-03    2.57276838e+17
 2.09000000e+00    4.70416428e+00    4.99504581e-03    2.57247076e+17
 2.09500000e+00    4.70277298e+00    5.03063493e-03    2.57217241e+17
 2.10000000e+00    4.70137860e+00    5.06639017e-03    2.57187335e+17
 2.10500000e+00    4.69998115e+00    5.10231191e-03    2.57157357e+17
 2.11000000e+00    4.69858062e+00    5.13840049e-03    2.57127308e+17
 2.11500000e+00    4.69717702e+00    5.17465626e-03    2.57097186e+17
 2.12000000e+00    4.69577035e+00    5.21107960e-03    2.57066993e+17
 2.12500000e+00    4.69436061e+00    5.24767084e-03    2.57036727e+17
 2.13000000e+00    4.69294780e+00    5.28443035e-03    2.57006390e+17
 2.13500000e+00    4.69153193e+00    5.32135848e-03    2.56975981e+17
 2.14000000e+00    4.69011299e+00    5.35845558e-03    2.56945500e+17
 2.14500000e+00    4.68869100e+00    5.39572202e-03    2.56914947e+17
 2.15000000e+00    4.68726594e+00    5.43315814e-03    2.56884323e+17
 2.15500000e+00    4.68583783e+00    5.47076430e-03    2.56853626e+17
 2.16000000e+00    4.68440666e+00    5.50854085e-03    2.56822858e+17
 2.16500000e+00    4.68297244e+00    5.54648815e-03    2.56792017e+17
 2.17000000e+00    4.68153516e+00    5.58460654e-03    2.56761105e+17
 2.17500000e+00    4.68009483e+00    5.62289639e-03    2.56730121e+17
 2.18000000e+00    4.67865146e+00    5.66135804e-03    2.56699065e+17
 2.18500000e+00    4.67720503e+00    5.69999184e-03    2.56667937e+17
 2.19000000e+00    4.67575557e+00    5.73879815e-03    2.56636737e+17
 2.19500000e+00    4.67430306e+00    5.77777732e-03    2.56605466e+17
 2.20000000e+00    4.67284750e+00    5.81692970e-03    2.56574122e+17
 2.20500000e+00    4.67138891e+00    5.85625564e-03    2.56542707e+17
 2.21000000e+00    4.66992728e+00    5.89575549e-03    2.56511219e+17
 2.21500000e+00    4.66846262e+00    5.93542960e-03    2.56479660e+17
 2.22000000e+00    4.66699492e+00    5.97527832e-03    2.56448028e+17
 2.22500000e+00    4.66552418e+00    6.01530200e-03    2.56416325e+17
 2.23000000e+00    4.66405042e+00    6.05550100e-03    2.56384550e+17
 2.23500000e+00    4.66257363e+00    6.09587565e-03    2.56352703e+17
 2.24000000e+00    4.66109381e+00    6.13642631e-03    2.56320784e+17
 2.24500000e+00    4.65961097e+00    6.17715333e-03    2.56288793e+17
 2.25000000e+00    4.65812510e+00    6.21805705e-03    2.56256730e+17
 2.25500000e+00    4.65663622e+00    6.25913783e-03    2.56224595e+17
 2.26000000e+00    4.65514431e+00    6.30039601e-03    2.56192388e+17
 2.26500000e+00    4.65364939e+00    6.34183193e-03    2.56160110e+17
 2.27000000e+00    4.65215145e+00    6.38344595e-03    2.56127759e+17
 2.27500000e+00    4.65065050e+00    6.42523841e-03    2.56095336e+17
 2.28000000e+00    4.64914654e+00    6.46720966e-03    2.56062841e+17
 2.28500000e+00    4.64763956e+00    6.50936004e-03    2.56030275e+17
 2.29000000e+00    4.64612958e+00    6.55168990e-03    2.55997636e+17
 2.29500000e+00    4.64461660e+00    6.59419958e-03    2.55964926e+17
 2.30000000e+00    4.64310060e+00    6.63688944e-03    2.55932143e+17
 2.30500000e+00    4.64158161e+00    6.67975981e-03    2.55899288e+17
 2.31000000e+00    4.64005962e+00    6.72281103e-03    2.55866362e+17
 2.31500000e+00    4.63853463e+00    6.76604347e-03    2.55833363e+17
 2.32000000e+00    4.63700664e+00    6.80945744e-03    2.55800293e+17
 2.32500000e+00    4.63547566e+00    6.85305331e-03    2.55767150e+17
 2.33000000e+00    4.63394169e+00    6.89683141e-03    2.55733936e+17
 2.33500000e+00    4.63240472e+00    6.94079209e-03    2.55700649e+17
 2.34000000e+00    4.63086477e+00    6.98493569e-03    2.55667291e+17
 2.34500000e+00    4.62932183e+00    7.02926255e-03    2.55633860e+17
 2.35000000e+00    4.62777591e+00    7.07377301e-03    2.55600357e+17
 2.35500000e+00    4.62622700e+00    7.11846742e-03    2.55566783e+17
 2.36000000e+00    4.62467511e+00    7.16334611e-03    2.55533136e+17
 2.36500000e+00    4.62312025e+00    7.20840943e-03    2.55499418e+17
 2.37000000e+00    4.62156240e+00    7.25365771e-03    2.55465627e+17
 2.37500000e+00    4.62000159e+00    7.29909131e-03    2.55431764e+17
 2.38000000e+00    4.61843780e+00    7.34471055e-03    2.55397829e+17
 2.38500000e+00    4.61687103e+00    7.39051579e-03    2.55363823e+17
 2.39000000e+00    4.61530130e+00    7.43650734e-03    2.55329744e+17
 2.39500000e+00    4.61372861e+00    7.48268557e-03    2.55295593e+17
 2.40000000e+00    4.61215295e+00    7.52905080e-03    2.55261370e+17
 2.40500000e+00    4.61057432e+00    7.57560337e-03    2.55227075e+17
 2.41000000e+00    4.60899274e+00    7.62234362e-03    2.55192708e+17
 2.41500000e+00    4.60740819e+00    7.66927190e-03    2.55158269e+17
 2.42000000e+00    4.60582069e+00    7.71638853e-03    2.55123758e+17
 2.42500000e+00    4.60423024e+00    7.76369385e-03    2.55089174e+17
 2.43000000e+00    4.60263683e+00    7.81118820e-03    2.55054519e+17
 2.43500000e+00    4.60104047e+00    7.85887192e-03    2.55019792e+17
 2.44000000e+00    4.59944116e+00    7.90674534e-03    2.54984992e+17
 2.44500000e+00    4.59783891e+00    7.95480880e-03    2.54950121e+17
 2.45000000e+00    4.59623371e+00    8.00306264e-03    2.54915177e+17
 2.45500000e+00    4.59462557e+00    8.05150718e-03    2.54880161e+17
 2.46000000e+00    4.59301448e+00    8.10014277e-03    2.54845074e+17
 2.46500000e+00    4.59140046e+00    8.14896973e-03    2.54809914e+17
 2.47000000e+00    4.58978350e+00    8.19798841e-03    2.54774682e+17
 2.47500000e+00    4.58816361e+00    8.24719913e-03    2.54739378e+17
 2.48000000e+00    4.58654079e+00    8.29660223e-03    2.54704001e+17
 2.48500000e+00    4.58491503e+00    8.34619804e-03    2.54668553e+17
 2.49000000e+00    4.58328635e+00    8.39598690e-03    2.54633033e+17
 2.49500000e+00    4.58165474e+00    8.44596914e-03    2.54597440e+17
 2.50000000e+00    4.58002021e+00    8.49614508e-03    2.54561775e+17
 2.50500000e+00    4.57838275e+00    8.54651507e-03    2.54526039e+17
 2.51000000e+00    4.57674238e+00    8.59707943e-03    2.54490230e+17
 2.51500000e+00    4.57509908e+00    8.64783849e-03    2.54454349e+17
 2.52000000e+00    4.57345288e+00    8.69879259e-03    2.54418395e+17
 2.52500000e+00    4.57180375e+00    8.74994205e-03    2.54382370e+17
 2.53000000e+00    4.57015172e+00    8.80128721e-03    2.54346273e+17
 2.53500000e+00    4.56849678e+00    8.85282839e-03    2.54310103e+17
 2.54000000e+00    4.56683892e+00    8.90456592e-03    2.54273861e+17
 2.54500000e+00    4.56517817e+00    8.95650014e-03    2.54237547e+17
 2.55000000e+00    4.56351451e+00    9.00863137e-03    2.54201161e+17
 2.55500000e+00    4.56184795e+00    9.06095993e-03    2.54164703e+17
 2.56000000e+00    4.56017849e+00    9.11348617e-03    2.54128173e+17
 2.56500000e+00    4.55850613e+00    9.16621040e-03    2.54091570e+17
 2.57000000e+00    4.55683088e+00    9.21913295e-03    2.54054896e+17
 2.57500000e+00    4.55515274e+00    9.27225415e-03    2.54018149e+17
 2.58000000e+00    4.55347170e+00    9.32557432e-03    2.53981330e+17
 2.58500000e+00    4.55178778e+00    9.37909380e-03    2.53944439e+17
 2.59000000e+00    4.55010097e+00    9.43281291e-03    2.53907475e+17
 2.59500000e+00    4.54841128e+00    9.48673196e-03    2.53870440e+17
 2.60000000e+00    4.54671871e+00    9.54085130e-03    2.53833332e+17
 2.60500000e+00    4.54502325e+00    9.59517124e-03    2.53796152e+17
 2.61000000e+00    4.54332492e+00    9.64969210e-03    2.53758900e+17
 2.61500000e+00    4.54162371e+00    9.70441422e-03    2.53721576e+17
 2.62000000e+00    4.53991963e+00    9.75933791e-03    2.53684179e+17
 2.62500000e+00    4.53821268e+00    9.81446350e-03    2.53646710e+17
 2.63000000e+00    4.53650286e+00    9.86979131e-03    2.53609170e+17
 2.63500000e+00    4.53479018e+00    9.92532167e-03    2.53571556e+17
 2.64000000e+00    4.53307463e+00    9.98105489e-03    2.53533871e+17
 2.64500000e+00    4.53135621e+00    1.00369913e-02    2.53496114e+17
 2.65000000e+00    4.52963494e+00    1.00931312e-02    2.53458284e+17
 2.65500000e+00    4.52791081e+00    1.01494750e-02    2.53420382e+17
 2.66000000e+00    4.52618382e+00    1.02060229e-02    2.53382408e+17
 2.66500000e+00    4.52445398e+00    1.02627752e-02    2.53344361e+17
 2.67000000e+00    4.52272129e+00    1.03197324e-02    2.53306243e+17
 2.67500000e+00    4.52098575e+00    1.03768947e-02    2.53268052e+17
 2.68000000e+00    4.51924736e+00    1.04342624e-02    2.53229789e+17
 2.68500000e+00    4.51750613e+00    1.04918359e-02    2.53191453e+17
 2.69000000e+00    4.51576205e+00    1.05496154e-02    2.53153046e+17
 2.69500000e+00    4.51401514e+00    1.06076013e-02    2.53114566e+17
 2.70000000e+00    4.51226539e+00    1.06657939e-02    2.53076014e+17
 2.70500000e+00    4.51051280e+00    1.07241936e-02    2.53037389e+17
 2.71000000e+00    4.50875737e+00    1.07828005e-02    2.52998693e+17
 2.71500000e+00    4.50699912e+00    1.08416152e-02    2.52959924e+17
 2.72000000e+00    4.50523804e+00    1.09006378e-02    2.52921083e+17
 2.72500000e+00    4.50347413e+00    1.09598687e-02    2.52882169e+17
 2.73000000e+00    4.50170740e+00    1.10193082e-02    2.52843184e+17
 2.73500000e+00    4.49993784e+00    1.10789566e-02    2.52804126e+17
 2.74000000e+00    4.49816546e+00    1.11388143e-02    2.52764996e+17
 2.74500000e+00    4.49639027e+00    1.11988815e-02    2.52725793e+17
 2.75000000e+00    4.49461226e+00    1.12591586e-02    2.52686518e+17
 2.75500000e+00    4.49283144e+00    1.13196458e-02    2.52647171e+17
 2.76000000e+00    4.49104780e+00    1.13803436e-02    2.52607752e+17
 2.76500000e+00    4.48926136e+00    1.14412521e-02    2.52568260e+17
 2.77000000e+00    4.48747211e+00    1.15023718e-02    2.52528696e+17
 2.77500000e+00    4.48568006e+00    1.15637029e-02    2.52489060e+17
 2.78000000e+00    4.48388521e+00    1.16252457e-02    2.52449352e+17
 2.78500000e+00    4.48208755e+00    1.16870006e-02    2.52409571e+17
 2.79000000e+00    4.48028710e+00    1.17489678e-02    2.52369718e+17
 2.79500000e+00    4.47848385e+00    1.18111477e-02    2.52329792e+17
 2.80000000e+00    4.47667782e+00    1.18735407e-02    2.52289795e+17
 2.80500000e+00    4.47486899e+00    1.19361469e-02    2.52249725e+17
 2.81000000e+00    4.47305737e+00    1.19989667e-02    2.52209582e+17
 2.81500000e+00    4.47124297e+00    1.20620004e-02    2.52169368e+17
 2.82000000e+00    4.46942578e+00    1.21252483e-02    2.52129081e+17
 2.82500000e+00    4.46760581e+00    1.21887108e-02    2.52088721e+17
 2.83000000e+00    4.46578307e+00    1.22523881e-02    2.52048290e+17
 2.83500000e+00    4.46395755e+00    1.23162806e-02    2.52007786e+17
 2.84000000e+00    4.46212925e+00    1.23803885e-02    2.51967209e+17
 2.84500000e+00    4.46029818e+00    1.24447122e-02    2.51926561e+17
 2.85000000e+00    4.45846435e+00    1.25092519e-02    2.51885840e+17
 2.85500000e+00    4.45662774e+00    1.25740080e-02    2.51845046e+17
 2.86000000e+00    4.45478837e+00    1.26389808e-02    2.51804181e+17
 2.86500000e+00    4.45294624e+00    1.27041706e-02    2.51763243e+17
 2.87000000e+00    4.45110135e+00    1.27695777e-02    2.51722232e+17
 2.87500000e+00    4.44925371e+00    1.28352024e-02    2.51681149e+17
 2.88000000e+00    4.44740330e+00    1.29010449e-02    2.51639994e+17
 2.88500000e+00    4.44555015e+00    1.29671057e-02    2.51598767e+17
 2.89000000e+00    4.44369424e+00    1.30333850e-02    2.51557467e+17
 2.89500000e+00    4.44183559e+00    1.30998831e-02    2.51516095e+17
 2.90000000e+00    4.43997419e+00    1.31666003e-02    2.51474650e+17
 2.90500000e+00    4.43811004e+00    1.32335369e-02    2.51433133e+17
 2.91000000e+00    4.43624316e+00    1.33006932e-02    2.51391544e+17
 2.91500000e+00    4.43437353e+00    1.33680696e-02    2.51349882e+17
 2.92000000e+00    4.43250118e+00    1.34356662e-02    2.51308148e+17
 2.92500000e+00    4.43062608e+00    1.35034835e-02    2.51266342e+17
 2.93000000e+00    4.42874826e+00    1.35715217e-02    2.51224463e+17
 2.93500000e+00    4.42686771e+00    1.36397812e-02    2.51182512e+17
 2.94000000e+00    4.42498443e+00    1.37082621e-02    2.51140488e+17
 2.94500000e+00    4.42309842e+00    1.37769649e-02    2.51098392e+17
 2.95000000e+00    4.42120970e+00    1.38458897e-02    2.51056224e+17
 2.95500000e+00    4.41931826e+00    1.39150370e-02    2.51013983e+17
 2.96000000e+00    4.41742410e+00    1.39844070e-02    2.50971670e+17
 2.96500000e+00    4.41552722e+00    1.40540001e-02    2.50929284e+17
 2.97000000e+00    4.41362763e+00    1.41238164e-02    2.50886826e+17
 2.97500000e+00    4.41172534e+00    1.41938563e-02    2.50844296e+17
 2.98000000e+00    4.40982033e+00    1.42641201e-02    2.50801693e+17
 2.98500000e+00    4.40791263e+00    1.43346082e-02    2.50759018e+17
 2.99000000e+00    4.40600222e+00    1.44053207e-02    2.50716270e+17
 2.99500000e+00    4.40408911e+00    1.44762580e-02    2.50673450e+17
 3.00000000e+00    4.40217330e+00    1.45474204e-02    2.50630558e+17
 3.00500000e+00    4.40025480e+00    1.46188081e-02    2.50587593e+17
 3.01000000e+00    4.39833360e+00    1.46904215e-02    2.50544556e+17
 3.01500000e+00    4.39640972e+00    1.47622609e-02    2.50501446e+17
 3.02000000e+00    4.39448315e+00    1.48343266e-02    2.50458264e+17
 3.02500000e+00    4.39255389e+00    1.49066188e-02    2.50415009e+17
 3.03000000e+00    4.39062195e+00    1.49791378e-02    2.50371682e+17
 3.03500000e+00    4.38868734e+00    1.50518840e-02    2.50328282e+17
 3.04000000e+00    4.38675004e+00    1.51248576e-02    2.50284810e+17
 3.04500000e+00    4.38481007e+00    1.51980589e-02    2.50241266e+17
 3.05000000e+00    4.38286743e+00    1.52714882e-02    2.50197649e+17
 3.05500000e+00    4.38092211e+00    1.53451458e-02    2.50153960e+17
 3.06000000e+00    4.37897413e+00    1.54190319e-02    2.50110198e+17
 3.06500000e+00    4.37702349e+00    1.54931470e-02    2.50066364e+17
 3.07000000e+00    4.37507018e+00    1.55674912e-02    2.50022457e+17
 3.07500000e+00    4.37311421e+00    1.56420649e-02    2.49978478e+17
 3.08000000e+00    4.37115559e+00    1.57168683e-02    2.49934427e+17
 3.08500000e+00    4.36919431e+00    1.57919017e-02    2.49890303e+17
 3.09000000e+00    4.36723038e+00    1.58671655e-02    2.49846106e+17
 3.09500000e+00    4.36526380e+00    1.59426598e-02    2.49801837e+17
 3.10000000e+00    4.36329457e+00    1.60183851e-02    2.49757495e+17
 3.10500000e+00    4.36132269e+00    1.60943415e-02    2.49713082e+17
 3.11000000e+00    4.35934818e+00    1.61705293e-02    2.49668595e+17
 3.11500000e+00    4.35737102e+00    1.62469489e-02    2.49624036e+17
 3.12000000e+00    4.35539123e+00    1.63236006e-02    2.49579405e+17
 3.12500000e+00    4.35340880e+00    1.64004845e-02    2.49534701e+17
 3.13000000e+00    4.35142374e+00    1.64776010e-02    2.49489924e+17
 3.13500000e+00    4.34943606e+00    1.65549505e-02    2.49445076e+17
 3.14000000e+00    4.34744574e+00    1.66325330e-02    2.49400154e+17
 3.14500000e+00    4.34545280e+00    1.67103491e-02    2.49355160e+17
 3.15000000e+00    4.34345724e+00    1.67883988e-02    2.49310094e+17
 3.15500000e+00    4.34145906e+00    1.68666826e-02    2.49264955e+17
 3.16000000e+00    4.33945826e+00    1.69452006e-02    2.49219744e+17
 3.16500000e+00    4.33745485e+00    1.70239532e-02    2.49174460e+17
 3.17000000e+00    4.33544883e+00    1.71029407e-02    2.49129103e+17
 3.17500000e+00    4.33344020e+00    1.71821633e-02    2.49083674e+17
 3.18000000e+00    4.33142896e+00    1.72616213e-02    2.49038173e+17
 3.18500000e+00    4.32941512e+00    1.73413149e-02    2.48992599e+17
 3.19000000e+00    4.32739868e+00    1.74212446e-02    2.48946952e+17
 3.19500000e+00    4.32537964e+00    1.75014105e-02    2.48901233e+17
 3.20000000e+00    4.32335800e+00    1.75818129e-02    2.48855442e+17
 3.20500000e+00    4.32133378e+00    1.76624521e-02    2.48809578e+17
 3.21000000e+00    4.31930696e+00    1.77433284e-02    2.48763641e+17
 3.21500000e+00    4.31727755e+00    1.78244421e-02    2.48717632e+17
 3.22000000e+00    4.31524556e+00    1.79057933e-02    2.48671550e+17
 3.22500000e+00    4.31321098e+00    1.79873825e-02    2.48625396e+17
 3.23000000e+00    4.31117382e+00    1.80692099e-02    2.48579170e+17
 3.23500000e+00    4.30913409e+00    1.81512757e-02    2.48532870e+17
 3.24000000e+00    4.30709178e+00    1.82335802e-02    2.48486499e+17
 3.24500000e+00    4.30504690e+00    1.83161238e-02    2.48440054e+17
 3.25000000e+00    4.30299945e+00    1.83989066e-02    2.48393537e+17
 3.25500000e+00    4.30094944e+00    1.84819289e-02    2.48346948e+17
 3.26000000e+00    4.29889686e+00    1.85651911e-02    2.48300286e+17
 3.26500000e+00    4.29684171e+00    1.86486934e-02    2.48253551e+17
 3.27000000e+00    4.29478401e+00    1.87324360e-02    2.48206744e+17
 3.27500000e+00    4.29272376e+00    1.88164193e-02    2.48159865e+17
 3.28000000e+00    4.29066095e+00    1.89006434e-02    2.48112912e+17
 3.28500000e+00    4.28859558e+00    1.89851088e-02    2.48065888e+17
 3.29000000e+00    4.28652767e+00    1.90698156e-02    2.48018790e+17
 3.29500000e+00    4.28445722e+00    1.91547641e-02    2.47971621e+17
 3.30000000e+00    4.28238422e+00    1.92399546e-02    2.47924378e+17
 3.30500000e+00    4.28030868e+00    1.93253873e-02    2.47877063e+17
 3.31000000e+00    4.27823060e+00    1.94110626e-02    2.47829675e+17
 3.31500000e+00    4.27614999e+00    1.94969806e-02    2.47782215e+17
 3.32000000e+00    4.27406685e+00    1.95831417e-02    2.47734683e+17
 3.32500000e+00    4.27198118e+00    1.96695462e-02    2.47687077e+17
 3.33000000e+00    4.26989298e+00    1.97561942e-02    2.47639399e+17
 3.33500000e+00    4.26780226e+00    1.98430860e-02    2.47591649e+17
 3.34000000e+00    4.26570901e+00    1.99302220e-02    2.47543826e+17
 3.34500000e+00    4.26361325e+00    2.00176023e-02    2.47495930e+17
 3.35000000e+00    4.26151497e+00    2.01052273e-02    2.47447962e+17
 3.35500000e+00    4.25941418e+00    2.01930973e-02    2.47399921e+17
 3.36000000e+00    4.25731087e+00    2.02812123e-02    2.47351808e+17
 3.36500000e+00    4.25520506e+00    2.03695729e-02    2.47303622e+17
 3.37000000e+00    4.25309675e+00    2.04581791e-02    2.47255363e+17
 3.37500000e+00    4.25098593e+00    2.05470313e-02    2.47207032e+17
 3.38000000e+00    4.24887262e+00    2.06361297e-02    2.47158628e+17
 3.38500000e+00    4.24675680e+00    2.07254745e-02    2.47110151e+17
 3.39000000e+00    4.24463849e+00    2.08150662e-02    2.47061602e+17
 3.39500000e+00    4.24251770e+00    2.09049048e-02    2.47012981e+17
 3.40000000e+00    4.24039441e+00    2.09949907e-02    2.46964286e+17
 3.40500000e+00    4.23826863e+00    2.10853241e-02    2.46915519e+17
 3.41000000e+00    4.23614038e+00    2.11759053e-02    2.46866680e+17
 3.41500000e+00    4.23400964e+00    2.12667345e-02    2.46817768e+17
 3.42000000e+00    4.23187643e+00    2.13578121e-02    2.46768783e+17
 3.42500000e+00    4.22974074e+00    2.14491382e-02    2.46719725e+17
 3.43000000e+00    4.22760258e+00    2.15407131e-02    2.46670595e+17
 3.43500000e+00    4.22546195e+00    2.16325370e-02    2.46621393e+17
 3.44000000e+00    4.22331885e+00    2.17246103e-02    2.46572118e+17
 3.44500000e+00    4.22117330e+00    2.18169332e-02    2.46522770e+17
 3.45000000e+00    4.21902528e+00    2.19095059e-02    2.46473349e+17
 3.45500000e+00    4.21687480e+00    2.20023287e-02    2.46423856e+17
 3.46000000e+00    4.21472186e+00    2.20954018e-02    2.46374290e+17
 3.46500000e+00    4.21256648e+00    2.21887256e-02    2.46324652e+17
 3.47000000e+00    4.21040864e+00    2.22823001e-02    2.46274940e+17
 3.47500000e+00    4.20824836e+00    2.23761258e-02    2.46225157e+17
 3.48000000e+00    4.20608564e+00    2.24702028e-02    2.46175300e+17
 3.48500000e+00    4.20392047e+00    2.25645315e-02    2.46125371e+17
 3.49000000e+00    4.20175286e+00    2.26591120e-02    2.46075370e+17
 3.49500000e+00    4.19958282e+00    2.27539446e-02    2.46025295e+17
 3.50000000e+00    4.19741035e+00    2.28490295e-02    2.45975148e+17
 3.50500000e+00    4.19523544e+00    2.29443671e-02    2.45924929e+17
 3.51000000e+00    4.19305811e+00    2.30399575e-02    2.45874636e+17
 3.51500000e+00    4.19087836e+00    2.31358011e-02    2.45824271e+17
 3.52000000e+00    4.18869618e+00    2.32318980e-02    2.45773834e+17
 3.52500000e+00    4.18651159e+00    2.33282484e-02    2.45723324e+17
 3.53000000e+00    4.18432458e+00    2.34248528e-02    2.45672741e+17
 3.53500000e+00    4.18213516e+00    2.35217112e-02    2.45622085e+17
 3.54000000e+00    4.17994332e+00    2.36188240e-02    2.45571357e+17
 3.54500000e+00    4.17774908e+00    2.37161913e-02    2.45520556e+17
 3.55000000e+00    4.17555244e+00    2.38138135e-02    2.45469682e+17
 3.55500000e+00    4.17335339e+00    2.39116908e-02    2.45418736e+17
 3.56000000e+00    4.17115195e+00    2.40098234e-02    2.45367717e+17
 3.56500000e+00    4.16894811e+00    2.41082116e-02    2.45316626e+17
 3.57000000e+00    4.16674187e+00    2.42068555e-02    2.45265461e+17
 3.57500000e+00    4.16453325e+00    2.43057555e-02    2.45214225e+17
 3.58000000e+00    4.16232224e+00    2.44049119e-02    2.45162915e+17
 3.58500000e+00    4.16010885e+00    2.45043247e-02    2.45111533e+17
 3.59000000e+00    4.15789307e+00    2.46039944e-02    2.45060078e+17
 3.59500000e+00    4.15567492e+00    2.47039210e-02    2.45008550e+17
 3.60000000e+00    4.15345439e+00    2.48041049e-02    2.44956950e+17
 3.60500000e+00    4.15123149e+00    2.49045463e-02    2.44905277e+17
 3.61000000e+00    4.14900622e+00    2.50052455e-02    2.44853531e+17
 3.61500000e+00    4.14677858e+00    2.51062026e-02    2.44801713e+17
 3.62000000e+00    4.14454858e+00    2.52074180e-02    2.44749822e+17
 3.62500000e+00    4.14231622e+00    2.53088918e-02    2.44697859e+17
 3.63000000e+00    4.14008150e+00    2.54106243e-02    2.44645822e+17
 3.63500000e+00    4.13784442e+00    2.55126157e-02    2.44593713e+17
 3.64000000e+00    4.13560499e+00    2.56148663e-02    2.44541532e+17
 3.64500000e+00    4.13336321e+00    2.57173763e-02    2.44489277e+17
 3.65000000e+00    4.13111909e+00    2.58201459e-02    2.44436950e+17
 3.65500000e+00    4.12887262e+00    2.59231754e-02    2.44384551e+17
 3.66000000e+00    4.12662382e+00    2.60264651e-02    2.44332078e+17
 3.66500000e+00    4.12437267e+00    2.61300150e-02    2.44279533e+17
 3.67000000e+00    4.12211919e+00    2.62338256e-02    2.44226916e+17
 3.67500000e+00    4.11986338e+00    2.63378969e-02    2.44174225e+17
 3.68000000e+00    4.11760524e+00    2.64422293e-02    2.44121462e+17
 3.68500000e+00    4.11534478e+00    2.65468230e-02    2.44068627e+17
 3.69000000e+00    4.11308199e+00    2.66516781e-02    2.44015718e+17
 3.69500000e+00    4.11081688e+00    2.67567950e-02    2.43962737e+17
 3.70000000e+00    4.10854945e+00    2.68621739e-02    2.43909683e+17
 3.70500000e+00    4.10627971e+00    2.69678149e-02    2.43856557e+17
 3.71000000e+00    4.10400766e+00    2.70737184e-02    2.43803358e+17
 3.71500000e+00    4.10173331e+00    2.71798846e-02    2.43750086e+17
 3.72000000e+00    4.09945664e+00    2.72863136e-02    2.43696742e+17
 3.72500000e+00    4.09717768e+00    2.73930057e-02    2.43643325e+17
 3.73000000e+00    4.09489642e+00    2.74999612e-02    2.43589835e+17
 3.73500000e+00    4.09261286e+00    2.76071803e-02    2.43536272e+17
 3.74000000e+00    4.09032700e+00    2.77146631e-02    2.43482637e+17
 3.74500000e+00    4.08803886e+00    2.78224099e-02    2.43428929e+17
 3.75000000e+00    4.08574843e+00    2.79304210e-02    2.43375149e+17
 3.75500000e+00    4.08345572e+00    2.80386966e-02    2.43321296e+17
 3.76000000e+00    4.08116072e+00    2.81472369e-02    2.43267370e+17
 3.76500000e+00    4.07886345e+00    2.82560420e-02    2.43213372e+17
 3.77000000e+00    4.07656390e+00    2.83651124e-02    2.43159300e+17
 3.77500000e+00    4.07426208e+00    2.84744480e-02    2.43105157e+17
 3.78000000e+00    4.07195799e+00    2.85840493e-02    2.43050940e+17
 3.78500000e+00    4.06965164e+00    2.86939164e-02    2.42996651e+17
 3.79000000e+00    4.06734302e+00    2.88040495e-02    2.42942289e+17
 3.79500000e+00    4.06503214e+00    2.89144488e-02    2.42887855e+17
 3.80000000e+00    4.06271901e+00    2.90251146e-02    2.42833348e+17
 3.80500000e+00    4.06040362e+00    2.91360471e-02    2.42778768e+17
 3.81000000e+00    4.05808598e+00    2.92472466e-02    2.42724115e+17
 3.81500000e+00    4.05576609e+00    2.93587131e-02    2.42669390e+17
 3.82000000e+00    4.05344396e+00    2.94704470e-02    2.42614592e+17
 3.82500000e+00    4.05111959e+00    2.95824485e-02    2.42559722e+17
 3.83000000e+00    4.04879297e+00    2.96947177e-02    2.42504779e+17
 3.83500000e+00    4.04646413e+00    2.98072549e-02    2.42449763e+17
 3.84000000e+00    4.04413305e+00    2.99200604e-02    2.42394675e+17
 3.84500000e+00    4.04179974e+00    3.00331343e-02    2.42339513e+17
 3.85000000e+00    4.03946420e+00    3.01464768e-02    2.42284280e+17
 3.85500000e+00    4.03712644e+00    3.02600882e-02    2.42228973e+17
 3.86000000e+00    4.03478646e+00    3.03739686e-02    2.42173594e+17
 3.86500000e+00    4.03244426e+00    3.04881184e-02    2.42118142e+17
 3.87000000e+00    4.03009985e+00    3.06025376e-02    2.42062617e+17
 3.87500000e+00    4.02775323e+00    3.07172265e-02    2.42007020e+17
 3.88000000e+00    4.02540440e+00    3.08321854e-02    2.41951350e+17
 3.88500000e+00    4.02305337e+00    3.09474144e-02    2.41895608e+17
 3.89000000e+00    4.02070013e+00    3.10629138e-02    2.41839792e+17
 3.89500000e+00    4.01834470e+00    3.11786837e-02    2.41783904e+17
 3.90000000e+00    4.01598707e+00    3.12947244e-02    2.41727944e+17
 3.90500000e+00    4.01362724e+00    3.14110360e-02    2.41671910e+17
 3.91000000e+00    4.01126523e+00    3.15276188e-02    2.41615804e+17
 3.91500000e+00    4.00890103e+00    3.16444731e-02    2.41559626e+17
 3.92000000e+00    4.00653465e+00    3.17615989e-02    2.41503374e+17
 3.92500000e+00    4.00416609e+00    3.18789965e-02    2.41447050e+17
 3.93000000e+00    4.00179535e+00    3.19966662e-02    2.41390653e+17
 3.93500000e+00    3.99942244e+00    3.21146080e-02    2.41334184e+17
 3.94000000e+00    3.99704735e+00    3.22328223e-02    2.41277642e+17
 3.94500000e+00    3.99467010e+00    3.23513092e-02    2.41221027e+17
 3.95000000e+00    3.99229069e+00    3.24700690e-02    2.41164339e+17
 3.95500000e+00    3.98990911e+00    3.25891018e-02    2.41107579e+17
 3.96000000e+00    3.98752538e+00    3.27084078e-02    2.41050746e+17
 3.96500000e+00    3.98513949e+00    3.28279873e-02    2.40993841e+17
 3.97000000e+00    3.98275145e+00    3.29478404e-02    2.40936862e+17
 3.97500000e+00    3.98036126e+00    3.30679674e-02    2.40879811e+17
 3.98000000e+00    3.97796892e+00    3.31883684e-02    2.40822688e+17
 3.98500000e+00    3.97557444e+00    3.33090436e-02    2.40765491e+17
 3.99000000e+00    3.97317783e+00    3.34299934e-02    2.40708222e+17
 3.99500000e+00    3.97077907e+00    3.35512177e-02    2.40650880e+17
 4.00000000e+00    3.96837819e+00    3.36727169e-02    2.40593466e+17
 4.00500000e+00    3.96597517e+00    3.37944912e-02    2.40535979e+17
 4.01000000e+00    3.96357003e+00    3.39165407e-02    2.40478419e+17
 4.01500000e+00    3.96116276e+00    3.40388656e-02    2.40420786e+17
 4.02000000e+00    3.95875338e+00    3.41614662e-02    2.40363081e+17
 4.02500000e+00    3.95634187e+00    3.42843426e-02    2.40305303e+17
 4.03000000e+00    3.95392826e+00    3.44074951e-02    2.40247453e+17
 4.03500000e+00    3.95151253e+00    3.45309238e-02    2.40189529e+17
 4.04000000e+00    3.94909469e+00    3.46546289e-02    2.40131534e+17
 4.04500000e+00    3.94667475e+00    3.47786106e-02    2.40073465e+17
 4.05000000e+00    3.94425271e+00    3.49028691e-02    2.40015324e+17
 4.05500000e+00    3.94182857e+00    3.50274046e-02    2.39957110e+17
 4.06000000e+00    3.93940234e+00    3.51522173e-02    2.39898823e+17
 4.06500000e+00    3.93697402e+00    3.52773074e-02    2.39840464e+17
 4.07000000e+00    3.93454360e+00    3.54026750e-02    2.39782032e+17
 4.07500000e+00    3.93211111e+00    3.55283205e-02    2.39723527e+17
 4.08000000e+00    3.92967653e+00    3.56542439e-02    2.39664949e+17
 4.08500000e+00    3.92723987e+00    3.57804454e-02    2.39606299e+17
 4.09000000e+00    3.92480113e+00    3.59069253e-02    2.39547577e+17
 4.09500000e+00    3.92236033e+00    3.60336837e-02    2.39488781e+17
 4.10000000e+00    3.91991745e+00    3.61607208e-02    2.39429913e+17
 4.10500000e+00    3.91747251e+00    3.62880368e-02    2.39370973e+17
 4.11000000e+00    3.91502551e+00    3.64156319e-02    2.39311959e+17
 4.11500000e+00    3.91257644e+00    3.65435062e-02    2.39252873e+17
 4.12000000e+00    3.91012533e+00    3.66716600e-02    2.39193715e+17
 4.12500000e+00    3.90767215e+00    3.68000935e-02    2.39134483e+17
 4.13000000e+00    3.90521693e+00    3.69288068e-02    2.39075179e+17
 4.13500000e+00    3.90275967e+00    3.70578001e-02    2.39015803e+17
 4.14000000e+00    3.90030035e+00    3.71870736e-02    2.38956353e+17
 4.14500000e+00    3.89783900e+00    3.73166275e-02    2.38896831e+17
 4.15000000e+00    3.89537562e+00    3.74464619e-02    2.38837237e+17
 4.15500000e+00    3.89291020e+00    3.75765771e-02    2.38777570e+17
 4.16000000e+00    3.89044275e+00    3.77069731e-02    2.38717830e+17
 4.16500000e+00    3.88797327e+00    3.78376503e-02    2.38658017e+17
 4.17000000e+00    3.88550177e+00    3.79686088e-02    2.38598132e+17
 4.17500000e+00    3.88302825e+00    3.80998488e-02    2.38538174e+17
 4.18000000e+00    3.88055271e+00    3.82313703e-02    2.38478144e+17
 4.18500000e+00    3.87807516e+00    3.83631737e-02    2.38418041e+17
 4.19000000e+00    3.87559560e+00    3.84952591e-02    2.38357865e+17
 4.19500000e+00    3.87311403e+00    3.86276267e-02    2.38297617e+17
 4.20000000e+00    3.87063046e+00    3.87602766e-02    2.38237296e+17
 4.20500000e+00    3.86814489e+00    3.88932091e-02    2.38176903e+17
 4.21000000e+00    3.86565732e+00    3.90264242e-02    2.38116437e+17
 4.21500000e+00    3.86316775e+00    3.91599223e-02    2.38055898e+17
 4.22000000e+00    3.86067620e+00    3.92937034e-02    2.37995287e+17
 4.22500000e+00    3.85818266e+00    3.94277677e-02    2.37934603e+17
 4.23000000e+00    3.85568713e+00    3.95621154e-02    2.37873847e+17
 4.23500000e+00    3.85318962e+00    3.96967466e-02    2.37813018e+17
 4.24000000e+00    3.85069014e+00    3.98316617e-02    2.37752116e+17
 4.24500000e+00    3.84818868e+00    3.99668606e-02    2.37691142e+17
 4.25000000e+00    3.84568525e+00    4.01023436e-02    2.37630095e+17
 4.25500000e+00    3.84317986e+00    4.02381109e-02    2.37568976e+17
 4.26000000e+00    3.84067250e+00    4.03741626e-02    2.37507784e+17
 4.26500000e+00    3.83816318e+00    4.05104989e-02    2.37446519e+17
 4.27000000e+00    3.83565190e+00    4.06471199e-02    2.37385182e+17
 4.27500000e+00    3.83313867e+00    4.07840259e-02    2.37323772e+17
 4.28000000e+00    3.83062348e+00    4.09212170e-02    2.37262290e+17
 4.28500000e+00    3.82810635e+00    4.10586933e-02    2.37200735e+17
 4.29000000e+00    3.82558728e+00    4.11964551e-02    2.37139108e+17
 4.29500000e+00    3.82306626e+00    4.13345025e-02    2.37077408e+17
 4.30000000e+00    3.82054331e+00    4.14728356e-02    2.37015636e+17
 4.30500000e+00    3.81801843e+00    4.16114547e-02    2.36953791e+17
 4.31000000e+00    3.81549161e+00    4.17503598e-02    2.36891873e+17
 4.31500000e+00    3.81296286e+00    4.18895513e-02    2.36829883e+17
 4.32000000e+00    3.81043220e+00    4.20290291e-02    2.36767820e+17
 4.32500000e+00    3.80789961e+00    4.21687935e-02    2.36705685e+17
 4.33000000e+00    3.80536510e+00    4.23088446e-02    2.36643477e+17
 4.33500000e+00    3.80282868e+00    4.24491826e-02    2.36581197e+17
 4.34000000e+00    3.80029035e+00    4.25898077e-02    2.36518844e+17
 4.34500000e+00    3.79775011e+00    4.27307200e-02    2.36456419e+17
 4.35000000e+00    3.79520797e+00    4.28719197e-02    2.36393921e+17
 4.35500000e+00    3.79266393e+00    4.30134070e-02    2.36331350e+17
 4.36000000e+00    3.79011799e+00    4.31551819e-02    2.36268707e+17
 4.36500000e+00    3.78757016e+00    4.32972447e-02    2.36205992e+17
 4.37000000e+00    3.78502044e+00    4.34395955e-02    2.36143204e+17
 4.37500000e+00    3.78246883e+00    4.35822344e-02    2.36080343e+17
 4.38000000e+00    3.77991534e+00    4.37251617e-02    2.36017410e+17
 4.38500000e+00    3.77735997e+00    4.38683774e-02    2.35954404e+17
 4.39000000e+00    3.77480272e+00    4.40118818e-02    2.35891326e+17
 4.39500000e+00    3.77224360e+00    4.41556750e-02    2.35828175e+17
 4.40000000e+00    3.76968261e+00    4.42997571e-02    2.35764952e+17
 4.40500000e+00    3.76711975e+00    4.44441283e-02    2.35701657e+17
 4.41000000e+00    3.76455503e+00    4.45887887e-02    2.35638288e+17
 4.41500000e+00    3.76198845e+00    4.47337385e-02    2.35574848e+17
 4.42000000e+00    3.75942001e+00    4.48789779e-02    2.35511335e+17
 4.42500000e+00    3.75684972e+00    4.50245069e-02    2.35447749e+17
 4.43000000e+00    3.75427759e+00    4.51703259e-02    2.35384091e+17
 4.43500000e+00    3.75170360e+00    4.53164347e-02    2.35320360e+17
 4.44000000e+00    3.74912778e+00    4.54628338e-02    2.35256557e+17
 4.44500000e+00    3.74655011e+00    4.56095231e-02    2.35192682e+17
 4.45000000e+00    3.74397061e+00    4.57565029e-02    2.35128734e+17
 4.45500000e+00    3.74138928e+00    4.59037732e-02    2.35064713e+17
 4.46000000e+00    3.73880612e+00    4.60513343e-02    2.35000620e+17
 4.46500000e+00    3.73622113e+00    4.61991862e-02    2.34936455e+17
 4.47000000e+00    3.73363432e+00    4.63473292e-02    2.34872217e+17
 4.47500000e+00    3.73104570e+00    4.64957633e-02    2.34807907e+17
 4.48000000e+00    3.72845526e+00    4.66444887e-02    2.34743524e+17
 4.48500000e+00    3.72586301e+00    4.67935056e-02    2.34679069e+17
 4.49000000e+00    3.72326895e+00    4.69428141e-02    2.34614541e+17
 4.49500000e+00    3.72067308e+00    4.70924143e-02    2.34549941e+17
 4.50000000e+00    3.71807542e+00    4.72423063e-02    2.34485269e+17
 4.50500000e+00    3.71547595e+00    4.73924904e-02    2.34420524e+17
 4.51000000e+00    3.71287470e+00    4.75429666e-02    2.34355706e+17
 4.51500000e+00    3.71027165e+00    4.76937352e-02    2.34290817e+17
 4.52000000e+00    3.70766682e+00    4.78447961e-02    2.34225855e+17
 4.52500000e+00    3.70506020e+00    4.79961497e-02    2.34160820e+17
 4.53000000e+00    3.70245180e+00    4.81477959e-02    2.34095713e+17
 4.53500000e+00    3.69984163e+00    4.82997350e-02    2.34030534e+17
 4.54000000e+00    3.69722968e+00    4.84519670e-02    2.33965282e+17
 4.54500000e+00    3.69461596e+00    4.86044922e-02    2.33899958e+17
 4.55000000e+00    3.69200048e+00    4.87573106e-02    2.33834561e+17
 4.55500000e+00    3.68938324e+00    4.89104224e-02    2.33769092e+17
 4.56000000e+00    3.68676423e+00    4.90638277e-02    2.33703551e+17
 4.56500000e+00    3.68414347e+00    4.92175267e-02    2.33637937e+17
 4.57000000e+00    3.68152096e+00    4.93715194e-02    2.33572251e+17
 4.57500000e+00    3.67889670e+00    4.95258061e-02    2.33506493e+17
 4.58000000e+00    3.67627069e+00    4.96803868e-02    2.33440662e+17
 4.58500000e+00    3.67364295e+00    4.98352617e-02    2.33374759e+17
 4.59000000e+00    3.67101346e+00    4.99904309e-02    2.33308784e+17
 4.59500000e+00    3.66838224e+00    5.01458945e-02    2.33242736e+17
 4.60000000e+00    3.66574929e+00    5.03016527e-02    2.33176616e+17
 4.60500000e+00    3.66311461e+00    5.04577056e-02    2.33110423e+17
 4.61000000e+00    3.66047821e+00    5.06140533e-02    2.33044159e+17
 4.61500000e+00    3.65784009e+00    5.07706960e-02    2.32977822e+17
 4.62000000e+00    3.65520025e+00    5.09276337e-02    2.32911412e+17
 4.62500000e+00    3.65255870e+00    5.10848666e-02    2.32844930e+17
 4.63000000e+00    3.64991543e+00    5.12423948e-02    2.32778376e+17
 4.63500000e+00    3.64727046e+00    5.14002185e-02    2.32711750e+17
 4.64000000e+00    3.64462379e+00    5.15583378e-02    2.32645052e+17
 4.64500000e+00    3.64197542e+00    5.17167527e-02    2.32578281e+17
 4.65000000e+00    3.63932536e+00    5.18754635e-02    2.32511438e+17
 4.65500000e+00    3.63667360e+00    5.20344702e-02    2.32444522e+17
 4.66000000e+00    3.63402015e+00    5.21937730e-02    2.32377535e+17
 4.66500000e+00    3.63136502e+00    5.23533719e-02    2.32310475e+17
 4.67000000e+00    3.62870821e+00    5.25132672e-02    2.32243343e+17
 4.67500000e+00    3.62604972e+00    5.26734588e-02    2.32176138e+17
 4.68000000e+00    3.62338955e+00    5.28339470e-02    2.32108862e+17
 4.68500000e+00    3.62072772e+00    5.29947319e-02    2.32041513e+17
 4.69000000e+00    3.61806421e+00    5.31558135e-02    2.31974092e+17
 4.69500000e+00    3.61539905e+00    5.33171920e-02    2.31906599e+17
 4.70000000e+00    3.61273222e+00    5.34788676e-02    2.31839033e+17
 4.70500000e+00    3.61006374e+00    5.36408402e-02    2.31771396e+17
 4.71000000e+00    3.60739361e+00    5.38031101e-02    2.31703686e+17
 4.71500000e+00    3.60472182e+00    5.39656773e-02    2.31635904e+17
 4.72000000e+00    3.60204839e+00    5.41285420e-02    2.31568049e+17
 4.72500000e+00    3.59937332e+00    5.42917043e-02    2.31500123e+17
 4.73000000e+00    3.59669661e+00    5.44551642e-02    2.31432124e+17
 4.73500000e+00    3.59401827e+00    5.46189220e-02    2.31364054e+17
 4.74000000e+00    3.59133829e+00    5.47829776e-02    2.31295911e+17
 4.74500000e+00    3.58865669e+00    5.49473313e-02    2.31227695e+17
 4.75000000e+00    3.58597346e+00    5.51119831e-02    2.31159408e+17
 4.75500000e+00    3.58328861e+00    5.52769332e-02    2.31091049e+17
 4.76000000e+00    3.58060214e+00    5.54421816e-02    2.31022617e+17
 4.76500000e+00    3.57791407e+00    5.56077284e-02    2.30954114e+17
 4.77000000e+00    3.57522438e+00    5.57735738e-02    2.30885538e+17
 4.77500000e+00    3.57253309e+00    5.59397179e-02    2.30816890e+17
 4.78000000e+00    3.56984019e+00    5.61061608e-02    2.30748170e+17
 4.78500000e+00    3.56714569e+00    5.62729025e-02    2.30679378e+17
 4.79000000e+00    3.56444960e+00    5.64399433e-02    2.30610514e+17
 4.79500000e+00    3.56175192e+00    5.66072831e-02    2.30541578e+17
 4.80000000e+00    3.55905265e+00    5.67749221e-02    2.30472569e+17
 4.80500000e+00    3.55635180e+00    5.69428604e-02    2.30403489e+17
 4.81000000e+00    3.55364937e+00    5.71110981e-02    2.30334336e+17
 4.81500000e+00    3.55094536e+00    5.72796353e-02    2.30265112e+17
 4.82000000e+00    3.54823977e+00    5.74484721e-02    2.30195815e+17
 4.82500000e+00    3.54553262e+00    5.76176085e-02    2.30126447e+17
 4.83000000e+00    3.54282390e+00    5.77870448e-02    2.30057006e+17
 4.83500000e+00    3.54011362e+00    5.79567810e-02    2.29987494e+17
 4.84000000e+00    3.53740178e+00    5.81268172e-02    2.29917909e+17
 4.84500000e+00    3.53468838e+00    5.82971534e-02    2.29848252e+17
 4.85000000e+00    3.53197344e+00    5.84677899e-02    2.29778524e+17
 4.85500000e+00    3.52925694e+00    5.86387266e-02    2.29708723e+17
 4.86000000e+00    3.52653890e+00    5.88099638e-02    2.29638851e+17
 4.86500000e+00    3.52381932e+00    5.89815013e-02    2.29568906e+17
 4.87000000e+00    3.52109821e+00    5.91533395e-02    2.29498890e+17
 4.87500000e+00    3.51837556e+00    5.93254783e-02    2.29428801e+17
 4.88000000e+00    3.51565138e+00    5.94979179e-02    2.29358641e+17
 4.88500000e+00    3.51292568e+00    5.96706583e-02    2.29288409e+17
 4.89000000e+00    3.51019845e+00    5.98436997e-02    2.29218104e+17
 4.89500000e+00    3.50746971e+00    6.00170420e-02    2.29147728e+17
 4.90000000e+00    3.50473945e+00    6.01906855e-02    2.29077280e+17
 4.90500000e+00    3.50200768e+00    6.03646302e-02    2.29006760e+17
 4.91000000e+00    3.49927440e+00    6.05388763e-02    2.28936168e+17
 4.91500000e+00    3.49653962e+00    6.07134236e-02    2.28865504e+17
 4.92000000e+00    3.49380334e+00    6.08882725e-02    2.28794769e+17
 4.92500000e+00    3.49106556e+00    6.10634229e-02    2.28723961e+17
 4.93000000e+00    3.48832629e+00    6.12388750e-02    2.28653082e+17
 4.93500000e+00    3.48558553e+00    6.14146288e-02    2.28582131e+17
 4.94000000e+00    3.48284329e+00    6.15906844e-02    2.28511108e+17
 4.94500000e+00    3.48009956e+00    6.17670419e-02    2.28440013e+17
 4.95000000e+00    3.47735436e+00    6.19437014e-02    2.28368846e+17
 4.95500000e+00    3.47460768e+00    6.21206630e-02    2.28297607e+17
 4.96000000e+00    3.47185953e+00    6.22979267e-02    2.28226297e+17
 4.96500000e+00    3.46910992e+00    6.24754926e-02    2.28154915e+17
 4.97000000e+00    3.46635884e+00    6.26533608e-02    2.28083461e+17
 4.97500000e+00    3.46360631e+00    6.28315315e-02    2.28011935e+17
 4.98000000e+00    3.46085232e+00    6.30100046e-02    2.27940337e+17
 4.98500000e+00    3.45809687e+00    6.31887802e-02    2.27868668e+17
 4.99000000e+00    3.45533998e+00    6.33678585e-02    2.27796927e+17
 4.99500000e+00    3.45258165e+00    6.35472395e-02    2.27725114e+17
 5.00000000e+00    3.44982187e+00    6.37269233e-02    2.27653230e+17
 5.00500000e+00    3.44706066e+00    6.39069099e-02    2.27581273e+17
 5.01000000e+00    3.44429801e+00    6.40871994e-02    2.27509245e+17
 5.01500000e+00    3.44153393e+00    6.42677920e-02    2.27437146e+17
 5.02000000e+00    3.43876843e+00    6.44486876e-02    2.27364974e+17
 5.02500000e+00    3.43600151e+00    6.46298864e-02    2.27292731e+17
 5.03000000e+00    3.43323317e+00    6.48113884e-02    2.27220417e+17
 5.03500000e+00    3.43046341e+00    6.49931938e-02    2.27148030e+17
 5.04000000e+00    3.42769225e+00    6.51753024e-02    2.27075572e+17
 5.04500000e+00    3.42491967e+00    6.53577146e-02    2.27003042e+17
 5.05000000e+00    3.42214570e+00    6.55404302e-02    2.26930441e+17
 5.05500000e+00    3.41937032e+00    6.57234494e-02    2.26857768e+17
 5.06000000e+00    3.41659355e+00    6.59067723e-02    2.26785024e+17
 5.06500000e+00    3.41381539e+00    6.60903989e-02    2.26712207e+17
 5.07000000e+00    3.41103584e+00    6.62743293e-02    2.26639320e+17
 5.07500000e+00    3.40825490e+00    6.64585635e-02    2.26566360e+17
 5.08000000e+00    3.40547258e+00    6.66431016e-02    2.26493329e+17
 5.08500000e+00    3.40268889e+00    6.68279438e-02    2.26420227e+17
 5.09000000e+00    3.39990382e+00    6.70130899e-02    2.26347053e+17
 5.09500000e+00    3.39711739e+00    6.71985402e-02    2.26273807e+17
 5.10000000e+00    3.39432959e+00    6.73842947e-02    2.26200490e+17
 5.10500000e+00    3.39154042e+00    6.75703533e-02    2.26127102e+17
 5.11000000e+00    3.38874990e+00    6.77567163e-02    2.26053641e+17
 5.11500000e+00    3.38595803e+00    6.79433837e-02    2.25980110e+17
 5.12000000e+00    3.38316480e+00    6.81303555e-02    2.25906507e+17
 5.12500000e+00    3.38037023e+00    6.83176317e-02    2.25832832e+17
 5.13000000e+00    3.37757432e+00    6.85052125e-02    2.25759086e+17
 5.13500000e+00    3.37477706e+00    6.86930979e-02    2.25685269e+17
 5.14000000e+00    3.37197847e+00    6.88812879e-02    2.25611380e+17
 5.14500000e+00    3.36917855e+00    6.90697827e-02    2.25537419e+17
 5.15000000e+00    3.36637730e+00    6.92585822e-02    2.25463388e+17
 5.15500000e+00    3.36357473e+00    6.94476865e-02    2.25389284e+17
 5.16000000e+00    3.36077084e+00    6.96370957e-02    2.25315110e+17
 5.16500000e+00    3.35796563e+00    6.98268099e-02    2.25240864e+17
 5.17000000e+00    3.35515911e+00    7.00168290e-02    2.25166547e+17
 5.17500000e+00    3.35235128e+00    7.02071532e-02    2.25092158e+17
 5.18000000e+00    3.34954215e+00    7.03977825e-02    2.25017698e+17
 5.18500000e+00    3.34673171e+00    7.05887169e-02    2.24943167e+17
 5.19000000e+00    3.34391998e+00    7.07799565e-02    2.24868564e+17
 5.19500000e+00    3.34110695e+00    7.09715014e-02    2.24793890e+17
 5.20000000e+00    3.33829264e+00    7.11633515e-02    2.24719145e+17
 5.20500000e+00    3.33547704e+00    7.13555070e-02    2.24644328e+17
 5.21000000e+00    3.33266015e+00    7.15479679e-02    2.24569441e+17
 5.21500000e+00    3.32984199e+00    7.17407342e-02    2.24494482e+17
 5.22000000e+00    3.32702256e+00    7.19338060e-02    2.24419451e+17
 5.22500000e+00    3.32420185e+00    7.21271833e-02    2.24344350e+17
 5.23000000e+00    3.32137988e+00    7.23208662e-02    2.24269177e+17
 5.23500000e+00    3.31855664e+00    7.25148548e-02    2.24193933e+17
 5.24000000e+00    3.31573215e+00    7.27091490e-02    2.24118618e+17
 5.24500000e+00    3.31290640e+00    7.29037489e-02    2.24043232e+17
 5.25000000e+00    3.31007940e+00    7.30986545e-02    2.23967775e+17
 5.25500000e+00    3.30725115e+00    7.32938660e-02    2.23892246e+17
 5.26000000e+00    3.30442166e+00    7.34893832e-02    2.23816646e+17
 5.26500000e+00    3.30159092e+00    7.36852064e-02    2.23740975e+17
 5.27000000e+00    3.29875896e+00    7.38813354e-02    2.23665233e+17
 5.27500000e+00    3.29592576e+00    7.40777704e-02    2.23589420e+17
 5.28000000e+00    3.29309133e+00    7.42745114e-02    2.23513536e+17
 5.28500000e+00    3.29025568e+00    7.44715585e-02    2.23437581e+17
 5.29000000e+00    3.28741881e+00    7.46689116e-02    2.23361554e+17
 5.29500000e+00    3.28458072e+00    7.48665708e-02    2.23285457e+17
 5.30000000e+00    3.28174141e+00    7.50645361e-02    2.23209288e+17
 5.30500000e+00    3.27890090e+00    7.52628076e-02    2.23133049e+17
 5.31000000e+00    3.27605919e+00    7.54613853e-02    2.23056738e+17
 5.31500000e+00    3.27321627e+00    7.56602692e-02    2.22980356e+17
 5.32000000e+00    3.27037216e+00    7.58594594e-02    2.22903904e+17
 5.32500000e+00    3.26752685e+00    7.60589559e-02    2.22827380e+17
 5.33000000e+00    3.26468035e+00    7.62587588e-02    2.22750786e+17
 5.33500000e+00    3.26183267e+00    7.64588680e-02    2.22674120e+17
 5.34000000e+00    3.25898380e+00    7.66592836e-02    2.22597384e+17
 5.34500000e+00    3.25613376e+00    7.68600056e-02    2.22520576e+17
 5.35000000e+00    3.25328254e+00    7.70610341e-02    2.22443698e+17
 5.35500000e+00    3.25043016e+00    7.72623691e-02    2.22366749e+17
 5.36000000e+00    3.24757660e+00    7.74640105e-02    2.22289728e+17
 5.36500000e+00    3.24472189e+00    7.76659585e-02    2.22212637e+17
 5.37000000e+00    3.24186601e+00    7.78682131e-02    2.22135476e+17
 5.37500000e+00    3.23900898e+00    7.80707742e-02    2.22058243e+17
 5.38000000e+00    3.23615080e+00    7.82736419e-02    2.21980939e+17
 5.38500000e+00    3.23329148e+00    7.84768163e-02    2.21903565e+17
 5.39000000e+00    3.23043101e+00    7.86802973e-02    2.21826120e+17
 5.39500000e+00    3.22756940e+00    7.88840850e-02    2.21748604e+17
 5.40000000e+00    3.22470665e+00    7.90881794e-02    2.21671017e+17
 5.40500000e+00    3.22184278e+00    7.92925805e-02    2.21593359e+17
 5.41000000e+00    3.21897778e+00    7.94972883e-02    2.21515631e+17
 5.41500000e+00    3.21611165e+00    7.97023029e-02    2.21437832e+17
 5.42000000e+00    3.21324440e+00    7.99076243e-02    2.21359963e+17
 5.42500000e+00    3.21037604e+00    8.01132524e-02    2.21282022e+17
 5.43000000e+00    3.20750657e+00    8.03191874e-02    2.21204011e+17
 5.43500000e+00    3.20463599e+00    8.05254292e-02    2.21125930e+17
 5.44000000e+00    3.20176431e+00    8.07319778e-02    2.21047777e+17
 5.44500000e+00    3.19889152e+00    8.09388333e-02    2.20969554e+17
 5.45000000e+00    3.19601764e+00    8.11459956e-02    2.20891261e+17
 5.45500000e+00    3.19314267e+00    8.13534648e-02    2.20812897e+17
 5.46000000e+00    3.19026661e+00    8.15612409e-02    2.20734462e+17
 5.46500000e+00    3.18738946e+00    8.17693240e-02    2.20655957e+17
 5.47000000e+00    3.18451123e+00    8.19777139e-02    2.20577382e+17
 5.47500000e+00    3.18163193e+00    8.21864108e-02    2.20498736e+17
 5.48000000e+00    3.17875156e+00    8.23954146e-02    2.20420019e+17
 5.48500000e+00    3.17587011e+00    8.26047253e-02    2.20341232e+17
 5.49000000e+00    3.17298761e+00    8.28143430e-02    2.20262375e+17
 5.49500000e+00    3.17010404e+00    8.30242677e-02    2.20183447e+17
 5.50000000e+00    3.16721941e+00    8.32344993e-02    2.20104449e+17
 5.50500000e+00    3.16433373e+00    8.34450380e-02    2.20025380e+17
 5.51000000e+00    3.16144700e+00    8.36558835e-02    2.19946242e+17
 5.51500000e+00    3.15855923e+00    8.38670361e-02    2.19867032e+17
 5.52000000e+00    3.15567042e+00    8.40784957e-02    2.19787753e+17
 5.52500000e+00    3.15278057e+00    8.42902622e-02    2.19708403e+17
 5.53000000e+00    3.14988968e+00    8.45023358e-02    2.19628983e+17
 5.53500000e+00    3.14699777e+00    8.47147163e-02    2.19549493e+17
 5.54000000e+00    3.14410483e+00    8.49274039e-02    2.19469933e+17
 5.54500000e+00    3.14121087e+00    8.51403984e-02    2.19390302e+17
 5.55000000e+00    3.13831589e+00    8.53537000e-02    2.19310601e+17
 5.55500000e+00    3.13541990e+00    8.55673085e-02    2.19230830e+17
 5.56000000e+00    3.13252290e+00    8.57812241e-02    2.19150989e+17
 5.56500000e+00    3.12962490e+00    8.59954466e-02    2.19071078e+17
 5.57000000e+00    3.12672589e+00    8.62099761e-02    2.18991097e+17
 5.57500000e+00    3.12382588e+00    8.64248126e-02    2.18911046e+17
 5.58000000e+00    3.12092489e+00    8.66399561e-02    2.18830924e+17
 5.58500000e+00    3.11802290e+00    8.68554065e-02    2.18750733e+17
 5.59000000e+00    3.11511992e+00    8.70711640e-02    2.18670472e+17
 5.59500000e+00    3.11221597e+00    8.72872284e-02    2.18590140e+17
 5.60000000e+00    3.10931103e+00    8.75035997e-02    2.18509739e+17
 5.60500000e+00    3.10640513e+00    8.77202780e-02    2.18429267e+17
 5.61000000e+00    3.10349825e+00    8.79372632e-02    2.18348726e+17
 5.61500000e+00    3.10059041e+00    8.81545554e-02    2.18268114e+17
 5.62000000e+00    3.09768160e+00    8.83721544e-02    2.18187433e+17
 5.62500000e+00    3.09477184e+00    8.85900604e-02    2.18106682e+17
 5.63000000e+00    3.09186112e+00    8.88082733e-02    2.18025861e+17
 5.63500000e+00    3.08894945e+00    8.90267930e-02    2.17944970e+17
 5.64000000e+00    3.08603684e+00    8.92456196e-02    2.17864009e+17
 5.64500000e+00    3.08312329e+00    8.94647531e-02    2.17782979e+17
 5.65000000e+00    3.08020879e+00    8.96841934e-02    2.17701878e+17
 5.65500000e+00    3.07729336e+00    8.99039405e-02    2.17620708e+17
 5.66000000e+00    3.07437701e+00    9.01239944e-02    2.17539468e+17
 5.66500000e+00    3.07145972e+00    9.03443551e-02    2.17458158e+17
 5.67000000e+00    3.06854152e+00    9.05650226e-02    2.17376778e+17
 5.67500000e+00    3.06562239e+00    9.07859968e-02    2.17295329e+17
 5.68000000e+00    3.06270236e+00    9.10072778e-02    2.17213810e+17
 5.68500000e+00    3.05978141e+00    9.12288654e-02    2.17132221e+17
 5.69000000e+00    3.05685956e+00    9.14507598e-02    2.17050563e+17
 5.69500000e+00    3.05393680e+00    9.16729608e-02    2.16968835e+17
 5.70000000e+00    3.05101314e+00    9.18954685e-02    2.16887037e+17
 5.70500000e+00    3.04808860e+00    9.21182828e-02    2.16805170e+17
 5.71000000e+00    3.04516316e+00    9.23414037e-02    2.16723233e+17
 5.71500000e+00    3.04223683e+00    9.25648312e-02    2.16641227e+17
 5.72000000e+00    3.03930963e+00    9.27885652e-02    2.16559151e+17
 5.72500000e+00    3.03638154e+00    9.30126057e-02    2.16477006e+17
 5.73000000e+00    3.03345258e+00    9.32369528e-02    2.16394791e+17
 5.73500000e+00    3.03052275e+00    9.34616063e-02    2.16312506e+17
 5.74000000e+00    3.02759206e+00    9.36865662e-02    2.16230152e+17
 5.74500000e+00    3.02466050e+00    9.39118325e-02    2.16147729e+17
 5.75000000e+00    3.02172809e+00    9.41374053e-02    2.16065236e+17
 5.75500000e+00    3.01879482e+00    9.43632844e-02    2.15982674e+17
 5.76000000e+00    3.01586070e+00    9.45894698e-02    2.15900043e+17
 5.76500000e+00    3.01292573e+00    9.48159614e-02    2.15817342e+17
 5.77000000e+00    3.00998992e+00    9.50427594e-02    2.15734572e+17
 5.77500000e+00    3.00705328e+00    9.52698635e-02    2.15651733e+17
 5.78000000e+00    3.00411580e+00    9.54972739e-02    2.15568824e+17
 5.78500000e+00    3.00117749e+00    9.57249904e-02    2.15485846e+17
 5.79000000e+00    2.99823835e+00    9.59530130e-02    2.15402799e+17
 5.79500000e+00    2.99529840e+00    9.61813416e-02    2.15319683e+17
 5.80000000e+00    2.99235762e+00    9.64099764e-02    2.15236498e+17
 5.80500000e+00    2.98941603e+00    9.66389171e-02    2.15153243e+17
 5.81000000e+00    2.98647363e+00    9.68681638e-02    2.15069920e+17
 5.81500000e+00    2.98353043e+00    9.70977164e-02    2.14986527e+17
 5.82000000e+00    2.98058642e+00    9.73275749e-02    2.14903066e+17
 5.82500000e+00    2.97764162e+00    9.75577392e-02    2.14819535e+17
 5.83000000e+00    2.97469602e+00    9.77882094e-02    2.14735935e+17
 5.83500000e+00    2.97174963e+00    9.80189853e-02    2.14652267e+17
 5.84000000e+00    2.96880246e+00    9.82500669e-02    2.14568529e+17
 5.84500000e+00    2.96585450e+00    9.84814541e-02    2.14484723e+17
 5.85000000e+00    2.96290577e+00    9.87131471e-02    2.14400847e+17
 5.85500000e+00    2.95995626e+00    9.89451455e-02    2.14316903e+17
 5.86000000e+00    2.95700599e+00    9.91774496e-02    2.14232890e+17
 5.86500000e+00    2.95405495e+00    9.94100591e-02    2.14148808e+17
 5.87000000e+00    2.95110314e+00    9.96429740e-02    2.14064658e+17
 5.87500000e+00    2.94815058e+00    9.98761944e-02    2.13980438e+17
 5.88000000e+00    2.94519727e+00    1.00109720e-01    2.13896150e+17
 5.88500000e+00    2.94224321e+00    1.00343551e-01    2.13811794e+17
 5.89000000e+00    2.93928840e+00    1.00577687e-01    2.13727368e+17
 5.89500000e+00    2.93633285e+00    1.00812129e-01    2.13642874e+17
 5.90000000e+00    2.93337656e+00    1.01046875e-01    2.13558312e+17
 5.90500000e+00    2.93041955e+00    1.01281927e-01    2.13473681e+17
 5.91000000e+00    2.92746180e+00    1.01517283e-01    2.13388981e+17
 5.91500000e+00    2.92450332e+00    1.01752945e-01    2.13304213e+17
 5.92000000e+00    2.92154413e+00    1.01988912e-01    2.13219376e+17
 5.92500000e+00    2.91858422e+00    1.02225183e-01    2.13134471e+17
 5.93000000e+00    2.91562359e+00    1.02461759e-01    2.13049498e+17
 5.93500000e+00    2.91266226e+00    1.02698640e-01    2.12964456e+17
 5.94000000e+00    2.90970022e+00    1.02935826e-01    2.12879345e+17
 5.94500000e+00    2.90673749e+00    1.03173316e-01    2.12794167e+17
 5.95000000e+00    2.90377405e+00    1.03411111e-01    2.12708920e+17
 5.95500000e+00    2.90080992e+00    1.03649210e-01    2.12623605e+17
 5.96000000e+00    2.89784511e+00    1.03887614e-01    2.12538222e+17
 5.96500000e+00    2.89487961e+00    1.04126322e-01    2.12452770e+17
 5.97000000e+00    2.89191343e+00    1.04365335e-01    2.12367251e+17
 5.97500000e+00    2.88894657e+00    1.04604652e-01    2.12281663e+17
 5.98000000e+00    2.88597904e+00    1.04844273e-01    2.12196007e+17
 5.98500000e+00    2.88301084e+00    1.05084198e-01    2.12110283e+17
 5.99000000e+00    2.88004198e+00    1.05324427e-01    2.12024491e+17
 5.99500000e+00    2.87707246e+00    1.05564960e-01    2.11938631e+17
 6.00000000e+00    2.87410228e+00    1.05805797e-01    2.11852703e+17
 6.00500000e+00    2.87113145e+00    1.06046938e-01    2.11766707e+17
 6.01000000e+00    2.86815998e+00    1.06288383e-01    2.11680644e+17
 6.01500000e+00    2.86518786e+00    1.06530132e-01    2.11594512e+17
 6.02000000e+00    2.86221510e+00    1.06772184e-01    2.11508312e+17
 6.02500000e+00    2.85924170e+00    1.07014539e-01    2.11422045e+17
 6.03000000e+00    2.85626767e+00    1.07257199e-01    2.11335710e+17
 6.03500000e+00    2.85329302e+00    1.07500161e-01    2.11249308e+17
 6.04000000e+00    2.85031774e+00    1.07743427e-01    2.11162837e+17
 6.04500000e+00    2.84734184e+00    1.07986997e-01    2.11076299e+17
 6.05000000e+00    2.84436533e+00    1.08230869e-01    2.10989693e+17
 6.05500000e+00    2.84138820e+00    1.08475045e-01    2.10903020e+17
 6.06000000e+00    2.83841047e+00    1.08719524e-01    2.10816279e+17
 6.06500000e+00    2.83543214e+00    1.08964306e-01    2.10729471e+17
 6.07000000e+00    2.83245320e+00    1.09209390e-01    2.10642595e+17
 6.07500000e+00    2.82947368e+00    1.09454778e-01    2.10555651e+17
 6.08000000e+00    2.82649356e+00    1.09700468e-01    2.10468640e+17
 6.08500000e+00    2.82351285e+00    1.09946461e-01    2.10381562e+17
 6.09000000e+00    2.82053156e+00    1.10192757e-01    2.10294416e+17
 6.09500000e+00    2.81754970e+00    1.10439355e-01    2.10207203e+17
 6.10000000e+00    2.81456725e+00    1.10686255e-01    2.10119923e+17
 6.10500000e+00    2.81158424e+00    1.10933458e-01    2.10032575e+17
 6.11000000e+00    2.80860067e+00    1.11180963e-01    2.09945160e+17
 6.11500000e+00    2.80561653e+00    1.11428770e-01    2.09857678e+17
 6.12000000e+00    2.80263183e+00    1.11676879e-01    2.09770129e+17
 6.12500000e+00    2.79964658e+00    1.11925291e-01    2.09682512e+17
 6.13000000e+00    2.79666077e+00    1.12174004e-01    2.09594829e+17
 6.13500000e+00    2.79367443e+00    1.12423019e-01    2.09507078e+17
 6.14000000e+00    2.79068754e+00    1.12672336e-01    2.09419261e+17
 6.14500000e+00    2.78770011e+00    1.12921954e-01    2.09331376e+17
 6.15000000e+00    2.78471215e+00    1.13171874e-01    2.09243424e+17
 6.15500000e+00    2.78172366e+00    1.13422096e-01    2.09155406e+17
 6.16000000e+00    2.77873464e+00    1.13672618e-01    2.09067320e+17
 6.16500000e+00    2.77574511e+00    1.13923443e-01    2.08979168e+17
 6.17000000e+00    2.77275505e+00    1.14174568e-01    2.08890949e+17
 6.17500000e+00    2.76976448e+00    1.14425994e-01    2.08802663e+17
 6.18000000e+00    2.76677341e+00    1.14677722e-01    2.08714310e+17
 6.18500000e+00    2.76378183e+00    1.14929750e-01    2.08625890e+17
 6.19000000e+00    2.76078975e+00    1.15182079e-01    2.08537404e+17
 6.19500000e+00    2.75779717e+00    1.15434709e-01    2.08448852e+17
 6.20000000e+00    2.75480410e+00    1.15687639e-01    2.08360232e+17
 6.20500000e+00    2.75181054e+00    1.15940870e-01    2.08271547e+17
 6.21000000e+00    2.74881649e+00    1.16194402e-01    2.08182794e+17
 6.21500000e+00    2.74582197e+00    1.16448233e-01    2.08093976e+17
 6.22000000e+00    2.74282697e+00    1.16702365e-01    2.08005091e+17
 6.22500000e+00    2.73983149e+00    1.16956797e-01    2.07916139e+17
 6.23000000e+00    2.73683555e+00    1.17211529e-01    2.07827121e+17
 6.23500000e+00    2.73383915e+00    1.17466561e-01    2.07738037e+17
 6.24000000e+00    2.73084228e+00    1.17721893e-01    2.07648887e+17
 6.24500000e+00    2.72784496e+00    1.17977524e-01    2.07559671e+17
 6.25000000e+00    2.72484719e+00    1.18233455e-01    2.07470388e+17
 6.25500000e+00    2.72184897e+00    1.18489686e-01    2.07381040e+17
 6.26000000e+00    2.71885031e+00    1.18746216e-01    2.07291625e+17
 6.26500000e+00    2.71585121e+00    1.19003045e-01    2.07202145e+17
 6.27000000e+00    2.71285167e+00    1.19260173e-01    2.07112599e+17
 6.27500000e+00    2.70985170e+00    1.19517601e-01    2.07022986e+17
 6.28000000e+00    2.70685131e+00    1.19775327e-01    2.06933308e+17
 6.28500000e+00    2.70385049e+00    1.20033352e-01    2.06843564e+17
 6.29000000e+00    2.70084925e+00    1.20291676e-01    2.06753755e+17
 6.29500000e+00    2.69784760e+00    1.20550298e-01    2.06663880e+17
 6.30000000e+00    2.69484554e+00    1.20809219e-01    2.06573939e+17
 6.30500000e+00    2.69184307e+00    1.21068439e-01    2.06483932e+17
 6.31000000e+00    2.68884020e+00    1.21327956e-01    2.06393860e+17
 6.31500000e+00    2.68583693e+00    1.21587772e-01    2.06303723e+17
 6.32000000e+00    2.68283327e+00    1.21847886e-01    2.06213520e+17
 6.32500000e+00    2.67982921e+00    1.22108298e-01    2.06123252e+17
 6.33000000e+00    2.67682477e+00    1.22369007e-01    2.06032918e+17
 6.33500000e+00    2.67381995e+00    1.22630015e-01    2.05942519e+17
 6.34000000e+00    2.67081475e+00    1.22891319e-01    2.05852055e+17
 6.34500000e+00    2.66780918e+00    1.23152922e-01    2.05761526e+17
 6.35000000e+00    2.66480324e+00    1.23414821e-01    2.05670932e+17
 6.35500000e+00    2.66179693e+00    1.23677018e-01    2.05580272e+17
 6.36000000e+00    2.65879026e+00    1.23939512e-01    2.05489548e+17
 6.36500000e+00    2.65578324e+00    1.24202303e-01    2.05398758e+17
 6.37000000e+00    2.65277586e+00    1.24465390e-01    2.05307904e+17
 6.37500000e+00    2.64976813e+00    1.24728775e-01    2.05216985e+17
 6.38000000e+00    2.64676005e+00    1.24992456e-01    2.05126001e+17
 6.38500000e+00    2.64375164e+00    1.25256433e-01    2.05034952e+17
 6.39000000e+00    2.64074289e+00    1.25520707e-01    2.04943838e+17
 6.39500000e+00    2.63773381e+00    1.25785277e-01    2.04852660e+17
 6.40000000e+00    2.63472439e+00    1.26050143e-01    2.04761417e+17
 6.40500000e+00    2.63171466e+00    1.26315305e-01    2.04670109e+17
 6.41000000e+00    2.62870460e+00    1.26580763e-01    2.04578737e+17
 6.41500000e+00    2.62569423e+00    1.26846516e-01    2.04487301e+17
 6.42000000e+00    2.62268354e+00    1.27112565e-01    2.04395800e+17
 6.42500000e+00    2.61967255e+00    1.27378910e-01    2.04304235e+17
 6.43000000e+00    2.61666125e+00    1.27645550e-01    2.04212605e+17
 6.43500000e+00    2.61364966e+00    1.27912485e-01    2.04120912e+17
 6.44000000e+00    2.61063777e+00    1.28179715e-01    2.04029154e+17
 6.44500000e+00    2.60762558e+00    1.28447239e-01    2.03937331e+17
 6.45000000e+00    2.60461311e+00    1.28715059e-01    2.03845445e+17
 6.45500000e+00    2.60160036e+00    1.28983173e-01    2.03753495e+17
 6.46000000e+00    2.59858732e+00    1.29251582e-01    2.03661481e+17
 6.46500000e+00    2.59557402e+00    1.29520285e-01    2.03569402e+17
 6.47000000e+00    2.59256044e+00    1.29789282e-01    2.03477260e+17
 6.47500000e+00    2.58954659e+00    1.30058574e-01    2.03385055e+17
 6.48000000e+00    2.58653248e+00    1.30328159e-01    2.03292785e+17
 6.48500000e+00    2.58351811e+00    1.30598038e-01    2.03200452e+17
 6.49000000e+00    2.58050349e+00    1.30868211e-01    2.03108055e+17
 6.49500000e+00    2.57748862e+00    1.31138677e-01    2.03015595e+17
 6.50000000e+00    2.57447350e+00    1.31409437e-01    2.02923071e+17
 6.50500000e+00    2.57145814e+00    1.31680490e-01    2.02830484e+17
 6.51000000e+00    2.56844254e+00    1.31951835e-01    2.02737833e+17
 6.51500000e+00    2.56542670e+00    1.32223474e-01    2.02645119e+17
 6.52000000e+00    2.56241064e+00    1.32495406e-01    2.02552342e+17
 6.52500000e+00    2.55939435e+00    1.32767630e-01    2.02459502e+17
 6.53000000e+00    2.55637784e+00    1.33040147e-01    2.02366599e+17
 6.53500000e+00    2.55336111e+00    1.33312956e-01    2.02273633e+17
 6.54000000e+00    2.55034417e+00    1.33586057e-01    2.02180604e+17
 6.54500000e+00    2.54732701e+00    1.33859450e-01    2.02087512e+17
 6.55000000e+00    2.54430966e+00    1.34133135e-01    2.01994358e+17
 6.55500000e+00    2.54129210e+00    1.34407112e-01    2.01901140e+17
 6.56000000e+00    2.53827434e+00    1.34681381e-01    2.01807860e+17
 6.56500000e+00    2.53525639e+00    1.34955941e-01    2.01714518e+17
 6.57000000e+00    2.53223826e+00    1.35230792e-01    2.01621113e+17
 6.57500000e+00    2.52921993e+00    1.35505934e-01    2.01527646e+17
 6.58000000e+00    2.52620143e+00    1.35781367e-01    2.01434116e+17
 6.58500000e+00    2.52318275e+00    1.36057091e-01    2.01340524e+17
 6.59000000e+00    2.52016390e+00    1.36333106e-01    2.01246870e+17
 6.59500000e+00    2.51714487e+00    1.36609411e-01    2.01153153e+17
 6.60000000e+00    2.51412569e+00    1.36886007e-01    2.01059375e+17
 6.60500000e+00    2.51110634e+00    1.37162893e-01    2.00965535e+17
 6.61000000e+00    2.50808684e+00    1.37440068e-01    2.00871632e+17
 6.61500000e+00    2.50506719e+00    1.37717534e-01    2.00777668e+17
 6.62000000e+00    2.50204738e+00    1.37995289e-01    2.00683642e+17
 6.62500000e+00    2.49902744e+00    1.38273334e-01    2.00589555e+17
 6.63000000e+00    2.49600735e+00    1.38551669e-01    2.00495406e+17
 6.63500000e+00    2.49298713e+00    1.38830292e-01    2.00401196e+17
 6.64000000e+00    2.48996677e+00    1.39109205e-01    2.00306924e+17
 6.64500000e+00    2.48694629e+00    1.39388406e-01    2.00212590e+17
 6.65000000e+00    2.48392569e+00    1.39667896e-01    2.00118196e+17
 6.65500000e+00    2.48090496e+00    1.39947675e-01    2.00023740e+17
 6.66000000e+00    2.47788412e+00    1.40227742e-01    1.99929224e+17
 6.66500000e+00    2.47486317e+00    1.40508097e-01    1.99834646e+17
 6.67000000e+00    2.47184211e+00    1.40788741e-01    1.99740008e+17
 6.67500000e+00    2.46882095e+00    1.41069672e-01    1.99645308e+17
 6.68000000e+00    2.46579969e+00    1.41350891e-01    1.99550548e+17
 6.68500000e+00    2.46277834e+00    1.41632398e-01    1.99455727e+17
 6.69000000e+00    2.45975689e+00    1.41914191e-01    1.99360846e+17
 6.69500000e+00    2.45673536e+00    1.42196273e-01    1.99265904e+17
 6.70000000e+00    2.45371374e+00    1.42478641e-01    1.99170902e+17
 6.70500000e+00    2.45069205e+00    1.42761296e-01    1.99075840e+17
 6.71000000e+00    2.44767028e+00    1.43044237e-01    1.98980717e+17
 6.71500000e+00    2.44464844e+00    1.43327466e-01    1.98885534e+17
 6.72000000e+00    2.44162653e+00    1.43610980e-01    1.98790291e+17
 6.72500000e+00    2.43860456e+00    1.43894781e-01    1.98694989e+17
 6.73000000e+00    2.43558254e+00    1.44178868e-01    1.98599626e+17
 6.73500000e+00    2.43256046e+00    1.44463240e-01    1.98504204e+17
 6.74000000e+00    2.42953833e+00    1.44747898e-01    1.98408721e+17
 6.74500000e+00    2.42651615e+00    1.45032842e-01    1.98313180e+17
 6.75000000e+00    2.42349393e+00    1.45318071e-01    1.98217579e+17
 6.75500000e+00    2.42047167e+00    1.45603585e-01    1.98121918e+17
 6.76000000e+00    2.41744938e+00    1.45889384e-01    1.98026199e+17
 6.76500000e+00    2.41442706e+00    1.46175467e-01    1.97930420e+17
 6.77000000e+00    2.41140471e+00    1.46461836e-01    1.97834582e+17
 6.77500000e+00    2.40838235e+00    1.46748488e-01    1.97738686e+17
 6.78000000e+00    2.40535996e+00    1.47035425e-01    1.97642730e+17
 6.78500000e+00    2.40233756e+00    1.47322646e-01    1.97546717e+17
 6.79000000e+00    2.39931515e+00    1.47610150e-01    1.97450644e+17
 6.79500000e+00    2.39629274e+00    1.47897938e-01    1.97354514e+17
 6.80000000e+00    2.39327032e+00    1.48186010e-01    1.97258325e+17
 6.80500000e+00    2.39024791e+00    1.48474365e-01    1.97162078e+17
 6.81000000e+00    2.38722550e+00    1.48763003e-01    1.97065773e+17
 6.81500000e+00    2.38420310e+00    1.49051924e-01    1.96969410e+17
 6.82000000e+00    2.38118072e+00    1.49341127e-01    1.96872990e+17
 6.82500000e+00    2.37815836e+00    1.49630613e-01    1.96776512e+17
 6.83000000e+00    2.37513602e+00    1.49920382e-01    1.96679977e+17
 6.83500000e+00    2.37211370e+00    1.50210432e-01    1.96583384e+17
 6.84000000e+00    2.36909142e+00    1.50500764e-01    1.96486734e+17
 6.84500000e+00    2.36606917e+00    1.50791379e-01    1.96390027e+17
 6.85000000e+00    2.36304696e+00    1.51082274e-01    1.96293263e+17
 6.85500000e+00    2.36002480e+00    1.51373451e-01    1.96196442e+17
 6.86000000e+00    2.35700268e+00    1.51664910e-01    1.96099565e+17
 6.86500000e+00    2.35398061e+00    1.51956649e-01    1.96002630e+17
 6.87000000e+00    2.35095859e+00    1.52248669e-01    1.95905640e+17
 6.87500000e+00    2.34793664e+00    1.52540969e-01    1.95808593e+17
 6.88000000e+00    2.34491475e+00    1.52833550e-01    1.95711490e+17
 6.88500000e+00    2.34189292e+00    1.53126412e-01    1.95614331e+17
 6.89000000e+00    2.33887117e+00    1.53419553e-01    1.95517116e+17
 6.89500000e+00    2.33584949e+00    1.53712974e-01    1.95419845e+17
 6.90000000e+00    2.33282789e+00    1.54006674e-01    1.95322519e+17
 6.90500000e+00    2.32980637e+00    1.54300654e-01    1.95225136e+17
 6.91000000e+00    2.32678494e+00    1.54594913e-01    1.95127699e+17
 6.91500000e+00    2.32376361e+00    1.54889451e-01    1.95030206e+17
 6.92000000e+00    2.32074236e+00    1.55184268e-01    1.94932657e+17
 6.92500000e+00    2.31772122e+00    1.55479364e-01    1.94835054e+17
 6.93000000e+00    2.31470018e+00    1.55774738e-01    1.94737395e+17
 6.93500000e+00    2.31167924e+00    1.56070390e-01    1.94639682e+17
 6.94000000e+00    2.30865842e+00    1.56366320e-01    1.94541914e+17
 6.94500000e+00    2.30563771e+00    1.56662528e-01    1.94444091e+17
 6.95000000e+00    2.30261712e+00    1.56959013e-01    1.94346214e+17
 6.95500000e+00    2.29959665e+00    1.57255776e-01    1.94248282e+17
 6.96000000e+00    2.29657631e+00    1.57552816e-01    1.94150296e+17
 6.96500000e+00    2.29355611e+00    1.57850133e-01    1.94052255e+17
 6.97000000e+00    2.29053603e+00    1.58147727e-01    1.93954161e+17
 6.97500000e+00    2.28751610e+00    1.58445597e-01    1.93856013e+17
 6.98000000e+00    2.28449630e+00    1.58743743e-01    1.93757810e+17
 6.98500000e+00    2.28147666e+00    1.59042166e-01    1.93659555e+17
 6.99000000e+00    2.27845716e+00    1.59340865e-01    1.93561245e+17
 6.99500000e+00    2.27543782e+00    1.59639839e-01    1.93462882e+17
 7.00000000e+00    2.27241864e+00    1.59939089e-01    1.93364466e+17
 7.00500000e+00    2.26939963e+00    1.60238614e-01    1.93265996e+17
 7.01000000e+00    2.26638077e+00    1.60538414e-01    1.93167474e+17
 7.01500000e+00    2.26336209e+00    1.60838489e-01    1.93068899e+17
 7.02000000e+00    2.26034359e+00    1.61138838e-01    1.92970271e+17
 7.02500000e+00    2.25732526e+00    1.61439462e-01    1.92871592e+17
 7.03000000e+00    2.25430711e+00    1.61740361e-01    1.92772862e+17
 7.03500000e+00    2.25128915e+00    1.62041533e-01    1.92674080e+17
 7.04000000e+00    2.24827138e+00    1.62342979e-01    1.92575248e+17
 7.04500000e+00    2.24525381e+00    1.62644698e-01    1.92476366e+17
 7.05000000e+00    2.24223643e+00    1.62946691e-01    1.92377434e+17
 7.05500000e+00    2.23921926e+00    1.63248957e-01    1.92278453e+17
 7.06000000e+00    2.23620229e+00    1.63551496e-01    1.92179423e+17
 7.06500000e+00    2.23318553e+00    1.63854308e-01    1.92080345e+17
 7.07000000e+00    2.23016898e+00    1.64157392e-01    1.91981218e+17
 7.07500000e+00    2.22715266e+00    1.64460749e-01    1.91882044e+17
 7.08000000e+00    2.22413655e+00    1.64764377e-01    1.91782822e+17
 7.08500000e+00    2.22112067e+00    1.65068278e-01    1.91683554e+17
 7.09000000e+00    2.21810502e+00    1.65372450e-01    1.91584240e+17
 7.09500000e+00    2.21508960e+00    1.65676893e-01    1.91484879e+17
 7.10000000e+00    2.21207441e+00    1.65981608e-01    1.91385473e+17
 7.10500000e+00    2.20905947e+00    1.66286594e-01    1.91286022e+17
 7.11000000e+00    2.20604477e+00    1.66591850e-01    1.91186526e+17
 7.11500000e+00    2.20303033e+00    1.66897377e-01    1.91086985e+17
 7.12000000e+00    2.20001613e+00    1.67203174e-01    1.90987401e+17
 7.12500000e+00    2.19700219e+00    1.67509242e-01    1.90887773e+17
 7.13000000e+00    2.19398851e+00    1.67815579e-01    1.90788102e+17
 7.13500000e+00    2.19097509e+00    1.68122186e-01    1.90688389e+17
 7.14000000e+00    2.18796194e+00    1.68429063e-01    1.90588633e+17
 7.14500000e+00    2.18494906e+00    1.68736209e-01    1.90488834e+17
 7.15000000e+00    2.18193645e+00    1.69043624e-01    1.90388993e+17
 7.15500000e+00    2.17892412e+00    1.69351307e-01    1.90289109e+17
 7.16000000e+00    2.17591208e+00    1.69659260e-01    1.90189182e+17
 7.16500000e+00    2.17290032e+00    1.69967480e-01    1.90089212e+17
 7.17000000e+00    2.16988885e+00    1.70275969e-01    1.89989199e+17
 7.17500000e+00    2.16687768e+00    1.70584726e-01    1.89889142e+17
 7.18000000e+00    2.16386680e+00    1.70893750e-01    1.89789041e+17
 7.18500000e+00    2.16085622e+00    1.71203042e-01    1.89688896e+17
 7.19000000e+00    2.15784595e+00    1.71512601e-01    1.89588708e+17
 7.19500000e+00    2.15483599e+00    1.71822428e-01    1.89488475e+17
 7.20000000e+00    2.15182634e+00    1.72132521e-01    1.89388198e+17
 7.20500000e+00    2.14881700e+00    1.72442880e-01    1.89287876e+17
 7.21000000e+00    2.14580799e+00    1.72753506e-01    1.89187510e+17
 7.21500000e+00    2.14279930e+00    1.73064398e-01    1.89087098e+17
 7.22000000e+00    2.13979094e+00    1.73375556e-01    1.88986642e+17
 7.22500000e+00    2.13678291e+00    1.73686980e-01    1.88886140e+17
 7.23000000e+00    2.13377522e+00    1.73998669e-01    1.88785593e+17
 7.23500000e+00    2.13076786e+00    1.74310623e-01    1.88685000e+17
 7.24000000e+00    2.12776085e+00    1.74622842e-01    1.88584362e+17
 7.24500000e+00    2.12475418e+00    1.74935326e-01    1.88483678e+17
 7.25000000e+00    2.12174787e+00    1.75248075e-01    1.88382947e+17
 7.25500000e+00    2.11874191e+00    1.75561087e-01    1.88282171e+17
 7.26000000e+00    2.11573630e+00    1.75874364e-01    1.88181348e+17
 7.26500000e+00    2.11273106e+00    1.76187904e-01    1.88080478e+17
 7.27000000e+00    2.10972619e+00    1.76501708e-01    1.87979563e+17
 7.27500000e+00    2.10672168e+00    1.76815775e-01    1.87878606e+17
 7.28000000e+00    2.10371755e+00    1.77130105e-01    1.87777610e+17
 7.28500000e+00    2.10071380e+00    1.77444697e-01    1.87676579e+17
 7.29000000e+00    2.09771043e+00    1.77759553e-01    1.87575516e+17
 7.29500000e+00    2.09470744e+00    1.78074670e-01    1.87474425e+17
 7.30000000e+00    2.09170483e+00    1.78390050e-01    1.87373310e+17
 7.30500000e+00    2.08870262e+00    1.78705692e-01    1.87272173e+17
 7.31000000e+00    2.08570081e+00    1.79021595e-01    1.87171020e+17
 7.31500000e+00    2.08269939e+00    1.79337760e-01    1.87069853e+17
 7.32000000e+00    2.07969837e+00    1.79654187e-01    1.86968675e+17
 7.32500000e+00    2.07669776e+00    1.79970874e-01    1.86867491e+17
 7.33000000e+00    2.07369755e+00    1.80287823e-01    1.86766304e+17
 7.33500000e+00    2.07069776e+00    1.80605032e-01    1.86665117e+17
 7.34000000e+00    2.06769837e+00    1.80922502e-01    1.86563934e+17
 7.34500000e+00    2.06469941e+00    1.81240232e-01    1.86462759e+17
 7.35000000e+00    2.06170086e+00    1.81558223e-01    1.86361594e+17
 7.35500000e+00    2.05870274e+00    1.81876473e-01    1.86260444e+17
 7.36000000e+00    2.05570504e+00    1.82194984e-01    1.86159312e+17
 7.36500000e+00    2.05270777e+00    1.82513755e-01    1.86058201e+17
 7.37000000e+00    2.04971093e+00    1.82832785e-01    1.85957116e+17
 7.37500000e+00    2.04671452e+00    1.83152075e-01    1.85856058e+17
 7.38000000e+00    2.04371855e+00    1.83471624e-01    1.85755033e+17
 7.38500000e+00    2.04072301e+00    1.83791433e-01    1.85654044e+17
 7.39000000e+00    2.03772792e+00    1.84111501e-01    1.85553093e+17
 7.39500000e+00    2.03473327e+00    1.84431828e-01    1.85452184e+17
 7.40000000e+00    2.03173906e+00    1.84752414e-01    1.85351317e+17
 7.40500000e+00    2.02874530e+00    1.85073259e-01    1.85250486e+17
 7.41000000e+00    2.02575199e+00    1.85394362e-01    1.85149686e+17
 7.41500000e+00    2.02275914e+00    1.85715725e-01    1.85048915e+17
 7.42000000e+00    2.01976673e+00    1.86037346e-01    1.84948165e+17
 7.42500000e+00    2.01677479e+00    1.86359225e-01    1.84847434e+17
 7.43000000e+00    2.01378331e+00    1.86681362e-01    1.84746716e+17
 7.43500000e+00    2.01079229e+00    1.87003758e-01    1.84646006e+17
 7.44000000e+00    2.00780173e+00    1.87326411e-01    1.84545301e+17
 7.44500000e+00    2.00481165e+00    1.87649322e-01    1.84444596e+17
 7.45000000e+00    2.00182204e+00    1.87972491e-01    1.84343885e+17
 7.45500000e+00    1.99883290e+00    1.88295917e-01    1.84243164e+17
 7.46000000e+00    1.99584424e+00    1.88619600e-01    1.84142430e+17
 7.46500000e+00    1.99285606e+00    1.88943540e-01    1.84041676e+17
 7.47000000e+00    1.98986837e+00    1.89267737e-01    1.83940899e+17
 7.47500000e+00    1.98688117e+00    1.89592190e-01    1.83840094e+17
 7.48000000e+00    1.98389446e+00    1.89916899e-01    1.83739257e+17
 7.48500000e+00    1.98090824e+00    1.90241864e-01    1.83638382e+17
 7.49000000e+00    1.97792252e+00    1.90567085e-01    1.83537466e+17
 7.49500000e+00    1.97493730e+00    1.90892562e-01    1.83436504e+17
 7.50000000e+00    1.97195259e+00    1.91218294e-01    1.83335491e+17
 7.50500000e+00    1.96896839e+00    1.91544280e-01    1.83234423e+17
 7.51000000e+00    1.96598471e+00    1.91870521e-01    1.83133295e+17
 7.51500000e+00    1.96300154e+00    1.92197017e-01    1.83032103e+17
 7.52000000e+00    1.96001889e+00    1.92523766e-01    1.82930842e+17
 7.52500000e+00    1.95703677e+00    1.92850769e-01    1.82829509e+17
 7.53000000e+00    1.95405518e+00    1.93178026e-01    1.82728102e+17
 7.53500000e+00    1.95107412e+00    1.93505535e-01    1.82626621e+17
 7.54000000e+00    1.94809360e+00    1.93833297e-01    1.82525067e+17
 7.54500000e+00    1.94511362e+00    1.94161312e-01    1.82423440e+17
 7.55000000e+00    1.94213419e+00    1.94489578e-01    1.82321738e+17
 7.55500000e+00    1.93915531e+00    1.94818097e-01    1.82219963e+17
 7.56000000e+00    1.93617699e+00    1.95146866e-01    1.82118114e+17
 7.56500000e+00    1.93319922e+00    1.95475887e-01    1.82016192e+17
 7.57000000e+00    1.93022201e+00    1.95805158e-01    1.81914196e+17
 7.57500000e+00    1.92724538e+00    1.96134680e-01    1.81812127e+17
 7.58000000e+00    1.92426931e+00    1.96464452e-01    1.81709984e+17
 7.58500000e+00    1.92129382e+00    1.96794473e-01    1.81607767e+17
 7.59000000e+00    1.91831891e+00    1.97124744e-01    1.81505477e+17
 7.59500000e+00    1.91534458e+00    1.97455264e-01    1.81403113e+17
 7.60000000e+00    1.91237084e+00    1.97786033e-01    1.81300676e+17
 7.60500000e+00    1.90939769e+00    1.98117050e-01    1.81198165e+17
 7.61000000e+00    1.90642514e+00    1.98448315e-01    1.81095580e+17
 7.61500000e+00    1.90345319e+00    1.98779828e-01    1.80992923e+17
 7.62000000e+00    1.90048184e+00    1.99111588e-01    1.80890191e+17
 7.62500000e+00    1.89751110e+00    1.99443595e-01    1.80787386e+17
 7.63000000e+00    1.89454097e+00    1.99775848e-01    1.80684508e+17
 7.63500000e+00    1.89157146e+00    2.00108348e-01    1.80581556e+17
 7.64000000e+00    1.88860257e+00    2.00441094e-01    1.80478530e+17
 7.64500000e+00    1.88563430e+00    2.00774086e-01    1.80375431e+17
 7.65000000e+00    1.88266666e+00    2.01107323e-01    1.80272259e+17
 7.65500000e+00    1.87969966e+00    2.01440804e-01    1.80169013e+17
 7.66000000e+00    1.87673329e+00    2.01774531e-01    1.80065694e+17
 7.66500000e+00    1.87376756e+00    2.02108501e-01    1.79962301e+17
 7.67000000e+00    1.87080248e+00    2.02442716e-01    1.79858835e+17
 7.67500000e+00    1.86783805e+00    2.02777173e-01    1.79755295e+17
 7.68000000e+00    1.86487427e+00    2.03111874e-01    1.79651681e+17
 7.68500000e+00    1.86191115e+00    2.03446818e-01    1.79547994e+17
 7.69000000e+00    1.85894870e+00    2.03782004e-01    1.79444232e+17
 7.69500000e+00    1.85598690e+00    2.04117433e-01    1.79340397e+17
 7.70000000e+00    1.85302578e+00    2.04453103e-01    1.79236488e+17
 7.70500000e+00    1.85006533e+00    2.04789014e-01    1.79132505e+17
 7.71000000e+00    1.84710556e+00    2.05125166e-01    1.79028448e+17
 7.71500000e+00    1.84414648e+00    2.05461559e-01    1.78924317e+17
 7.72000000e+00    1.84118808e+00    2.05798192e-01    1.78820112e+17
 7.72500000e+00    1.83823037e+00    2.06135066e-01    1.78715833e+17
 7.73000000e+00    1.83527335e+00    2.06472178e-01    1.78611479e+17
 7.73500000e+00    1.83231704e+00    2.06809530e-01    1.78507052e+17
 7.74000000e+00    1.82936142e+00    2.07147121e-01    1.78402550e+17
 7.74500000e+00    1.82640652e+00    2.07484950e-01    1.78297974e+17
 7.75000000e+00    1.82345233e+00    2.07823017e-01    1.78193323e+17
 7.75500000e+00    1.82049885e+00    2.08161322e-01    1.78088599e+17
 7.76000000e+00    1.81754609e+00    2.08499864e-01    1.77983799e+17
 7.76500000e+00    1.81459406e+00    2.08838643e-01    1.77878926e+17
 7.77000000e+00    1.81164275e+00    2.09177659e-01    1.77773978e+17
 7.77500000e+00    1.80869217e+00    2.09516910e-01    1.77668955e+17
 7.78000000e+00    1.80574234e+00    2.09856398e-01    1.77563858e+17
 7.78500000e+00    1.80279324e+00    2.10196121e-01    1.77458687e+17
 7.79000000e+00    1.79984489e+00    2.10536079e-01    1.77353440e+17
 7.79500000e+00    1.79689728e+00    2.10876272e-01    1.77248119e+17
 7.80000000e+00    1.79395043e+00    2.11216699e-01    1.77142724e+17
 7.80500000e+00    1.79100434e+00    2.11557360e-01    1.77037253e+17
 7.81000000e+00    1.78805900e+00    2.11898254e-01    1.76931708e+17
 7.81500000e+00    1.78511444e+00    2.12239382e-01    1.76826088e+17
 7.82000000e+00    1.78217064e+00    2.12580742e-01    1.76720393e+17
 7.82500000e+00    1.77922761e+00    2.12922335e-01    1.76614624e+17
 7.83000000e+00    1.77628537e+00    2.13264160e-01    1.76508779e+17
 7.83500000e+00    1.77334390e+00    2.13606216e-01    1.76402859e+17
 7.84000000e+00    1.77040322e+00    2.13948504e-01    1.76296864e+17
 7.84500000e+00    1.76746333e+00    2.14291022e-01    1.76190794e+17
 7.85000000e+00    1.76452424e+00    2.14633771e-01    1.76084649e+17
 7.85500000e+00    1.76158594e+00    2.14976750e-01    1.75978429e+17
 7.86000000e+00    1.75864845e+00    2.15319958e-01    1.75872134e+17
 7.86500000e+00    1.75571176e+00    2.15663396e-01    1.75765764e+17
 7.87000000e+00    1.75277589e+00    2.16007062e-01    1.75659318e+17
 7.87500000e+00    1.74984083e+00    2.16350957e-01    1.75552797e+17
 7.88000000e+00    1.74690659e+00    2.16695080e-01    1.75446201e+17
 7.88500000e+00    1.74397317e+00    2.17039430e-01    1.75339529e+17
 7.89000000e+00    1.74104058e+00    2.17384008e-01    1.75232782e+17
 7.89500000e+00    1.73810882e+00    2.17728812e-01    1.75125960e+17
 7.90000000e+00    1.73517790e+00    2.18073843e-01    1.75019062e+17
 7.90500000e+00    1.73224782e+00    2.18419100e-01    1.74912089e+17
 7.91000000e+00    1.72931858e+00    2.18764583e-01    1.74805041e+17
 7.91500000e+00    1.72639019e+00    2.19110291e-01    1.74697917e+17
 7.92000000e+00    1.72346265e+00    2.19456223e-01    1.74590717e+17
 7.92500000e+00    1.72053597e+00    2.19802380e-01    1.74483441e+17
 7.93000000e+00    1.71761015e+00    2.20148761e-01    1.74376090e+17
 7.93500000e+00    1.71468519e+00    2.20495365e-01    1.74268663e+17
 7.94000000e+00    1.71176111e+00    2.20842193e-01    1.74161160e+17
 7.94500000e+00    1.70883789e+00    2.21189243e-01    1.74053582e+17
 7.95000000e+00    1.70591556e+00    2.21536516e-01    1.73945927e+17
 7.95500000e+00    1.70299410e+00    2.21884010e-01    1.73838197e+17
 7.96000000e+00    1.70007354e+00    2.22231726e-01    1.73730390e+17
 7.96500000e+00    1.69715386e+00    2.22579663e-01    1.73622508e+17
 7.97000000e+00    1.69423507e+00    2.22927821e-01    1.73514549e+17
 7.97500000e+00    1.69131719e+00    2.23276199e-01    1.73406514e+17
 7.98000000e+00    1.68840020e+00    2.23624797e-01    1.73298403e+17
 7.98500000e+00    1.68548413e+00    2.23973614e-01    1.73190216e+17
 7.99000000e+00    1.68256896e+00    2.24322650e-01    1.73081952e+17
 7.99500000e+00    1.67965471e+00    2.24671904e-01    1.72973613e+17
 8.00000000e+00    1.67674137e+00    2.25021377e-01    1.72865197e+17
 8.00500000e+00    1.67382896e+00    2.25371067e-01    1.72756704e+17
 8.01000000e+00    1.67091748e+00    2.25720974e-01    1.72648136e+17
 8.01500000e+00    1.66800693e+00    2.26071098e-01    1.72539490e+17
 8.02000000e+00    1.66509732e+00    2.26421439e-01    1.72430769e+17
 8.02500000e+00    1.66218864e+00    2.26771995e-01    1.72321971e+17
 8.03000000e+00    1.65928091e+00    2.27122767e-01    1.72213096e+17
 8.03500000e+00    1.65637413e+00    2.27473755e-01    1.72104144e+17
 8.04000000e+00    1.65346830e+00    2.27824956e-01    1.71995116e+17
 8.04500000e+00    1.65056342e+00    2.28176372e-01    1.71886011e+17
 8.05000000e+00    1.64765951e+00    2.28528002e-01    1.71776830e+17
 8.05500000e+00    1.64475656e+00    2.28879844e-01    1.71667571e+17
 8.06000000e+00    1.64185458e+00    2.29231900e-01    1.71558236e+17
 8.06500000e+00    1.63895357e+00    2.29584168e-01    1.71448823e+17
 8.07000000e+00    1.63605354e+00    2.29936648e-01    1.71339334e+17
 8.07500000e+00    1.63315450e+00    2.30289340e-01    1.71229768e+17
 8.08000000e+00    1.63025643e+00    2.30642243e-01    1.71120124e+17
 8.08500000e+00    1.62735936e+00    2.30995356e-01    1.71010403e+17
 8.09000000e+00    1.62446328e+00    2.31348679e-01    1.70900605e+17
 8.09500000e+00    1.62156820e+00    2.31702213e-01    1.70790730e+17
 8.10000000e+00    1.61867412e+00    2.32055955e-01    1.70680777e+17
 8.10500000e+00    1.61578105e+00    2.32409906e-01    1.70570748e+17
 8.11000000e+00    1.61288899e+00    2.32764066e-01    1.70460640e+17
 8.11500000e+00    1.60999794e+00    2.33118434e-01    1.70350456e+17
 8.12000000e+00    1.60710792e+00    2.33473009e-01    1.70240194e+17
 8.12500000e+00    1.60421891e+00    2.33827791e-01    1.70129854e+17
 8.13000000e+00    1.60133094e+00    2.34182779e-01    1.70019437e+17
 8.13500000e+00    1.59844399e+00    2.34537974e-01    1.69908942e+17
 8.14000000e+00    1.59555808e+00    2.34893374e-01    1.69798370e+17
 8.14500000e+00    1.59267321e+00    2.35248980e-01    1.69687720e+17
 8.15000000e+00    1.58978939e+00    2.35604790e-01    1.69576992e+17
 8.15500000e+00    1.58690661e+00    2.35960804e-01    1.69466187e+17
 8.16000000e+00    1.58402488e+00    2.36317022e-01    1.69355303e+17
 8.16500000e+00    1.58114422e+00    2.36673443e-01    1.69244342e+17
 8.17000000e+00    1.57826461e+00    2.37030068e-01    1.69133302e+17
 8.17500000e+00    1.57538606e+00    2.37386894e-01    1.69022185e+17
 8.18000000e+00    1.57250859e+00    2.37743922e-01    1.68910989e+17
 8.18500000e+00    1.56963219e+00    2.38101152e-01    1.68799715e+17
 8.19000000e+00    1.56675687e+00    2.38458583e-01    1.68688363e+17
 8.19500000e+00    1.56388262e+00    2.38816214e-01    1.68576933e+17
 8.20000000e+00    1.56100947e+00    2.39174045e-01    1.68465424e+17
 8.20500000e+00    1.55813740e+00    2.39532076e-01    1.68353837e+17
 8.21000000e+00    1.55526643e+00    2.39890306e-01    1.68242172e+17
 8.21500000e+00    1.55239656e+00    2.40248734e-01    1.68130428e+17
 8.22000000e+00    1.54952778e+00    2.40607360e-01    1.68018605e+17
 8.22500000e+00    1.54666012e+00    2.40966184e-01    1.67906704e+17
 8.23000000e+00    1.54379356e+00    2.41325205e-01    1.67794724e+17
 8.23500000e+00    1.54092813e+00    2.41684423e-01    1.67682666e+17
 8.24000000e+00    1.53806381e+00    2.42043836e-01    1.67570529e+17
 8.24500000e+00    1.53520061e+00    2.42403446e-01    1.67458313e+17
 8.25000000e+00    1.53233854e+00    2.42763250e-01    1.67346018e+17
 8.25500000e+00    1.52947760e+00    2.43123249e-01    1.67233644e+17
 8.26000000e+00    1.52661780e+00    2.43483442e-01    1.67121192e+17
 8.26500000e+00    1.52375914e+00    2.43843829e-01    1.67008660e+17
 8.27000000e+00    1.52090162e+00    2.44204410e-01    1.66896049e+17
 8.27500000e+00    1.51804525e+00    2.44565182e-01    1.66783360e+17
 8.28000000e+00    1.51519003e+00    2.44926147e-01    1.66670591e+17
 8.28500000e+00    1.51233597e+00    2.45287304e-01    1.66557742e+17
 8.29000000e+00    1.50948308e+00    2.45648652e-01    1.66444815e+17
 8.29500000e+00    1.50663134e+00    2.46010190e-01    1.66331808e+17
 8.30000000e+00    1.50378078e+00    2.46371919e-01    1.66218721e+17
 8.30500000e+00    1.50093139e+00    2.46733838e-01    1.66105555e+17
 8.31000000e+00    1.49808317e+00    2.47095945e-01    1.65992309e+17
 8.31500000e+00    1.49523614e+00    2.47458241e-01    1.65878984e+17
 8.32000000e+00    1.49239029e+00    2.47820726e-01    1.65765579e+17
 8.32500000e+00    1.48954564e+00    2.48183398e-01    1.65652094e+17
 8.33000000e+00    1.48670218e+00    2.48546257e-01    1.65538529e+17
 8.33500000e+00    1.48385991e+00    2.48909303e-01    1.65424884e+17
 8.34000000e+00    1.48101885e+00    2.49272535e-01    1.65311160e+17
 8.34500000e+00    1.47817900e+00    2.49635952e-01    1.65197355e+17
 8.35000000e+00    1.47534036e+00    2.49999555e-01    1.65083471e+17
 8.35500000e+00    1.47250293e+00    2.50363342e-01    1.64969506e+17
 8.36000000e+00    1.46966672e+00    2.50727314e-01    1.64855461e+17
 8.36500000e+00    1.46683174e+00    2.51091468e-01    1.64741336e+17
 8.37000000e+00    1.46399798e+00    2.51455806e-01    1.64627131e+17
 8.37500000e+00    1.46116546e+00    2.51820327e-01    1.64512846e+17
 8.38000000e+00    1.45833417e+00    2.52185029e-01    1.64398480e+17
 8.38500000e+00    1.45550412e+00    2.52549913e-01    1.64284033e+17
 8.39000000e+00    1.45267532e+00    2.52914977e-01    1.64169506e+17
 8.39500000e+00    1.44984776e+00    2.53280222e-01    1.64054899e+17
 8.40000000e+00    1.44702146e+00    2.53645647e-01    1.63940210e+17
 8.40500000e+00    1.44419641e+00    2.54011252e-01    1.63825441e+17
 8.41000000e+00    1.44137263e+00    2.54377035e-01    1.63710591e+17
 8.41500000e+00    1.43855011e+00    2.54742996e-01    1.63595660e+17
 8.42000000e+00    1.43572886e+00    2.55109135e-01    1.63480648e+17
 8.42500000e+00    1.43290889e+00    2.55475452e-01    1.63365555e+17
 8.43000000e+00    1.43009019e+00    2.55841945e-01    1.63250381e+17
 8.43500000e+00    1.42727277e+00    2.56208614e-01    1.63135125e+17
 8.44000000e+00    1.42445664e+00    2.56575459e-01    1.63019788e+17
 8.44500000e+00    1.42164181e+00    2.56942479e-01    1.62904370e+17
 8.45000000e+00    1.41882826e+00    2.57309673e-01    1.62788871e+17
 8.45500000e+00    1.41601602e+00    2.57677041e-01    1.62673290e+17
 8.46000000e+00    1.41320508e+00    2.58044583e-01    1.62557627e+17
 8.46500000e+00    1.41039544e+00    2.58412298e-01    1.62441883e+17
 8.47000000e+00    1.40758712e+00    2.58780185e-01    1.62326057e+17
 8.47500000e+00    1.40478011e+00    2.59148243e-01    1.62210150e+17
 8.48000000e+00    1.40197442e+00    2.59516473e-01    1.62094161e+17
 8.48500000e+00    1.39917006e+00    2.59884874e-01    1.61978090e+17
 8.49000000e+00    1.39636702e+00    2.60253445e-01    1.61861937e+17
 8.49500000e+00    1.39356532e+00    2.60622185e-01    1.61745702e+17
 8.50000000e+00    1.39076495e+00    2.60991095e-01    1.61629385e+17
 8.50500000e+00    1.38796593e+00    2.61360172e-01    1.61512985e+17
 8.51000000e+00    1.38516824e+00    2.61729418e-01    1.61396504e+17
 8.51500000e+00    1.38237191e+00    2.62098831e-01    1.61279940e+17
 8.52000000e+00    1.37957693e+00    2.62468411e-01    1.61163293e+17
 8.52500000e+00    1.37678331e+00    2.62838157e-01    1.61046564e+17
 8.53000000e+00    1.37399105e+00    2.63208069e-01    1.60929753e+17
 8.53500000e+00    1.37120016e+00    2.63578146e-01    1.60812859e+17
 8.54000000e+00    1.36841063e+00    2.63948388e-01    1.60695882e+17
 8.54500000e+00    1.36562248e+00    2.64318793e-01    1.60578822e+17
 8.55000000e+00    1.36283571e+00    2.64689362e-01    1.60461680e+17
 8.55500000e+00    1.36005032e+00    2.65060094e-01    1.60344454e+17
 8.56000000e+00    1.35726632e+00    2.65430987e-01    1.60227145e+17
 8.56500000e+00    1.35448371e+00    2.65802043e-01    1.60109754e+17
 8.57000000e+00    1.35170249e+00    2.66173260e-01    1.59992279e+17
 8.57500000e+00    1.34892267e+00    2.66544637e-01    1.59874721e+17
 8.58000000e+00    1.34614426e+00    2.66916174e-01    1.59757080e+17
 8.58500000e+00    1.34336725e+00    2.67287871e-01    1.59639356e+17
 8.59000000e+00    1.34059166e+00    2.67659726e-01    1.59521548e+17
 8.59500000e+00    1.33781748e+00    2.68031740e-01    1.59403657e+17
 8.60000000e+00    1.33504472e+00    2.68403911e-01    1.59285682e+17
 8.60500000e+00    1.33227339e+00    2.68776239e-01    1.59167623e+17
 8.61000000e+00    1.32950348e+00    2.69148724e-01    1.59049481e+17
 8.61500000e+00    1.32673501e+00    2.69521364e-01    1.58931255e+17
 8.62000000e+00    1.32396797e+00    2.69894160e-01    1.58812945e+17
 8.62500000e+00    1.32120238e+00    2.70267110e-01    1.58694550e+17
 8.63000000e+00    1.31843823e+00    2.70640215e-01    1.58576072e+17
 8.63500000e+00    1.31567553e+00    2.71013473e-01    1.58457509e+17
 8.64000000e+00    1.31291428e+00    2.71386884e-01    1.58338862e+17
 8.64500000e+00    1.31015450e+00    2.71760448e-01    1.58220131e+17
 8.65000000e+00    1.30739617e+00    2.72134163e-01    1.58101315e+17
 8.65500000e+00    1.30463931e+00    2.72508029e-01    1.57982414e+17
 8.66000000e+00    1.30188392e+00    2.72882046e-01    1.57863429e+17
 8.66500000e+00    1.29913001e+00    2.73256212e-01    1.57744359e+17
 8.67000000e+00    1.29637757e+00    2.73630528e-01    1.57625204e+17
 8.67500000e+00    1.29362662e+00    2.74004993e-01    1.57505965e+17
 8.68000000e+00    1.29087715e+00    2.74379605e-01    1.57386640e+17
 8.68500000e+00    1.28812918e+00    2.74754366e-01    1.57267230e+17
 8.69000000e+00    1.28538270e+00    2.75129273e-01    1.57147736e+17
 8.69500000e+00    1.28263772e+00    2.75504326e-01    1.57028156e+17
 8.70000000e+00    1.27989425e+00    2.75879525e-01    1.56908490e+17
 8.70500000e+00    1.27715228e+00    2.76254869e-01    1.56788740e+17
 8.71000000e+00    1.27441183e+00    2.76630358e-01    1.56668904e+17
 8.71500000e+00    1.27167289e+00    2.77005990e-01    1.56548982e+17
 8.72000000e+00    1.26893547e+00    2.77381766e-01    1.56428975e+17
 8.72500000e+00    1.26619958e+00    2.77757684e-01    1.56308882e+17
 8.73000000e+00    1.26346522e+00    2.78133744e-01    1.56188702e+17
 8.73500000e+00    1.26073239e+00    2.78509945e-01    1.56068437e+17
 8.74000000e+00    1.25800109e+00    2.78886287e-01    1.55948086e+17
 8.74500000e+00    1.25527134e+00    2.79262770e-01    1.55827648e+17
 8.75000000e+00    1.25254314e+00    2.79639391e-01    1.55707125e+17
 8.75500000e+00    1.24981648e+00    2.80016152e-01    1.55586514e+17
 8.76000000e+00    1.24709138e+00    2.80393050e-01    1.55465818e+17
 8.76500000e+00    1.24436784e+00    2.80770086e-01    1.55345034e+17
 8.77000000e+00    1.24164586e+00    2.81147260e-01    1.55224164e+17
 8.77500000e+00    1.23892545e+00    2.81524569e-01    1.55103208e+17
 8.78000000e+00    1.23620661e+00    2.81902014e-01    1.54982164e+17
 8.78500000e+00    1.23348934e+00    2.82279594e-01    1.54861034e+17
 8.79000000e+00    1.23077365e+00    2.82657309e-01    1.54739817e+17
 8.79500000e+00    1.22805955e+00    2.83035157e-01    1.54618512e+17
 8.80000000e+00    1.22534703e+00    2.83413138e-01    1.54497121e+17
 8.80500000e+00    1.22263611e+00    2.83791252e-01    1.54375642e+17
 8.81000000e+00    1.21992678e+00    2.84169498e-01    1.54254076e+17
 8.81500000e+00    1.21721905e+00    2.84547874e-01    1.54132422e+17
 8.82000000e+00    1.21451293e+00    2.84926382e-01    1.54010681e+17
 8.82500000e+00    1.21180841e+00    2.85305019e-01    1.53888852e+17
 8.83000000e+00    1.20910551e+00    2.85683785e-01    1.53766936e+17
 8.83500000e+00    1.20640423e+00    2.86062680e-01    1.53644931e+17
 8.84000000e+00    1.20370456e+00    2.86441703e-01    1.53522838e+17
 8.84500000e+00    1.20100652e+00    2.86820853e-01    1.53400658e+17
 8.85000000e+00    1.19831012e+00    2.87200130e-01    1.53278388e+17
 8.85500000e+00    1.19561534e+00    2.87579532e-01    1.53156031e+17
 8.86000000e+00    1.19292221e+00    2.87959060e-01    1.53033585e+17
 8.86500000e+00    1.19023071e+00    2.88338712e-01    1.52911050e+17
 8.87000000e+00    1.18754086e+00    2.88718489e-01    1.52788426e+17
 8.87500000e+00    1.18485267e+00    2.89098388e-01    1.52665714e+17
 8.88000000e+00    1.18216612e+00    2.89478410e-01    1.52542913e+17
 8.88500000e+00    1.17948124e+00    2.89858555e-01    1.52420023e+17
 8.89000000e+00    1.17679802e+00    2.90238820e-01    1.52297044e+17
 8.89500000e+00    1.17411647e+00    2.90619206e-01    1.52173975e+17
 8.90000000e+00    1.17143658e+00    2.90999712e-01    1.52050818e+17
 8.90500000e+00    1.16875838e+00    2.91380337e-01    1.51927571e+17
 8.91000000e+00    1.16608185e+00    2.91761081e-01    1.51804234e+17
 8.91500000e+00    1.16340701e+00    2.92141943e-01    1.51680808e+17
 8.92000000e+00    1.16073386e+00    2.92522921e-01    1.51557293e+17
 8.92500000e+00    1.15806240e+00    2.92904017e-01    1.51433687e+17
 8.93000000e+00    1.15539263e+00    2.93285228e-01    1.51309992e+17
 8.93500000e+00    1.15272457e+00    2.93666554e-01    1.51186206e+17
 8.94000000e+00    1.15005821e+00    2.94047995e-01    1.51062330e+17
 8.94500000e+00    1.14739356e+00    2.94429550e-01    1.50938364e+17
 8.95000000e+00    1.14473063e+00    2.94811217e-01    1.50814307e+17
 8.95500000e+00    1.14206941e+00    2.95192997e-01    1.50690160e+17
 8.96000000e+00    1.13940992e+00    2.95574889e-01    1.50565922e+17
 8.96500000e+00    1.13675215e+00    2.95956892e-01    1.50441593e+17
 8.97000000e+00    1.13409611e+00    2.96339005e-01    1.50317173e+17
 8.97500000e+00    1.13144180e+00    2.96721228e-01    1.50192662e+17
 8.98000000e+00    1.12878923e+00    2.97103559e-01    1.50068060e+17
 8.98500000e+00    1.12613841e+00    2.97485999e-01    1.49943366e+17
 8.99000000e+00    1.12348934e+00    2.97868546e-01    1.49818581e+17
 8.99500000e+00    1.12084201e+00    2.98251200e-01    1.49693705e+17
 9.00000000e+00    1.11819644e+00    2.98633961e-01    1.49568737e+17
 9.00500000e+00    1.11555263e+00    2.99016826e-01    1.49443678e+17
 9.01000000e+00    1.11291058e+00    2.99399796e-01    1.49318527e+17
 9.01500000e+00    1.11027031e+00    2.99782871e-01    1.49193284e+17
 9.02000000e+00    1.10763180e+00    3.00166048e-01    1.49067949e+17
 9.02500000e+00    1.10499507e+00    3.00549328e-01    1.48942522e+17
 9.03000000e+00    1.10236012e+00    3.00932710e-01    1.48817002e+17
 9.03500000e+00    1.09972696e+00    3.01316193e-01    1.48691390e+17
 9.04000000e+00    1.09709558e+00    3.01699776e-01    1.48565685e+17
 9.04500000e+00    1.09446600e+00    3.02083459e-01    1.48439888e+17
 9.05000000e+00    1.09183821e+00    3.02467241e-01    1.48313997e+17
 9.05500000e+00    1.08921223e+00    3.02851121e-01    1.48188014e+17
 9.06000000e+00    1.08658805e+00    3.03235098e-01    1.48061937e+17
 9.06500000e+00    1.08396569e+00    3.03619173e-01    1.47935767e+17
 9.07000000e+00    1.08134513e+00    3.04003343e-01    1.47809503e+17
 9.07500000e+00    1.07872640e+00    3.04387608e-01    1.47683146e+17
 9.08000000e+00    1.07610949e+00    3.04771968e-01    1.47556695e+17
 9.08500000e+00    1.07349440e+00    3.05156422e-01    1.47430150e+17
 9.09000000e+00    1.07088115e+00    3.05540969e-01    1.47303512e+17
 9.09500000e+00    1.06826973e+00    3.05925609e-01    1.47176779e+17
 9.10000000e+00    1.06566015e+00    3.06310340e-01    1.47049952e+17
 9.10500000e+00    1.06305241e+00    3.06695161e-01    1.46923031e+17
 9.11000000e+00    1.06044652e+00    3.07080073e-01    1.46796015e+17
 9.11500000e+00    1.05784249e+00    3.07465074e-01    1.46668905e+17
 9.12000000e+00    1.05524031e+00    3.07850164e-01    1.46541700e+17
 9.12500000e+00    1.05263999e+00    3.08235342e-01    1.46414401e+17
 9.13000000e+00    1.05004153e+00    3.08620607e-01    1.46287006e+17
 9.13500000e+00    1.04744494e+00    3.09005958e-01    1.46159516e+17
 9.14000000e+00    1.04485023e+00    3.09391395e-01    1.46031931e+17
 9.14500000e+00    1.04225739e+00    3.09776916e-01    1.45904250e+17
 9.15000000e+00    1.03966644e+00    3.10162522e-01    1.45776474e+17
 9.15500000e+00    1.03707737e+00    3.10548211e-01    1.45648601e+17
 9.16000000e+00    1.03449019e+00    3.10933982e-01    1.45520633e+17
 9.16500000e+00    1.03190490e+00    3.11319836e-01    1.45392568e+17
 9.17000000e+00    1.02932152e+00    3.11705770e-01    1.45264408e+17
 9.17500000e+00    1.02674003e+00    3.12091785e-01    1.45136150e+17
 9.18000000e+00    1.02416045e+00    3.12477879e-01    1.45007796e+17
 9.18500000e+00    1.02158278e+00    3.12864051e-01    1.44879346e+17
 9.19000000e+00    1.01900703e+00    3.13250302e-01    1.44750799e+17
 9.19500000e+00    1.01643320e+00    3.13636630e-01    1.44622154e+17
 9.20000000e+00    1.01386129e+00    3.14023034e-01    1.44493413e+17
 9.20500000e+00    1.01129130e+00    3.14409514e-01    1.44364575e+17
 9.21000000e+00    1.00872325e+00    3.14796069e-01    1.44235639e+17
 9.21500000e+00    1.00615714e+00    3.15182698e-01    1.44106606e+17
 9.22000000e+00    1.00359296e+00    3.15569400e-01    1.43977475e+17
 9.22500000e+00    1.00103073e+00    3.15956174e-01    1.43848246e+17
 9.23000000e+00    9.98470453e-01    3.16343020e-01    1.43718919e+17
 9.23500000e+00    9.95912124e-01    3.16729937e-01    1.43589495e+17
 9.24000000e+00    9.93355753e-01    3.17116924e-01    1.43459971e+17
 9.24500000e+00    9.90801343e-01    3.17503981e-01    1.43330350e+17
 9.25000000e+00    9.88248898e-01    3.17891105e-01    1.43200629e+17
 9.25500000e+00    9.85698423e-01    3.18278298e-01    1.43070809e+17
 9.26000000e+00    9.83149922e-01    3.18665558e-01    1.42940891e+17
 9.26500000e+00    9.80603399e-01    3.19052883e-01    1.42810873e+17
 9.27000000e+00    9.78058858e-01    3.19440274e-01    1.42680756e+17
 9.27500000e+00    9.75516304e-01    3.19827729e-01    1.42550539e+17
 9.28000000e+00    9.72975741e-01    3.20215248e-01    1.42420223e+17
 9.28500000e+00    9.70437173e-01    3.20602830e-01    1.42289806e+17
 9.29000000e+00    9.67900603e-01    3.20990474e-01    1.42159290e+17
 9.29500000e+00    9.65366038e-01    3.21378180e-01    1.42028673e+17
 9.30000000e+00    9.62833479e-01    3.21765945e-01    1.41897957e+17
 9.30500000e+00    9.60302933e-01    3.22153770e-01    1.41767140e+17
 9.31000000e+00    9.57774403e-01    3.22541654e-01    1.41636222e+17
 9.31500000e+00    9.55247893e-01    3.22929596e-01    1.41505204e+17
 9.32000000e+00    9.52723407e-01    3.23317596e-01    1.41374085e+17
 9.32500000e+00    9.50200950e-01    3.23705651e-01    1.41242865e+17
 9.33000000e+00    9.47680526e-01    3.24093762e-01    1.41111543e+17
 9.33500000e+00    9.45162139e-01    3.24481928e-01    1.40980120e+17
 9.34000000e+00    9.42645793e-01    3.24870147e-01    1.40848595e+17
 9.34500000e+00    9.40131493e-01    3.25258420e-01    1.40716968e+17
 9.35000000e+00    9.37619243e-01    3.25646744e-01    1.40585239e+17
 9.35500000e+00    9.35109046e-01    3.26035120e-01    1.40453408e+17
 9.36000000e+00    9.32600908e-01    3.26423547e-01    1.40321474e+17
 9.36500000e+00    9.30094832e-01    3.26812023e-01    1.40189437e+17
 9.37000000e+00    9.27590823e-01    3.27200547e-01    1.40057298e+17
 9.37500000e+00    9.25088884e-01    3.27589120e-01    1.39925055e+17
 9.38000000e+00    9.22589021e-01    3.27977740e-01    1.39792709e+17
 9.38500000e+00    9.20091237e-01    3.28366406e-01    1.39660260e+17
 9.39000000e+00    9.17595537e-01    3.28755118e-01    1.39527707e+17
 9.39500000e+00    9.15101924e-01    3.29143874e-01    1.39395050e+17
 9.40000000e+00    9.12610403e-01    3.29532674e-01    1.39262290e+17
 9.40500000e+00    9.10120979e-01    3.29921516e-01    1.39129425e+17
 9.41000000e+00    9.07633655e-01    3.30310401e-01    1.38996457e+17
 9.41500000e+00    9.05148435e-01    3.30699326e-01    1.38863384e+17
 9.42000000e+00    9.02665325e-01    3.31088292e-01    1.38730206e+17
 9.42500000e+00    9.00184327e-01    3.31477298e-01    1.38596923e+17
 9.43000000e+00    8.97705447e-01    3.31866341e-01    1.38463536e+17
 9.43500000e+00    8.95228688e-01    3.32255423e-01    1.38330042e+17
 9.44000000e+00    8.92754056e-01    3.32644541e-01    1.38196444e+17
 9.44500000e+00    8.90281553e-01    3.33033695e-01    1.38062739e+17
 9.45000000e+00    8.87811184e-01    3.33422884e-01    1.37928929e+17
 9.45500000e+00    8.85342954e-01    3.33812107e-01    1.37795012e+17
 9.46000000e+00    8.82876867e-01    3.34201364e-01    1.37660989e+17
 9.46500000e+00    8.80412926e-01    3.34590652e-01    1.37526859e+17
 9.47000000e+00    8.77951137e-01    3.34979973e-01    1.37392622e+17
 9.47500000e+00    8.75491503e-01    3.35369323e-01    1.37258278e+17
 9.48000000e+00    8.73034029e-01    3.35758704e-01    1.37123828e+17
 9.48500000e+00    8.70578719e-01    3.36148113e-01    1.36989269e+17
 9.49000000e+00    8.68125577e-01    3.36537550e-01    1.36854604e+17
 9.49500000e+00    8.65674607e-01    3.36927015e-01    1.36719830e+17
 9.50000000e+00    8.63225814e-01    3.37316505e-01    1.36584949e+17
 9.50500000e+00    8.60779202e-01    3.37706020e-01    1.36449960e+17
 9.51000000e+00    8.58334775e-01    3.38095560e-01    1.36314863e+17
 9.51500000e+00    8.55892537e-01    3.38485123e-01    1.36179657e+17
 9.52000000e+00    8.53452493e-01    3.38874709e-01    1.36044342e+17
 9.52500000e+00    8.51014646e-01    3.39264316e-01    1.35908918e+17
 9.53000000e+00    8.48579002e-01    3.39653944e-01    1.35773384e+17
 9.53500000e+00    8.46145563e-01    3.40043592e-01    1.35637742e+17
 9.54000000e+00    8.43714336e-01    3.40433259e-01    1.35501989e+17
 9.54500000e+00    8.41285323e-01    3.40822943e-01    1.35366126e+17
 9.55000000e+00    8.38858529e-01    3.41212644e-01    1.35230152e+17
 9.55500000e+00    8.36433959e-01    3.41602362e-01    1.35094069e+17
 9.56000000e+00    8.34011616e-01    3.41992095e-01    1.34957874e+17
 9.56500000e+00    8.31591505e-01    3.42381841e-01    1.34821568e+17
 9.57000000e+00    8.29173630e-01    3.42771601e-01    1.34685151e+17
 9.57500000e+00    8.26757995e-01    3.43161374e-01    1.34548623e+17
 9.58000000e+00    8.24344605e-01    3.43551158e-01    1.34411983e+17
 9.58500000e+00    8.21933463e-01    3.43940952e-01    1.34275232e+17
 9.59000000e+00    8.19524575e-01    3.44330756e-01    1.34138368e+17
 9.59500000e+00    8.17117944e-01    3.44720568e-01    1.34001392e+17
 9.60000000e+00    8.14713574e-01    3.45110388e-01    1.33864304e+17
 9.60500000e+00    8.12311471e-01    3.45500215e-01    1.33727103e+17
 9.61000000e+00    8.09911637e-01    3.45890048e-01    1.33589789e+17
 9.61500000e+00    8.07514078e-01    3.46279885e-01    1.33452362e+17
 9.62000000e+00    8.05118798e-01    3.46669726e-01    1.33314821e+17
 9.62500000e+00    8.02725800e-01    3.47059570e-01    1.33177167e+17
 9.63000000e+00    8.00335090e-01    3.47449416e-01    1.33039398e+17
 9.63500000e+00    7.97946671e-01    3.47839263e-01    1.32901514e+17
 9.64000000e+00    7.95560547e-01    3.48229109e-01    1.32763516e+17
 9.64500000e+00    7.93176724e-01    3.48618955e-01    1.32625403e+17
 9.65000000e+00    7.90795205e-01    3.49008799e-01    1.32487175e+17
 9.65500000e+00    7.88415994e-01    3.49398640e-01    1.32348832e+17
 9.66000000e+00    7.86039096e-01    3.49788477e-01    1.32210372e+17
 9.66500000e+00    7.83664516e-01    3.50178309e-01    1.32071797e+17
 9.67000000e+00    7.81292256e-01    3.50568136e-01    1.31933105e+17
 9.67500000e+00    7.78922322e-01    3.50957955e-01    1.31794297e+17
 9.68000000e+00    7.76554718e-01    3.51347767e-01    1.31655373e+17
 9.68500000e+00    7.74189449e-01    3.51737570e-01    1.31516332e+17
 9.69000000e+00    7.71826518e-01    3.52127363e-01    1.31377174e+17
 9.69500000e+00    7.69465929e-01    3.52517145e-01    1.31237898e+17
 9.70000000e+00    7.67107687e-01    3.52906916e-01    1.31098505e+17
 9.70500000e+00    7.64751797e-01    3.53296673e-01    1.30958994e+17
 9.71000000e+00    7.62398263e-01    3.53686417e-01    1.30819365e+17
 9.71500000e+00    7.60047088e-01    3.54076147e-01    1.30679617e+17
 9.72000000e+00    7.57698277e-01    3.54465860e-01    1.30539750e+17
 9.72500000e+00    7.55351835e-01    3.54855556e-01    1.30399764e+17
 9.73000000e+00    7.53007766e-01    3.55245235e-01    1.30259658e+17
 9.73500000e+00    7.50666074e-01    3.55634895e-01    1.30119433e+17
 9.74000000e+00    7.48326763e-01    3.56024535e-01    1.29979087e+17
 9.74500000e+00    7.45989837e-01    3.56414155e-01    1.29838621e+17
 9.75000000e+00    7.43655302e-01    3.56803752e-01    1.29698034e+17
 9.75500000e+00    7.41323161e-01    3.57193326e-01    1.29557326e+17
 9.76000000e+00    7.38993419e-01    3.57582877e-01    1.29416496e+17
 9.76500000e+00    7.36666079e-01    3.57972403e-01    1.29275546e+17
 9.77000000e+00    7.34341147e-01    3.58361902e-01    1.29134474e+17
 9.77500000e+00    7.32018626e-01    3.58751375e-01    1.28993280e+17
 9.78000000e+00    7.29698520e-01    3.59140819e-01    1.28851963e+17
 9.78500000e+00    7.27380835e-01    3.59530235e-01    1.28710525e+17
 9.79000000e+00    7.25065575e-01    3.59919620e-01    1.28568963e+17
 9.79500000e+00    7.22752743e-01    3.60308974e-01    1.28427279e+17
 9.80000000e+00    7.20442344e-01    3.60698296e-01    1.28285470e+17
 9.80500000e+00    7.18134382e-01    3.61087585e-01    1.28143538e+17
 9.81000000e+00    7.15828863e-01    3.61476839e-01    1.28001481e+17
 9.81500000e+00    7.13525789e-01    3.61866058e-01    1.27859300e+17
 9.82000000e+00    7.11225165e-01    3.62255240e-01    1.27716994e+17
 9.82500000e+00    7.08926996e-01    3.62644385e-01    1.27574562e+17
 9.83000000e+00    7.06631287e-01    3.63033491e-01    1.27432004e+17
 9.83500000e+00    7.04338040e-01    3.63422558e-01    1.27289321e+17
 9.84000000e+00    7.02047261e-01    3.63811584e-01    1.27146511e+17
 9.84500000e+00    6.99758955e-01    3.64200568e-01    1.27003575e+17
 9.85000000e+00    6.97473124e-01    3.64589510e-01    1.26860511e+17
 9.85500000e+00    6.95189774e-01    3.64978407e-01    1.26717321e+17
 9.86000000e+00    6.92908910e-01    3.65367259e-01    1.26574003e+17
 9.86500000e+00    6.90630534e-01    3.65756065e-01    1.26430557e+17
 9.87000000e+00    6.88354653e-01    3.66144825e-01    1.26286984e+17
 9.87500000e+00    6.86081269e-01    3.66533535e-01    1.26143282e+17
 9.88000000e+00    6.83810388e-01    3.66922197e-01    1.25999452e+17
 9.88500000e+00    6.81542014e-01    3.67310808e-01    1.25855493e+17
 9.89000000e+00    6.79276150e-01    3.67699367e-01    1.25711403e+17
 9.89500000e+00    6.77012802e-01    3.68087873e-01    1.25567184e+17
 9.90000000e+00    6.74751974e-01    3.68476326e-01    1.25422835e+17
 9.90500000e+00    6.72493671e-01    3.68864724e-01    1.25278354e+17
 9.91000000e+00    6.70237895e-01    3.69253066e-01    1.25133743e+17
 9.91500000e+00    6.67984653e-01    3.69641351e-01    1.24988999e+17
 9.92000000e+00    6.65733948e-01    3.70029578e-01    1.24844124e+17
 9.92500000e+00    6.63485785e-01    3.70417745e-01    1.24699117e+17
 9.93000000e+00    6.61240168e-01    3.70805852e-01    1.24553977e+17
 9.93500000e+00    6.58997101e-01    3.71193897e-01    1.24408704e+17
 9.94000000e+00    6.56756589e-01    3.71581879e-01    1.24263298e+17
 9.94500000e+00    6.54518636e-01    3.71969798e-01    1.24117759e+17
 9.95000000e+00    6.52283247e-01    3.72357651e-01    1.23972085e+17
 9.95500000e+00    6.50050426e-01    3.72745438e-01    1.23826278e+17
 9.96000000e+00    6.47820177e-01    3.73133158e-01    1.23680336e+17
 9.96500000e+00    6.45592505e-01    3.73520810e-01    1.23534259e+17
 9.97000000e+00    6.43367414e-01    3.73908392e-01    1.23388047e+17
 9.97500000e+00    6.41144909e-01    3.74295903e-01    1.23241699e+17
 9.98000000e+00    6.38924993e-01    3.74683343e-01    1.23095215e+17
 9.98500000e+00    6.36707672e-01    3.75070709e-01    1.22948594e+17
 9.99000000e+00    6.34492950e-01    3.75458001e-01    1.22801836e+17
 9.99500000e+00    6.32280831e-01    3.75845218e-01    1.22654939e+17
 1.00000000e+01    6.30071319e-01    3.76232358e-01    1.22507905e+17
 1.00050000e+01    6.27864420e-01    3.76619421e-01    1.22360733e+17
 1.00100000e+01    6.25660137e-01    3.77006405e-01    1.22213421e+17
 1.00150000e+01    6.23458475e-01    3.77393308e-01    1.22065970e+17
 1.00200000e+01    6.21259438e-01    3.77780130e-01    1.21918379e+17
 1.00250000e+01    6.19063031e-01    3.78166870e-01    1.21770649e+17
 1.00300000e+01    6.16869258e-01    3.78553527e-01    1.21622778e+17
 1.00350000e+01    6.14678123e-01    3.78940098e-01    1.21474766e+17
 1.00400000e+01    6.12489632e-01    3.79326583e-01    1.21326613e+17
 1.00450000e+01    6.10303788e-01    3.79712982e-01    1.21178319e+17
 1.00500000e+01    6.08120596e-01    3.80099291e-01    1.21029883e+17
 1.00550000e+01    6.05940060e-01    3.80485512e-01    1.20881305e+17
 1.00600000e+01    6.03762186e-01    3.80871641e-01    1.20732583e+17
 1.00650000e+01    6.01586976e-01    3.81257678e-01    1.20583719e+17
 1.00700000e+01    5.99414436e-01    3.81643622e-01    1.20434710e+17
 1.00750000e+01    5.97244571e-01    3.82029472e-01    1.20285557e+17
 1.00800000e+01    5.95077384e-01    3.82415226e-01    1.20136258e+17
 1.00850000e+01    5.92912880e-01    3.82800883e-01    1.19986814e+17
 1.00900000e+01    5.90751064e-01    3.83186442e-01    1.19837224e+17
 1.00950000e+01    5.88591940e-01    3.83571901e-01    1.19687488e+17
 1.01000000e+01    5.86435512e-01    3.83957260e-01    1.19537605e+17
 1.01050000e+01    5.84281786e-01    3.84342517e-01    1.19387574e+17
 1.01100000e+01    5.82130765e-01    3.84727671e-01    1.19237396e+17
 1.01150000e+01    5.79982454e-01    3.85112720e-01    1.19087070e+17
 1.01200000e+01    5.77836858e-01    3.85497664e-01    1.18936595e+17
 1.01250000e+01    5.75693981e-01    3.85882501e-01    1.18785972e+17
 1.01300000e+01    5.73553827e-01    3.86267230e-01    1.18635199e+17
 1.01350000e+01    5.71416401e-01    3.86651849e-01    1.18484277e+17
 1.01400000e+01    5.69281708e-01    3.87036358e-01    1.18333204e+17
 1.01450000e+01    5.67149753e-01    3.87420755e-01    1.18181981e+17
 1.01500000e+01    5.65020538e-01    3.87805039e-01    1.18030606e+17
 1.01550000e+01    5.62894070e-01    3.88189208e-01    1.17879078e+17
 1.01600000e+01    5.60770353e-01    3.88573262e-01    1.17727398e+17
 1.01650000e+01    5.58649390e-01    3.88957198e-01    1.17575565e+17
 1.01700000e+01    5.56531188e-01    3.89341016e-01    1.17423577e+17
 1.01750000e+01    5.54415750e-01    3.89724715e-01    1.17271436e+17
 1.01800000e+01    5.52303080e-01    3.90108292e-01    1.17119139e+17
 1.01850000e+01    5.50193184e-01    3.90491748e-01    1.16966687e+17
 1.01900000e+01    5.48086067e-01    3.90875079e-01    1.16814079e+17
 1.01950000e+01    5.45981731e-01    3.91258286e-01    1.16661315e+17
 1.02000000e+01    5.43880183e-01    3.91641367e-01    1.16508395e+17
 1.02050000e+01    5.41781426e-01    3.92024320e-01    1.16355317e+17
 1.02100000e+01    5.39685466e-01    3.92407145e-01    1.16202081e+17
 1.02150000e+01    5.37592307e-01    3.92789839e-01    1.16048688e+17
 1.02200000e+01    5.35501952e-01    3.93172402e-01    1.15895136e+17
 1.02250000e+01    5.33414408e-01    3.93554833e-01    1.15741425e+17
 1.02300000e+01    5.31329679e-01    3.93937129e-01    1.15587553e+17
 1.02350000e+01    5.29247769e-01    3.94319289e-01    1.15433521e+17
 1.02400000e+01    5.27168682e-01    3.94701313e-01    1.15279328e+17
 1.02450000e+01    5.25092424e-01    3.95083199e-01    1.15124972e+17
 1.02500000e+01    5.23018999e-01    3.95464945e-01    1.14970454e+17
 1.02550000e+01    5.20948412e-01    3.95846550e-01    1.14815772e+17
 1.02600000e+01    5.18880667e-01    3.96228013e-01    1.14660927e+17
 1.02650000e+01    5.16815769e-01    3.96609333e-01    1.14505917e+17
 1.02700000e+01    5.14753722e-01    3.96990507e-01    1.14350741e+17
 1.02750000e+01    5.12694532e-01    3.97371535e-01    1.14195401e+17
 1.02800000e+01    5.10638203e-01    3.97752416e-01    1.14039894e+17
 1.02850000e+01    5.08584739e-01    3.98133147e-01    1.13884221e+17
 1.02900000e+01    5.06534145e-01    3.98513728e-01    1.13728381e+17
 1.02950000e+01    5.04486426e-01    3.98894157e-01    1.13572373e+17
 1.03000000e+01    5.02441587e-01    3.99274432e-01    1.13416198e+17
 1.03050000e+01    5.00399632e-01    3.99654553e-01    1.13259854e+17
 1.03100000e+01    4.98360566e-01    4.00034518e-01    1.13103339e+17
 1.03150000e+01    4.96324394e-01    4.00414325e-01    1.12946655e+17
 1.03200000e+01    4.94291120e-01    4.00793974e-01    1.12789799e+17
 1.03250000e+01    4.92260749e-01    4.01173462e-01    1.12632771e+17
 1.03300000e+01    4.90233285e-01    4.01552788e-01    1.12475571e+17
 1.03350000e+01    4.88208734e-01    4.01931951e-01    1.12318196e+17
 1.03400000e+01    4.86187100e-01    4.02310949e-01    1.12160648e+17
 1.03450000e+01    4.84168388e-01    4.02689781e-01    1.12002925e+17
 1.03500000e+01    4.82152603e-01    4.03068446e-01    1.11845027e+17
 1.03550000e+01    4.80139749e-01    4.03446942e-01    1.11686953e+17
 1.03600000e+01    4.78129832e-01    4.03825267e-01    1.11528702e+17
 1.03650000e+01    4.76122855e-01    4.04203421e-01    1.11370274e+17
 1.03700000e+01    4.74118824e-01    4.04581401e-01    1.11211669e+17
 1.03750000e+01    4.72117743e-01    4.04959206e-01    1.11052885e+17
 1.03800000e+01    4.70119618e-01    4.05336835e-01    1.10893923e+17
 1.03850000e+01    4.68124452e-01    4.05714286e-01    1.10734781e+17
 1.03900000e+01    4.66132251e-01    4.06091558e-01    1.10575459e+17
 1.03950000e+01    4.64143020e-01    4.06468649e-01    1.10415955e+17
 1.04000000e+01    4.62156764e-01    4.06845558e-01    1.10256268e+17
 1.04050000e+01    4.60173486e-01    4.07222283e-01    1.10096398e+17
 1.04100000e+01    4.58193193e-01    4.07598823e-01    1.09936344e+17
 1.04150000e+01    4.56215888e-01    4.07975176e-01    1.09776105e+17
 1.04200000e+01    4.54241577e-01    4.08351341e-01    1.09615681e+17
 1.04250000e+01    4.52270265e-01    4.08727316e-01    1.09455070e+17
 1.04300000e+01    4.50301956e-01    4.09103100e-01    1.09294272e+17
 1.04350000e+01    4.48336656e-01    4.09478690e-01    1.09133286e+17
 1.04400000e+01    4.46374369e-01    4.09854087e-01    1.08972112e+17
 1.04450000e+01    4.44415099e-01    4.10229288e-01    1.08810749e+17
 1.04500000e+01    4.42458853e-01    4.10604291e-01    1.08649196e+17
 1.04550000e+01    4.40505635e-01    4.10979095e-01    1.08487453e+17
 1.04600000e+01    4.38555449e-01    4.11353698e-01    1.08325519e+17
 1.04650000e+01    4.36608301e-01    4.11728100e-01    1.08163393e+17
 1.04700000e+01    4.34664195e-01    4.12102297e-01    1.08001074e+17
 1.04750000e+01    4.32723137e-01    4.12476290e-01    1.07838561e+17
 1.04800000e+01    4.30785131e-01    4.12850075e-01    1.07675852e+17
 1.04850000e+01    4.28850183e-01    4.13223652e-01    1.07512947e+17
 1.04900000e+01    4.26918297e-01    4.13597020e-01    1.07349845e+17
 1.04950000e+01    4.24989479e-01    4.13970175e-01    1.07186545e+17
 1.05000000e+01    4.23063732e-01    4.14343117e-01    1.07023046e+17
 1.05050000e+01    4.21141063e-01    4.14715845e-01    1.06859348e+17
 1.05100000e+01    4.19221477e-01    4.15088355e-01    1.06695449e+17
 1.05150000e+01    4.17304977e-01    4.15460648e-01    1.06531349e+17
 1.05200000e+01    4.15391570e-01    4.15832721e-01    1.06367046e+17
 1.05250000e+01    4.13481261e-01    4.16204573e-01    1.06202541e+17
 1.05300000e+01    4.11574053e-01    4.16576202e-01    1.06037833e+17
 1.05350000e+01    4.09669953e-01    4.16947606e-01    1.05872921e+17
 1.05400000e+01    4.07768966e-01    4.17318784e-01    1.05707803e+17
 1.05450000e+01    4.05871096e-01    4.17689734e-01    1.05542479e+17
 1.05500000e+01    4.03976349e-01    4.18060454e-01    1.05376948e+17
 1.05550000e+01    4.02084729e-01    4.18430944e-01    1.05211207e+17
 1.05600000e+01    4.00196242e-01    4.18801200e-01    1.05045257e+17
 1.05650000e+01    3.98310893e-01    4.19171222e-01    1.04879096e+17
 1.05700000e+01    3.96428687e-01    4.19541007e-01    1.04712723e+17
 1.05750000e+01    3.94549629e-01    4.19910554e-01    1.04546137e+17
 1.05800000e+01    3.92673725e-01    4.20279862e-01    1.04379337e+17
 1.05850000e+01    3.90800979e-01    4.20648928e-01    1.04212322e+17
 1.05900000e+01    3.88931397e-01    4.21017751e-01    1.04045092e+17
 1.05950000e+01    3.87064983e-01    4.21386330e-01    1.03877645e+17
 1.06000000e+01    3.85201744e-01    4.21754661e-01    1.03709981e+17
 1.06050000e+01    3.83341683e-01    4.22122745e-01    1.03542098e+17
 1.06100000e+01    3.81484807e-01    4.22490578e-01    1.03373997e+17
 1.06150000e+01    3.79631121e-01    4.22858160e-01    1.03205676e+17
 1.06200000e+01    3.77780630e-01    4.23225488e-01    1.03037133e+17
 1.06250000e+01    3.75933338e-01    4.23592561e-01    1.02868367e+17
 1.06300000e+01    3.74089252e-01    4.23959377e-01    1.02699378e+17
 1.06350000e+01    3.72248376e-01    4.24325934e-01    1.02530162e+17
 1.06400000e+01    3.70410717e-01    4.24692230e-01    1.02360719e+17
 1.06450000e+01    3.68576279e-01    4.25058264e-01    1.02191048e+17
 1.06500000e+01    3.66745067e-01    4.25424034e-01    1.02021148e+17
 1.06550000e+01    3.64917087e-01    4.25789538e-01    1.01851017e+17
 1.06600000e+01    3.63092344e-01    4.26154774e-01    1.01680654e+17
 1.06650000e+01    3.61270844e-01    4.26519740e-01    1.01510058e+17
 1.06700000e+01    3.59452592e-01    4.26884435e-01    1.01339228e+17
 1.06750000e+01    3.57637593e-01    4.27248857e-01    1.01168164e+17
 1.06800000e+01    3.55825853e-01    4.27613003e-01    1.00996864e+17
 1.06850000e+01    3.54017378e-01    4.27976872e-01    1.00825327e+17
 1.06900000e+01    3.52212172e-01    4.28340463e-01    1.00653552e+17
 1.06950000e+01    3.50410241e-01    4.28703773e-01    1.00481538e+17
 1.07000000e+01    3.48611590e-01    4.29066800e-01    1.00309284e+17
 1.07050000e+01    3.46816225e-01    4.29429543e-01    1.00136787e+17
 1.07100000e+01    3.45024152e-01    4.29792000e-01    9.99640463e+16
 1.07150000e+01    3.43235376e-01    4.30154168e-01    9.97910614e+16
 1.07200000e+01    3.41449902e-01    4.30516046e-01    9.96178306e+16
 1.07250000e+01    3.39667737e-01    4.30877632e-01    9.94443528e+16
 1.07300000e+01    3.37888884e-01    4.31238924e-01    9.92706270e+16
 1.07350000e+01    3.36113351e-01    4.31599921e-01    9.90966521e+16
 1.07400000e+01    3.34341143e-01    4.31960619e-01    9.89224271e+16
 1.07450000e+01    3.32572265e-01    4.32321018e-01    9.87479512e+16
 1.07500000e+01    3.30806722e-01    4.32681115e-01    9.85732234e+16
 1.07550000e+01    3.29044521e-01    4.33040908e-01    9.83982430e+16
 1.07600000e+01    3.27285667e-01    4.33400396e-01    9.82230090e+16
 1.07650000e+01    3.25530166e-01    4.33759576e-01    9.80475189e+16
 1.07700000e+01    3.23778023e-01    4.34118446e-01    9.78717700e+16
 1.07750000e+01    3.22029244e-01    4.34477005e-01    9.76957597e+16
 1.07800000e+01    3.20283834e-01    4.34835251e-01    9.75194856e+16
 1.07850000e+01    3.18541800e-01    4.35193181e-01    9.73429451e+16
 1.07900000e+01    3.16803147e-01    4.35550793e-01    9.71661358e+16
 1.07950000e+01    3.15067881e-01    4.35908085e-01    9.69890555e+16
 1.08000000e+01    3.13336009e-01    4.36265056e-01    9.68117019e+16
 1.08050000e+01    3.11607535e-01    4.36621703e-01    9.66340730e+16
 1.08100000e+01    3.09882465e-01    4.36978025e-01    9.64561666e+16
 1.08150000e+01    3.08160807e-01    4.37334018e-01    9.62779808e+16
 1.08200000e+01    3.06442565e-01    4.37689681e-01    9.60995137e+16
 1.08250000e+01    3.04727746e-01    4.38045012e-01    9.59207635e+16
 1.08300000e+01    3.03016356e-01    4.38400009e-01    9.57417284e+16
 1.08350000e+01    3.01308400e-01    4.38754669e-01    9.55624083e+16
 1.08400000e+01    2.99603885e-01    4.39108991e-01    9.53828035e+16
 1.08450000e+01    2.97902817e-01    4.39462972e-01    9.52029149e+16
 1.08500000e+01    2.96205202e-01    4.39816611e-01    9.50227430e+16
 1.08550000e+01    2.94511046e-01    4.40169904e-01    9.48422886e+16
 1.08600000e+01    2.92820354e-01    4.40522850e-01    9.46615524e+16
 1.08650000e+01    2.91133133e-01    4.40875447e-01    9.44805355e+16
 1.08700000e+01    2.89449388e-01    4.41227693e-01    9.42992384e+16
 1.08750000e+01    2.87769126e-01    4.41579585e-01    9.41176623e+16
 1.08800000e+01    2.86092352e-01    4.41931121e-01    9.39358081e+16
 1.08850000e+01    2.84419072e-01    4.42282300e-01    9.37536768e+16
 1.08900000e+01    2.82749292e-01    4.42633119e-01    9.35712693e+16
 1.08950000e+01    2.81083017e-01    4.42983576e-01    9.33885869e+16
 1.09000000e+01    2.79420254e-01    4.43333668e-01    9.32056301e+16
 1.09050000e+01    2.77761008e-01    4.43683394e-01    9.30223916e+16
 1.09100000e+01    2.76105285e-01    4.44032752e-01    9.28388582e+16
 1.09150000e+01    2.74453091e-01    4.44381739e-01    9.26550169e+16
 1.09200000e+01    2.72804433e-01    4.44730352e-01    9.24708550e+16
 1.09250000e+01    2.71159317e-01    4.45078591e-01    9.22863599e+16
 1.09300000e+01    2.69517750e-01    4.45426451e-01    9.21015194e+16
 1.09350000e+01    2.67879739e-01    4.45773931e-01    9.19163214e+16
 1.09400000e+01    2.66245291e-01    4.46121028e-01    9.17307543e+16
 1.09450000e+01    2.64614415e-01    4.46467740e-01    9.15448066e+16
 1.09500000e+01    2.62987116e-01    4.46814064e-01    9.13584669e+16
 1.09550000e+01    2.61363404e-01    4.47159997e-01    9.11717244e+16
 1.09600000e+01    2.59743286e-01    4.47505537e-01    9.09845683e+16
 1.09650000e+01    2.58126770e-01    4.47850680e-01    9.07969881e+16
 1.09700000e+01    2.56513865e-01    4.48195425e-01    9.06089796e+16
 1.09750000e+01    2.54904579e-01    4.48539768e-01    9.04205696e+16
 1.09800000e+01    2.53298919e-01    4.48883707e-01    9.02317941e+16
 1.09850000e+01    2.51696892e-01    4.49227240e-01    9.00426889e+16
 1.09900000e+01    2.50098505e-01    4.49570363e-01    8.98532890e+16
 1.09950000e+01    2.48503762e-01    4.49913075e-01    8.96636291e+16
 1.10000000e+01    2.46912670e-01    4.50255373e-01    8.94737434e+16
 1.10050000e+01    2.45325231e-01    4.50597256e-01    8.92836658e+16
 1.10100000e+01    2.43741451e-01    4.50938722e-01    8.90934293e+16
 1.10150000e+01    2.42161333e-01    4.51279769e-01    8.89030669e+16
 1.10200000e+01    2.40584878e-01    4.51620395e-01    8.87126108e+16
 1.10250000e+01    2.39012088e-01    4.51960600e-01    8.85220929e+16
 1.10300000e+01    2.37442967e-01    4.52300381e-01    8.83315446e+16
 1.10350000e+01    2.35877513e-01    4.52639737e-01    8.81409915e+16
 1.10400000e+01    2.34315729e-01    4.52978667e-01    8.79503647e+16
 1.10450000e+01    2.32757617e-01    4.53317170e-01    8.77595172e+16
 1.10500000e+01    2.31203183e-01    4.53655242e-01    8.75683017e+16
 1.10550000e+01    2.29652436e-01    4.53992882e-01    8.73765736e+16
 1.10600000e+01    2.28105386e-01    4.54330085e-01    8.71841905e+16
 1.10650000e+01    2.26562047e-01    4.54666847e-01    8.69910127e+16
 1.10700000e+01    2.25022435e-01    4.55003165e-01    8.67969030e+16
 1.10750000e+01    2.23486567e-01    4.55339033e-01    8.66017265e+16
 1.10800000e+01    2.21954464e-01    4.55674445e-01    8.64053509e+16
 1.10850000e+01    2.20426150e-01    4.56009395e-01    8.62076465e+16
 1.10900000e+01    2.18901648e-01    4.56343877e-01    8.60084859e+16
 1.10950000e+01    2.17380987e-01    4.56677883e-01    8.58077445e+16
 1.11000000e+01    2.15864195e-01    4.57011406e-01    8.56053178e+16
 1.11050000e+01    2.14351302e-01    4.57344438e-01    8.54014375e+16
 1.11100000e+01    2.12842330e-01    4.57676974e-01    8.51966301e+16
 1.11150000e+01    2.11337290e-01    4.58009008e-01    8.49914235e+16
 1.11200000e+01    2.09836185e-01    4.58340540e-01    8.47863363e+16
 1.11250000e+01    2.08339009e-01    4.58671570e-01    8.45818776e+16
 1.11300000e+01    2.06845748e-01    4.59002100e-01    8.43785477e+16
 1.11350000e+01    2.05356376e-01    4.59332133e-01    8.41768376e+16
 1.11400000e+01    2.03870863e-01    4.59661677e-01    8.39772295e+16
 1.11450000e+01    2.02389168e-01    4.59990738e-01    8.37801969e+16
 1.11500000e+01    2.00911240e-01    4.60319326e-01    8.35862050e+16
 1.11550000e+01    1.99437023e-01    4.60647454e-01    8.33957108e+16
 1.11600000e+01    1.97966453e-01    4.60975135e-01    8.32091637e+16
 1.11650000e+01    1.96499456e-01    4.61302383e-01    8.30267435e+16
 1.11700000e+01    1.95035970e-01    4.61629211e-01    8.28470294e+16
 1.11750000e+01    1.93575967e-01    4.61955625e-01    8.26680211e+16
 1.11800000e+01    1.92119451e-01    4.62281623e-01    8.24877502e+16
 1.11850000e+01    1.90666461e-01    4.62607195e-01    8.23042806e+16
 1.11900000e+01    1.89217071e-01    4.62932323e-01    8.21157097e+16
 1.11950000e+01    1.87771386e-01    4.63256981e-01    8.19201691e+16
 1.12000000e+01    1.86329546e-01    4.63581139e-01    8.17158268e+16
 1.12050000e+01    1.84891720e-01    4.63904755e-01    8.15008897e+16
 1.12100000e+01    1.83458112e-01    4.64227783e-01    8.12736063e+16
 1.12150000e+01    1.82028952e-01    4.64550170e-01    8.10322706e+16
 1.12200000e+01    1.80604501e-01    4.64871853e-01    8.07752258e+16
 1.12250000e+01    1.79185051e-01    4.65192767e-01    8.05009569e+16
 1.12300000e+01    1.77770905e-01    4.65512840e-01    8.02096538e+16
 1.12350000e+01    1.76362349e-01    4.65832005e-01    7.99029803e+16
 1.12400000e+01    1.74959638e-01    4.66150203e-01    7.95826235e+16
 1.12450000e+01    1.73562997e-01    4.66467380e-01    7.92502378e+16
 1.12500000e+01    1.72172623e-01    4.66783490e-01    7.89074417e+16
 1.12550000e+01    1.70788686e-01    4.67098490e-01    7.85558147e+16
 1.12600000e+01    1.69411327e-01    4.67412348e-01    7.81968953e+16
 1.12650000e+01    1.68040662e-01    4.67725034e-01    7.78321792e+16
 1.12700000e+01    1.66676780e-01    4.68036525e-01    7.74631181e+16
 1.12750000e+01    1.65319744e-01    4.68346805e-01    7.70910734e+16
 1.12800000e+01    1.63969601e-01    4.68655860e-01    7.67167192e+16
 1.12850000e+01    1.62626390e-01    4.68963679e-01    7.63402303e+16
 1.12900000e+01    1.61290146e-01    4.69270251e-01    7.59617661e+16
 1.12950000e+01    1.59960904e-01    4.69575566e-01    7.55814826e+16
 1.13000000e+01    1.58638694e-01    4.69879614e-01    7.51995325e+16
 1.13050000e+01    1.57323544e-01    4.70182387e-01    7.48160649e+16
 1.13100000e+01    1.56015479e-01    4.70483876e-01    7.44312255e+16
 1.13150000e+01    1.54714523e-01    4.70784072e-01    7.40451567e+16
 1.13200000e+01    1.53420695e-01    4.71082970e-01    7.36579974e+16
 1.13250000e+01    1.52134014e-01    4.71380561e-01    7.32698830e+16
 1.13300000e+01    1.50854495e-01    4.71676839e-01    7.28809457e+16
 1.13350000e+01    1.49582150e-01    4.71971800e-01    7.24913140e+16
 1.13400000e+01    1.48316992e-01    4.72265437e-01    7.21011132e+16
 1.13450000e+01    1.47059027e-01    4.72557746e-01    7.17104653e+16
 1.13500000e+01    1.45808264e-01    4.72848723e-01    7.13194889e+16
 1.13550000e+01    1.44564706e-01    4.73138363e-01    7.09282991e+16
 1.13600000e+01    1.43328355e-01    4.73426664e-01    7.05370081e+16
 1.13650000e+01    1.42099212e-01    4.73713623e-01    7.01457245e+16
 1.13700000e+01    1.40877275e-01    4.73999237e-01    6.97545538e+16
 1.13750000e+01    1.39662540e-01    4.74283504e-01    6.93635986e+16
 1.13800000e+01    1.38455003e-01    4.74566422e-01    6.89729578e+16
 1.13850000e+01    1.37254656e-01    4.74847991e-01    6.85827278e+16
 1.13900000e+01    1.36061491e-01    4.75128209e-01    6.81930015e+16
 1.13950000e+01    1.34875496e-01    4.75407076e-01    6.78038690e+16
 1.14000000e+01    1.33696661e-01    4.75684592e-01    6.74154174e+16
 1.14050000e+01    1.32524971e-01    4.75960757e-01    6.70277307e+16
 1.14100000e+01    1.31360411e-01    4.76235572e-01    6.66408904e+16
 1.14150000e+01    1.30202965e-01    4.76509038e-01    6.62549748e+16
 1.14200000e+01    1.29052615e-01    4.76781156e-01    6.58700597e+16
 1.14250000e+01    1.27909342e-01    4.77051928e-01    6.54862179e+16
 1.14300000e+01    1.26773125e-01    4.77321355e-01    6.51035197e+16
 1.14350000e+01    1.25643942e-01    4.77589440e-01    6.47220327e+16
 1.14400000e+01    1.24521770e-01    4.77856185e-01    6.43418221e+16
 1.14450000e+01    1.23406586e-01    4.78121594e-01    6.39629503e+16
 1.14500000e+01    1.22298364e-01    4.78385668e-01    6.35854774e+16
 1.14550000e+01    1.21197077e-01    4.78648412e-01    6.32094610e+16
 1.14600000e+01    1.20102699e-01    4.78909828e-01    6.28349564e+16
 1.14650000e+01    1.19015200e-01    4.79169921e-01    6.24620164e+16
 1.14700000e+01    1.17934553e-01    4.79428695e-01    6.20906919e+16
 1.14750000e+01    1.16860726e-01    4.79686154e-01    6.17210285e+16
 1.14800000e+01    1.15793689e-01    4.79942302e-01    6.13530231e+16
 1.14850000e+01    1.14733411e-01    4.80197143e-01    6.09866330e+16
 1.14900000e+01    1.13679864e-01    4.80450682e-01    6.06218162e+16
 1.14950000e+01    1.12633019e-01    4.80702922e-01    6.02585325e+16
 1.15000000e+01    1.11592846e-01    4.80953868e-01    5.98967434e+16
 1.15050000e+01    1.10559319e-01    4.81203522e-01    5.95364120e+16
 1.15100000e+01    1.09532411e-01    4.81451889e-01    5.91775033e+16
 1.15150000e+01    1.08512096e-01    4.81698971e-01    5.88199837e+16
 1.15200000e+01    1.07498347e-01    4.81944773e-01    5.84638213e+16
 1.15250000e+01    1.06491138e-01    4.82189296e-01    5.81089856e+16
 1.15300000e+01    1.05490446e-01    4.82432545e-01    5.77554478e+16
 1.15350000e+01    1.04496246e-01    4.82674521e-01    5.74031804e+16
 1.15400000e+01    1.03508513e-01    4.82915229e-01    5.70521573e+16
 1.15450000e+01    1.02527225e-01    4.83154670e-01    5.67023538e+16
 1.15500000e+01    1.01552357e-01    4.83392847e-01    5.63537466e+16
 1.15550000e+01    1.00583887e-01    4.83629762e-01    5.60063137e+16
 1.15600000e+01    9.96217919e-02    4.83865419e-01    5.56600342e+16
 1.15650000e+01    9.86660502e-02    4.84099819e-01    5.53148886e+16
 1.15700000e+01    9.77166396e-02    4.84332966e-01    5.49708587e+16
 1.15750000e+01    9.67735384e-02    4.84564860e-01    5.46279271e+16
 1.15800000e+01    9.58367252e-02    4.84795504e-01    5.42860779e+16
 1.15850000e+01    9.49061788e-02    4.85024901e-01    5.39452961e+16
 1.15900000e+01    9.39818782e-02    4.85253053e-01    5.36055677e+16
 1.15950000e+01    9.30638028e-02    4.85479961e-01    5.32668801e+16
 1.16000000e+01    9.21519318e-02    4.85705628e-01    5.29292212e+16
 1.16050000e+01    9.12462448e-02    4.85930055e-01    5.25925802e+16
 1.16100000e+01    9.03467216e-02    4.86153244e-01    5.22569472e+16
 1.16150000e+01    8.94533421e-02    4.86375198e-01    5.19223131e+16
 1.16200000e+01    8.85660861e-02    4.86595918e-01    5.15886699e+16
 1.16250000e+01    8.76849339e-02    4.86815406e-01    5.12560103e+16
 1.16300000e+01    8.68098655e-02    4.87033664e-01    5.09243277e+16
 1.16350000e+01    8.59408612e-02    4.87250694e-01    5.05936168e+16
 1.16400000e+01    8.50779013e-02    4.87466497e-01    5.02638746e+16
 1.16450000e+01    8.42209660e-02    4.87681075e-01    4.99351002e+16
 1.16500000e+01    8.33700358e-02    4.87894430e-01    4.96072931e+16
 1.16550000e+01    8.25250907e-02    4.88106564e-01    4.92804536e+16
 1.16600000e+01    8.16861111e-02    4.88317479e-01    4.89545823e+16
 1.16650000e+01    8.08530772e-02    4.88527177e-01    4.86296804e+16
 1.16700000e+01    8.00259690e-02    4.88735658e-01    4.83057496e+16
 1.16750000e+01    7.92047667e-02    4.88942926e-01    4.79827920e+16
 1.16800000e+01    7.83894502e-02    4.89148982e-01    4.76608101e+16
 1.16850000e+01    7.75799996e-02    4.89353829e-01    4.73398070e+16
 1.16900000e+01    7.67763947e-02    4.89557467e-01    4.70197861e+16
 1.16950000e+01    7.59786152e-02    4.89759899e-01    4.67007512e+16
 1.17000000e+01    7.51866410e-02    4.89961127e-01    4.63827063e+16
 1.17050000e+01    7.44004515e-02    4.90161153e-01    4.60656561e+16
 1.17100000e+01    7.36200264e-02    4.90359979e-01    4.57496053e+16
 1.17150000e+01    7.28453450e-02    4.90557607e-01    4.54345592e+16
 1.17200000e+01    7.20763866e-02    4.90754039e-01    4.51205230e+16
 1.17250000e+01    7.13131304e-02    4.90949277e-01    4.48075026e+16
 1.17300000e+01    7.05555555e-02    4.91143324e-01    4.44955039e+16
 1.17350000e+01    6.98036408e-02    4.91336182e-01    4.41845331e+16
 1.17400000e+01    6.90573652e-02    4.91527852e-01    4.38745968e+16
 1.17450000e+01    6.83167073e-02    4.91718338e-01    4.35657015e+16
 1.17500000e+01    6.75816457e-02    4.91907642e-01    4.32578541e+16
 1.17550000e+01    6.68521590e-02    4.92095765e-01    4.29510617e+16
 1.17600000e+01    6.61282253e-02    4.92282710e-01    4.26453314e+16
 1.17650000e+01    6.54098228e-02    4.92468481e-01    4.23406708e+16
 1.17700000e+01    6.46969296e-02    4.92653078e-01    4.20370871e+16
 1.17750000e+01    6.39895236e-02    4.92836506e-01    4.17345882e+16
 1.17800000e+01    6.32875825e-02    4.93018766e-01    4.14331817e+16
 1.17850000e+01    6.25910839e-02    4.93199860e-01    4.11328754e+16
 1.17900000e+01    6.19000053e-02    4.93379793e-01    4.08336774e+16
 1.17950000e+01    6.12143240e-02    4.93558566e-01    4.05355957e+16
 1.18000000e+01    6.05340172e-02    4.93736182e-01    4.02386382e+16
 1.18050000e+01    5.98590619e-02    4.93912644e-01    3.99428132e+16
 1.18100000e+01    5.91894351e-02    4.94087955e-01    3.96481287e+16
 1.18150000e+01    5.85251134e-02    4.94262118e-01    3.93545930e+16
 1.18200000e+01    5.78660735e-02    4.94435135e-01    3.90622143e+16
 1.18250000e+01    5.72122918e-02    4.94607010e-01    3.87710009e+16
 1.18300000e+01    5.65637446e-02    4.94777746e-01    3.84809608e+16
 1.18350000e+01    5.59204081e-02    4.94947346e-01    3.81921023e+16
 1.18400000e+01    5.52822584e-02    4.95115813e-01    3.79044337e+16
 1.18450000e+01    5.46492714e-02    4.95283150e-01    3.76179630e+16
 1.18500000e+01    5.40214227e-02    4.95449360e-01    3.73326933e+16
 1.18550000e+01    5.33986883e-02    4.95614448e-01    3.70486162e+16
 1.18600000e+01    5.27810442e-02    4.95778415e-01    3.67657226e+16
 1.18650000e+01    5.21684664e-02    4.95941265e-01    3.64840044e+16
 1.18700000e+01    5.15609312e-02    4.96103001e-01    3.62034541e+16
 1.18750000e+01    5.09584151e-02    4.96263627e-01    3.59240653e+16
 1.18800000e+01    5.03608944e-02    4.96423145e-01    3.56458324e+16
 1.18850000e+01    4.97683458e-02    4.96581558e-01    3.53687506e+16
 1.18900000e+01    4.91807458e-02    4.96738871e-01    3.50928156e+16
 1.18950000e+01    4.85980712e-02    4.96895085e-01    3.48180242e+16
 1.19000000e+01    4.80202988e-02    4.97050204e-01    3.45443737e+16
 1.19050000e+01    4.74474052e-02    4.97204231e-01    3.42718619e+16
 1.19100000e+01    4.68793674e-02    4.97357169e-01    3.40004876e+16
 1.19150000e+01    4.63161622e-02    4.97509021e-01    3.37302498e+16
 1.19200000e+01    4.57577664e-02    4.97659790e-01    3.34611483e+16
 1.19250000e+01    4.52041569e-02    4.97809480e-01    3.31931834e+16
 1.19300000e+01    4.46553106e-02    4.97958094e-01    3.29263557e+16
 1.19350000e+01    4.41112042e-02    4.98105634e-01    3.26606667e+16
 1.19400000e+01    4.35718146e-02    4.98252104e-01    3.23961179e+16
 1.19450000e+01    4.30371187e-02    4.98397507e-01    3.21327115e+16
 1.19500000e+01    4.25070930e-02    4.98541846e-01    3.18704500e+16
 1.19550000e+01    4.19817145e-02    4.98685125e-01    3.16093362e+16
 1.19600000e+01    4.14609597e-02    4.98827347e-01    3.13493735e+16
 1.19650000e+01    4.09448053e-02    4.98968514e-01    3.10905654e+16
 1.19700000e+01    4.04332279e-02    4.99108632e-01    3.08329156e+16
 1.19750000e+01    3.99262039e-02    4.99247702e-01    3.05764284e+16
 1.19800000e+01    3.94237098e-02    4.99385728e-01    3.03211082e+16
 1.19850000e+01    3.89257221e-02    4.99522713e-01    3.00669595e+16
 1.19900000e+01    3.84322170e-02    4.99658662e-01    2.98139871e+16
 1.19950000e+01    3.79431708e-02    4.99793577e-01    2.95621893e+16
 1.20000000e+01    3.74585599e-02    4.99927462e-01    2.93115522e+16
 1.20050000e+01    3.69783611e-02    5.00060321e-01    2.90620621e+16
 1.20100000e+01    3.65025512e-02    5.00192156e-01    2.88137065e+16
 1.20150000e+01    3.60311073e-02    5.00322971e-01    2.85664743e+16
 1.20200000e+01    3.55640068e-02    5.00452769e-01    2.83203557e+16
 1.20250000e+01    3.51012271e-02    5.00581554e-01    2.80753420e+16
 1.20300000e+01    3.46427458e-02    5.00709329e-01    2.78314259e+16
 1.20350000e+01    3.41885406e-02    5.00836096e-01    2.75886009e+16
 1.20400000e+01    3.37385893e-02    5.00961860e-01    2.73468618e+16
 1.20450000e+01    3.32928698e-02    5.01086622e-01    2.71062042e+16
 1.20500000e+01    3.28513602e-02    5.01210388e-01    2.68666249e+16
 1.20550000e+01    3.24140385e-02    5.01333158e-01    2.66281212e+16
 1.20600000e+01    3.19808828e-02    5.01454938e-01    2.63906918e+16
 1.20650000e+01    3.15518711e-02    5.01575729e-01    2.61543357e+16
 1.20700000e+01    3.11269817e-02    5.01695535e-01    2.59190530e+16
 1.20750000e+01    3.07061927e-02    5.01814359e-01    2.56848444e+16
 1.20800000e+01    3.02894822e-02    5.01932205e-01    2.54517112e+16
 1.20850000e+01    2.98768284e-02    5.02049076e-01    2.52196555e+16
 1.20900000e+01    2.94682093e-02    5.02164975e-01    2.49886799e+16
 1.20950000e+01    2.90636031e-02    5.02279904e-01    2.47587876e+16
 1.21000000e+01    2.86629878e-02    5.02393868e-01    2.45299822e+16
 1.21050000e+01    2.82663414e-02    5.02506870e-01    2.43022680e+16
 1.21100000e+01    2.78736417e-02    5.02618913e-01    2.40756495e+16
 1.21150000e+01    2.74848667e-02    5.02730001e-01    2.38501318e+16
 1.21200000e+01    2.70999942e-02    5.02840137e-01    2.36257202e+16
 1.21250000e+01    2.67190018e-02    5.02949324e-01    2.34024207e+16
 1.21300000e+01    2.63418673e-02    5.03057566e-01    2.31802392e+16
 1.21350000e+01    2.59685681e-02    5.03164866e-01    2.29591820e+16
 1.21400000e+01    2.55990819e-02    5.03271228e-01    2.27392558e+16
 1.21450000e+01    2.52333859e-02    5.03376657e-01    2.25204674e+16
 1.21500000e+01    2.48714574e-02    5.03481154e-01    2.23028239e+16
 1.21550000e+01    2.45132737e-02    5.03584725e-01    2.20863323e+16
 1.21600000e+01    2.41588119e-02    5.03687372e-01    2.18709978e+16
 1.21650000e+01    2.38080490e-02    5.03789101e-01    2.16568182e+16
 1.21700000e+01    2.34609624e-02    5.03889913e-01    2.14437905e+16
 1.21750000e+01    2.31175291e-02    5.03989814e-01    2.12319126e+16
 1.21800000e+01    2.27777265e-02    5.04088807e-01    2.10211833e+16
 1.21850000e+01    2.24415319e-02    5.04186895e-01    2.08116021e+16
 1.21900000e+01    2.21089228e-02    5.04284083e-01    2.06031691e+16
 1.21950000e+01    2.17798764e-02    5.04380375e-01    2.03958853e+16
 1.22000000e+01    2.14543701e-02    5.04475774e-01    2.01897519e+16
 1.22050000e+01    2.11323813e-02    5.04570283e-01    1.99847711e+16
 1.22100000e+01    2.08138873e-02    5.04663908e-01    1.97809453e+16
 1.22150000e+01    2.04988656e-02    5.04756652e-01    1.95782776e+16
 1.22200000e+01    2.01872933e-02    5.04848518e-01    1.93767714e+16
 1.22250000e+01    1.98791477e-02    5.04939511e-01    1.91764304e+16
 1.22300000e+01    1.95744062e-02    5.05029635e-01    1.89772590e+16
 1.22350000e+01    1.92730458e-02    5.05118894e-01    1.87792617e+16
 1.22400000e+01    1.89750438e-02    5.05207292e-01    1.85824431e+16
 1.22450000e+01    1.86803772e-02    5.05294832e-01    1.83868084e+16
 1.22500000e+01    1.83890230e-02    5.05381520e-01    1.81923628e+16
 1.22550000e+01    1.81009582e-02    5.05467359e-01    1.79991118e+16
 1.22600000e+01    1.78161597e-02    5.05552353e-01    1.78070610e+16
 1.22650000e+01    1.75346045e-02    5.05636507e-01    1.76162122e+16
 1.22700000e+01    1.72562695e-02    5.05719825e-01    1.74265441e+16
 1.22750000e+01    1.69811322e-02    5.05802311e-01    1.72380287e+16
 1.22800000e+01    1.67091705e-02    5.05883969e-01    1.70506409e+16
 1.22850000e+01    1.64403628e-02    5.05964803e-01    1.68643583e+16
 1.22900000e+01    1.61746879e-02    5.06044816e-01    1.66791608e+16
 1.22950000e+01    1.59121246e-02    5.06124013e-01    1.64950310e+16
 1.23000000e+01    1.56526523e-02    5.06202397e-01    1.63119537e+16
 1.23050000e+01    1.53962507e-02    5.06279972e-01    1.61299157e+16
 1.23100000e+01    1.51428993e-02    5.06356741e-01    1.59489062e+16
 1.23150000e+01    1.48925783e-02    5.06432708e-01    1.57689159e+16
 1.23200000e+01    1.46452676e-02    5.06507876e-01    1.55899375e+16
 1.23250000e+01    1.44009476e-02    5.06582249e-01    1.54119654e+16
 1.23300000e+01    1.41595985e-02    5.06655830e-01    1.52349957e+16
 1.23350000e+01    1.39212009e-02    5.06728623e-01    1.50590258e+16
 1.23400000e+01    1.36857350e-02    5.06800630e-01    1.48840547e+16
 1.23450000e+01    1.34531815e-02    5.06871857e-01    1.47100891e+16
 1.23500000e+01    1.32235205e-02    5.06942305e-01    1.45371436e+16
 1.23550000e+01    1.29967322e-02    5.07011979e-01    1.43652332e+16
 1.23600000e+01    1.27727965e-02    5.07080882e-01    1.41943728e+16
 1.23650000e+01    1.25516931e-02    5.07149019e-01    1.40245770e+16
 1.23700000e+01    1.23334013e-02    5.07216393e-01    1.38558603e+16
 1.23750000e+01    1.21179006e-02    5.07283008e-01    1.36882372e+16
 1.23800000e+01    1.19051701e-02    5.07348868e-01    1.35217215e+16
 1.23850000e+01    1.16951885e-02    5.07413977e-01    1.33563272e+16
 1.23900000e+01    1.14879346e-02    5.07478339e-01    1.31920676e+16
 1.23950000e+01    1.12833871e-02    5.07541960e-01    1.30289561e+16
 1.24000000e+01    1.10815242e-02    5.07604842e-01    1.28670055e+16
 1.24050000e+01    1.08823242e-02    5.07666990e-01    1.27062282e+16
 1.24100000e+01    1.06857651e-02    5.07728410e-01    1.25466364e+16
 1.24150000e+01    1.04918248e-02    5.07789105e-01    1.23882412e+16
 1.24200000e+01    1.03004812e-02    5.07849080e-01    1.22310361e+16
 1.24250000e+01    1.01117125e-02    5.07908340e-01    1.20749963e+16
 1.24300000e+01    9.92549723e-03    5.07966888e-01    1.19200993e+16
 1.24350000e+01    9.74181435e-03    5.08024730e-01    1.17663250e+16
 1.24400000e+01    9.56064314e-03    5.08081870e-01    1.16136566e+16
 1.24450000e+01    9.38196315e-03    5.08138311e-01    1.14620792e+16
 1.24500000e+01    9.20575414e-03    5.08194059e-01    1.13115806e+16
 1.24550000e+01    9.03199612e-03    5.08249116e-01    1.11621509e+16
 1.24600000e+01    8.86066925e-03    5.08303487e-01    1.10137818e+16
 1.24650000e+01    8.69175382e-03    5.08357177e-01    1.08664673e+16
 1.24700000e+01    8.52523025e-03    5.08410189e-01    1.07202030e+16
 1.24750000e+01    8.36107904e-03    5.08462526e-01    1.05749861e+16
 1.24800000e+01    8.19928076e-03    5.08514194e-01    1.04308152e+16
 1.24850000e+01    8.03981600e-03    5.08565196e-01    1.02876905e+16
 1.24900000e+01    7.88266540e-03    5.08615537e-01    1.01456133e+16
 1.24950000e+01    7.72780957e-03    5.08665219e-01    1.00045859e+16
 1.25000000e+01    7.57522915e-03    5.08714248e-01    9.86461185e+15
 1.25050000e+01    7.42490471e-03    5.08762628e-01    9.72569545e+15
 1.25100000e+01    7.27681680e-03    5.08810362e-01    9.58784185e+15
 1.25150000e+01    7.13094594e-03    5.08857455e-01    9.45105186e+15
 1.25200000e+01    6.98727277e-03    5.08903911e-01    9.31531568e+15
 1.25250000e+01    6.84577810e-03    5.08949734e-01    9.18062408e+15
 1.25300000e+01    6.70644290e-03    5.08994929e-01    9.04697009e+15
 1.25350000e+01    6.56924827e-03    5.09039498e-01    8.91434881e+15
 1.25400000e+01    6.43417541e-03    5.09083447e-01    8.78275726e+15
 1.25450000e+01    6.30120556e-03    5.09126780e-01    8.65219418e+15
 1.25500000e+01    6.17032002e-03    5.09169500e-01    8.52265990e+15
 1.25550000e+01    6.04150010e-03    5.09211612e-01    8.39415617e+15
 1.25600000e+01    5.91472710e-03    5.09253120e-01    8.26668603e+15
 1.25650000e+01    5.78998232e-03    5.09294028e-01    8.14025367e+15
 1.25700000e+01    5.66724700e-03    5.09334340e-01    8.01486429e+15
 1.25750000e+01    5.54650234e-03    5.09374060e-01    7.89052398e+15
 1.25800000e+01    5.42772946e-03    5.09413193e-01    7.76723951e+15
 1.25850000e+01    5.31090947e-03    5.09451743e-01    7.64501170e+15
 1.25900000e+01    5.19602355e-03    5.09489715e-01    7.52383085e+15
 1.25950000e+01    5.08305310e-03    5.09527112e-01    7.40368863e+15
 1.26000000e+01    4.97197964e-03    5.09563938e-01    7.28457909e+15
 1.26050000e+01    4.86278481e-03    5.09600199e-01    7.16649854e+15
 1.26100000e+01    4.75545031e-03    5.09635899e-01    7.04944529e+15
 1.26150000e+01    4.64995789e-03    5.09671040e-01    6.93341945e+15
 1.26200000e+01    4.54628933e-03    5.09705629e-01    6.81842276e+15
 1.26250000e+01    4.44442639e-03    5.09739669e-01    6.70445841e+15
 1.26300000e+01    4.34435082e-03    5.09773164e-01    6.59153083e+15
 1.26350000e+01    4.24604433e-03    5.09806118e-01    6.47964557e+15
 1.26400000e+01    4.14948856e-03    5.09838537e-01    6.36880913e+15
 1.26450000e+01    4.05466510e-03    5.09870425e-01    6.25902881e+15
 1.26500000e+01    3.96155547e-03    5.09901785e-01    6.15030885e+15
 1.26550000e+01    3.87014128e-03    5.09932623e-01    6.04263483e+15
 1.26600000e+01    3.78040445e-03    5.09962943e-01    5.93598919e+15
 1.26650000e+01    3.69232719e-03    5.09992749e-01    5.83035825e+15
 1.26700000e+01    3.60589189e-03    5.10022045e-01    5.72573180e+15
 1.26750000e+01    3.52108111e-03    5.10050837e-01    5.62210282e+15
 1.26800000e+01    3.43787754e-03    5.10079127e-01    5.51946715e+15
 1.26850000e+01    3.35626395e-03    5.10106921e-01    5.41782319e+15
 1.26900000e+01    3.27622312e-03    5.10134222e-01    5.31717160e+15
 1.26950000e+01    3.19773788e-03    5.10161034e-01    5.21751507e+15
 1.27000000e+01    3.12079101e-03    5.10187363e-01    5.11885805e+15
 1.27050000e+01    3.04536526e-03    5.10213212e-01    5.02120650e+15
 1.27100000e+01    2.97144331e-03    5.10238585e-01    4.92456768e+15
 1.27150000e+01    2.89900778e-03    5.10263488e-01    4.82894570e+15
 1.27200000e+01    2.82804136e-03    5.10287924e-01    4.73433349e+15
 1.27250000e+01    2.75852688e-03    5.10311898e-01    4.64072469e+15
 1.27300000e+01    2.69044726e-03    5.10335414e-01    4.54811595e+15
 1.27350000e+01    2.62378552e-03    5.10358477e-01    4.45650657e+15
 1.27400000e+01    2.55852467e-03    5.10381091e-01    4.36589819e+15
 1.27450000e+01    2.49464774e-03    5.10403261e-01    4.27629448e+15
 1.27500000e+01    2.43213773e-03    5.10424990e-01    4.18770084e+15
 1.27550000e+01    2.37097756e-03    5.10446284e-01    4.10012410e+15
 1.27600000e+01    2.31115011e-03    5.10467147e-01    4.01357231e+15
 1.27650000e+01    2.25263813e-03    5.10487583e-01    3.92805449e+15
 1.27700000e+01    2.19542430e-03    5.10507597e-01    3.84358036e+15
 1.27750000e+01    2.13949120e-03    5.10527195e-01    3.76015489e+15
 1.27800000e+01    2.08482157e-03    5.10546380e-01    3.67775415e+15
 1.27850000e+01    2.03139861e-03    5.10565157e-01    3.59634934e+15
 1.27900000e+01    1.97920594e-03    5.10583531e-01    3.51591833e+15
 1.27950000e+01    1.92822749e-03    5.10601506e-01    3.43644499e+15
 1.28000000e+01    1.87844742e-03    5.10619086e-01    3.35791845e+15
 1.28050000e+01    1.82985005e-03    5.10636275e-01    3.28033254e+15
 1.28100000e+01    1.78241978e-03    5.10653079e-01    3.20368516e+15
 1.28150000e+01    1.73614106e-03    5.10669500e-01    3.12797774e+15
 1.28200000e+01    1.69099834e-03    5.10685543e-01    3.05321476e+15
 1.28250000e+01    1.64697600e-03    5.10701213e-01    2.97940321e+15
 1.28300000e+01    1.60405834e-03    5.10716514e-01    2.90655207e+15
 1.28350000e+01    1.56222960e-03    5.10731451e-01    2.83466507e+15
 1.28400000e+01    1.52147405e-03    5.10746027e-01    2.76373787e+15
 1.28450000e+01    1.48177606e-03    5.10760247e-01    2.69376919e+15
 1.28500000e+01    1.44312002e-03    5.10774116e-01    2.62476128e+15
 1.28550000e+01    1.40549030e-03    5.10787638e-01    2.55671931e+15
 1.28600000e+01    1.36887120e-03    5.10800818e-01    2.48965089e+15
 1.28650000e+01    1.33324695e-03    5.10813660e-01    2.42356550e+15
 1.28700000e+01    1.29860165e-03    5.10826169e-01    2.35847410e+15
 1.28750000e+01    1.26491929e-03    5.10838349e-01    2.29438868e+15
 1.28800000e+01    1.23218368e-03    5.10850206e-01    2.23132191e+15
 1.28850000e+01    1.20037854e-03    5.10861744e-01    2.16928536e+15
 1.28900000e+01    1.16948754e-03    5.10872968e-01    2.10826390e+15
 1.28950000e+01    1.13949486e-03    5.10883882e-01    2.04822402e+15
 1.29000000e+01    1.11038509e-03    5.10894493e-01    1.98914068e+15
 1.29050000e+01    1.08214319e-03    5.10904803e-01    1.93099708e+15
 1.29100000e+01    1.05475432e-03    5.10914817e-01    1.87378342e+15
 1.29150000e+01    1.02820379e-03    5.10924540e-01    1.81749586e+15
 1.29200000e+01    1.00247694e-03    5.10933977e-01    1.76213728e+15
 1.29250000e+01    9.77558995e-04    5.10943131e-01    1.70772807e+15
 1.29300000e+01    9.53434851e-04    5.10952007e-01    1.65429466e+15
 1.29350000e+01    9.30089075e-04    5.10960611e-01    1.60186153e+15
 1.29400000e+01    9.07505932e-04    5.10968946e-01    1.55045096e+15
 1.29450000e+01    8.85669422e-04    5.10977019e-01    1.50008295e+15
 1.29500000e+01    8.64563317e-04    5.10984834e-01    1.45077440e+15
 1.29550000e+01    8.44171323e-04    5.10992396e-01    1.40251527e+15
 1.29600000e+01    8.24477572e-04    5.10999711e-01    1.35526983e+15
 1.29650000e+01    8.05466696e-04    5.11006784e-01    1.30901019e+15
 1.29700000e+01    7.87123694e-04    5.11013618e-01    1.26371689e+15
 1.29750000e+01    7.69433831e-04    5.11020220e-01    1.21937742e+15
 1.29800000e+01    7.52382538e-04    5.11026593e-01    1.17598508e+15
 1.29850000e+01    7.35955319e-04    5.11032742e-01    1.13354247e+15
 1.29900000e+01    7.20137612e-04    5.11038673e-01    1.09205933e+15
 1.29950000e+01    7.04914744e-04    5.11044389e-01    1.05154570e+15
 1.30000000e+01    6.90271941e-04    5.11049896e-01    1.01201110e+15
 1.30050000e+01    6.76194331e-04    5.11055199e-01    9.73464150e+14
 1.30100000e+01    6.62666928e-04    5.11060303e-01    9.35922995e+14
 1.30150000e+01    6.49674245e-04    5.11065212e-01    8.99443546e+14
 1.30200000e+01    6.37200033e-04    5.11069933e-01    8.64076450e+14
 1.30250000e+01    6.25227485e-04    5.11074471e-01    8.29855975e+14
 1.30300000e+01    6.13739453e-04    5.11078832e-01    7.96802404e+14
 1.30350000e+01    6.02718738e-04    5.11083022e-01    7.64893430e+14
 1.30400000e+01    5.92149381e-04    5.11087047e-01    7.33986497e+14
 1.30450000e+01    5.82017568e-04    5.11090911e-01    7.03942754e+14
 1.30500000e+01    5.72311217e-04    5.11094619e-01    6.74658660e+14
 1.30550000e+01    5.63019475e-04    5.11098173e-01    6.46076367e+14
 1.30600000e+01    5.54130506e-04    5.11101579e-01    6.18465742e+14
 1.30650000e+01    5.45626668e-04    5.11104842e-01    5.92287634e+14
 1.30700000e+01    5.37484793e-04    5.11107971e-01    5.67871843e+14
 1.30750000e+01    5.29677977e-04    5.11110976e-01    5.45435871e+14
 1.30800000e+01    5.22176951e-04    5.11113868e-01    5.25113714e+14
 1.30850000e+01    5.14951623e-04    5.11116658e-01    5.06805115e+14
 1.30900000e+01    5.07979884e-04    5.11119353e-01    4.89457015e+14
 1.30950000e+01    5.01256263e-04    5.11121957e-01    4.71920864e+14
 1.31000000e+01    4.94789372e-04    5.11124465e-01    4.53324611e+14
 1.31050000e+01    4.88596232e-04    5.11126871e-01    4.33833054e+14
 1.31100000e+01    4.82639236e-04    5.11129189e-01    4.21814988e+14
 1.31150000e+01    4.76788998e-04    5.11131468e-01    4.18364238e+14
 1.31200000e+01    4.70959852e-04    5.11133743e-01    4.18728592e+14
 1.31250000e+01    4.65127974e-04    5.11136023e-01    4.19029561e+14
 1.31300000e+01    4.59303404e-04    5.11138303e-01    4.18385818e+14
 1.31350000e+01    4.53498717e-04    5.11140580e-01    4.16873325e+14
 1.31400000e+01    4.47725358e-04    5.11142847e-01    4.14574062e+14
 1.31450000e+01    4.41993586e-04    5.11145102e-01    4.11573355e+14
 1.31500000e+01    4.36312440e-04    5.11147340e-01    4.07957849e+14
 1.31550000e+01    4.30689743e-04    5.11149559e-01    4.03813726e+14
 1.31600000e+01    4.25132119e-04    5.11151756e-01    3.99225199e+14
 1.31650000e+01    4.19645034e-04    5.11153928e-01    3.94273302e+14
 1.31700000e+01    4.14232851e-04    5.11156074e-01    3.89034951e+14
 1.31750000e+01    4.08898894e-04    5.11158192e-01    3.83582272e+14
 1.31800000e+01    4.03645523e-04    5.11160281e-01    3.77982168e+14
 1.31850000e+01    3.98474208e-04    5.11162341e-01    3.72296088e+14
 1.31900000e+01    3.93385607e-04    5.11164371e-01    3.66579975e+14
 1.31950000e+01    3.88379648e-04    5.11166371e-01    3.60884358e+14
 1.32000000e+01    3.83455600e-04    5.11168342e-01    3.55254551e+14
 1.32050000e+01    3.78612147e-04    5.11170283e-01    3.49730947e+14
 1.32100000e+01    3.73847452e-04    5.11172196e-01    3.44349367e+14
 1.32150000e+01    3.69159225e-04    5.11174081e-01    3.39141453e+14
 1.32200000e+01    3.64544771e-04    5.11175939e-01    3.34135088e+14
 1.32250000e+01    3.60001051e-04    5.11177772e-01    3.29352947e+14
 1.32300000e+01    3.55524864e-04    5.11179580e-01    3.24793318e+14
 1.32350000e+01    3.51113173e-04    5.11181365e-01    3.20440490e+14
 1.32400000e+01    3.46763157e-04    5.11183128e-01    3.16279718e+14
 1.32450000e+01    3.42472193e-04    5.11184869e-01    3.12297363e+14
 1.32500000e+01    3.38237845e-04    5.11186590e-01    3.08480784e+14
 1.32550000e+01    3.34057848e-04    5.11188292e-01    3.04818246e+14
 1.32600000e+01    3.29930097e-04    5.11189975e-01    3.01298840e+14
 1.32650000e+01    3.25852634e-04    5.11191640e-01    2.97912403e+14
 1.32700000e+01    3.21823639e-04    5.11193288e-01    2.94649459e+14
 1.32750000e+01    3.17841421e-04    5.11194919e-01    2.91501155e+14
 1.32800000e+01    3.13904409e-04    5.11196535e-01    2.88459212e+14
 1.32850000e+01    3.10011144e-04    5.11198134e-01    2.85515874e+14
 1.32900000e+01    3.06160272e-04    5.11199719e-01    2.82663872e+14
 1.32950000e+01    3.02350538e-04    5.11201290e-01    2.79896379e+14
 1.33000000e+01    2.98580779e-04    5.11202846e-01    2.77206984e+14
 1.33050000e+01    2.94849919e-04    5.11204389e-01    2.74589652e+14
 1.33100000e+01    2.91156962e-04    5.11205918e-01    2.72038706e+14
 1.33150000e+01    2.87500991e-04    5.11207434e-01    2.69548796e+14
 1.33200000e+01    2.83881160e-04    5.11208938e-01    2.67114880e+14
 1.33250000e+01    2.80296690e-04    5.11210429e-01    2.64732202e+14
 1.33300000e+01    2.76746868e-04    5.11211909e-01    2.62396064e+14
 1.33350000e+01    2.73231056e-04    5.11213376e-01    2.60099803e+14
 1.33400000e+01    2.69748716e-04    5.11214832e-01    2.57835808e+14
 1.33450000e+01    2.66299412e-04    5.11216276e-01    2.55596909e+14
 1.33500000e+01    2.62882800e-04    5.11217708e-01    2.53376378e+14
 1.33550000e+01    2.59498626e-04    5.11219130e-01    2.51167909e+14
 1.33600000e+01    2.56146718e-04    5.11220539e-01    2.48965601e+14
 1.33650000e+01    2.52826979e-04    5.11221938e-01    2.46763945e+14
 1.33700000e+01    2.49539384e-04    5.11223325e-01    2.44557810e+14
 1.33750000e+01    2.46283976e-04    5.11224701e-01    2.42342437e+14
 1.33800000e+01    2.43060856e-04    5.11226065e-01    2.40113429e+14
 1.33850000e+01    2.39870183e-04    5.11227417e-01    2.37866744e+14
 1.33900000e+01    2.36712166e-04    5.11228758e-01    2.35598689e+14
 1.33950000e+01    2.33587060e-04    5.11230086e-01    2.33305917e+14
 1.34000000e+01    2.30495163e-04    5.11231403e-01    2.30985418e+14
 1.34050000e+01    2.27436809e-04    5.11232708e-01    2.28634519e+14
 1.34100000e+01    2.24412364e-04    5.11233999e-01    2.26250881e+14
 1.34150000e+01    2.21422223e-04    5.11235279e-01    2.23832487e+14
 1.34200000e+01    2.18466805e-04    5.11236545e-01    2.21377647e+14
 1.34250000e+01    2.15546547e-04    5.11237798e-01    2.18884987e+14
 1.34300000e+01    2.12661900e-04    5.11239038e-01    2.16353446e+14
 1.34350000e+01    2.09813330e-04    5.11240264e-01    2.13782271e+14
 1.34400000e+01    2.07001305e-04    5.11241476e-01    2.11171006e+14
 1.34450000e+01    2.04226299e-04    5.11242675e-01    2.08519676e+14
 1.34500000e+01    2.01488748e-04    5.11243858e-01    2.05835494e+14
 1.34550000e+01    1.98788927e-04    5.11245028e-01    2.03133948e+14
 1.34600000e+01    1.96126905e-04    5.11246183e-01    2.00429838e+14
 1.34650000e+01    1.93502567e-04    5.11247323e-01    1.97736702e+14
 1.34700000e+01    1.90915626e-04    5.11248448e-01    1.95066853e+14
 1.34750000e+01    1.88365644e-04    5.11249559e-01    1.92431448e+14
 1.34800000e+01    1.85852043e-04    5.11250656e-01    1.89840549e+14
 1.34850000e+01    1.83374121e-04    5.11251739e-01    1.87303197e+14
 1.34900000e+01    1.80931067e-04    5.11252809e-01    1.84827486e+14
 1.34950000e+01    1.78521974e-04    5.11253865e-01    1.82419119e+14
 1.35000000e+01    1.76145930e-04    5.11254909e-01    1.80072914e+14
 1.35050000e+01    1.73802129e-04    5.11255939e-01    1.77779853e+14
 1.35100000e+01    1.71489883e-04    5.11256958e-01    1.75531632e+14
 1.35150000e+01    1.69208606e-04    5.11257964e-01    1.73320626e+14
 1.35200000e+01    1.66957811e-04    5.11258958e-01    1.71139839e+14
 1.35250000e+01    1.64737098e-04    5.11259941e-01    1.68982866e+14
 1.35300000e+01    1.62546149e-04    5.11260912e-01    1.66843859e+14
 1.35350000e+01    1.60384716e-04    5.11261871e-01    1.64718235e+14
 1.35400000e+01    1.58252578e-04    5.11262819e-01    1.62607353e+14
 1.35450000e+01    1.56149473e-04    5.11263755e-01    1.60514949e+14
 1.35500000e+01    1.54075092e-04    5.11264680e-01    1.58444429e+14
 1.35550000e+01    1.52029086e-04    5.11265594e-01    1.56398882e+14
 1.35600000e+01    1.50011070e-04    5.11266496e-01    1.54381092e+14
 1.35650000e+01    1.48020623e-04    5.11267388e-01    1.52393559e+14
 1.35700000e+01    1.46057295e-04    5.11268268e-01    1.50438519e+14
 1.35750000e+01    1.44120611e-04    5.11269138e-01    1.48517957e+14
 1.35800000e+01    1.42210073e-04    5.11269998e-01    1.46633629e+14
 1.35850000e+01    1.40325161e-04    5.11270847e-01    1.44787080e+14
 1.35900000e+01    1.38465339e-04    5.11271687e-01    1.42979655e+14
 1.35950000e+01    1.36630056e-04    5.11272516e-01    1.41212520e+14
 1.36000000e+01    1.34818748e-04    5.11273336e-01    1.39486677e+14
 1.36050000e+01    1.33030840e-04    5.11274147e-01    1.37802976e+14
 1.36100000e+01    1.31265749e-04    5.11274948e-01    1.36162130e+14
 1.36150000e+01    1.29522885e-04    5.11275741e-01    1.34564729e+14
 1.36200000e+01    1.27801653e-04    5.11276525e-01    1.33011250e+14
 1.36250000e+01    1.26101451e-04    5.11277300e-01    1.31502010e+14
 1.36300000e+01    1.24421688e-04    5.11278067e-01    1.30035558e+14
 1.36350000e+01    1.22761802e-04    5.11278827e-01    1.28608694e+14
 1.36400000e+01    1.21121276e-04    5.11279579e-01    1.27218334e+14
 1.36450000e+01    1.19499633e-04    5.11280323e-01    1.25861588e+14
 1.36500000e+01    1.17896429e-04    5.11281060e-01    1.24535753e+14
 1.36550000e+01    1.16311259e-04    5.11281789e-01    1.23238291e+14
 1.36600000e+01    1.14743747e-04    5.11282512e-01    1.21966826e+14
 1.36650000e+01    1.13193550e-04    5.11283227e-01    1.20719130e+14
 1.36700000e+01    1.11660350e-04    5.11283936e-01    1.19493114e+14
 1.36750000e+01    1.10143859e-04    5.11284639e-01    1.18286819e+14
 1.36800000e+01    1.08643810e-04    5.11285334e-01    1.17098409e+14
 1.36850000e+01    1.07159964e-04    5.11286024e-01    1.15926166e+14
 1.36900000e+01    1.05692098e-04    5.11286706e-01    1.14768479e+14
 1.36950000e+01    1.04240014e-04    5.11287383e-01    1.13623844e+14
 1.37000000e+01    1.02803532e-04    5.11288053e-01    1.12490854e+14
 1.37050000e+01    1.01382486e-04    5.11288717e-01    1.11368197e+14
 1.37100000e+01    9.99767316e-05    5.11289375e-01    1.10254649e+14
 1.37150000e+01    9.85861362e-05    5.11290027e-01    1.09149075e+14
 1.37200000e+01    9.72105826e-05    5.11290673e-01    1.08050417e+14
 1.37250000e+01    9.58499666e-05    5.11291312e-01    1.06957700e+14
 1.37300000e+01    9.45041959e-05    5.11291946e-01    1.05870020e+14
 1.37350000e+01    9.31731895e-05    5.11292574e-01    1.04786550e+14
 1.37400000e+01    9.18568756e-05    5.11293195e-01    1.03706743e+14
 1.37450000e+01    9.05551852e-05    5.11293811e-01    1.02630727e+14
 1.37500000e+01    8.92680466e-05    5.11294421e-01    1.01558743e+14
 1.37550000e+01    8.79953852e-05    5.11295024e-01    1.00491019e+14
 1.37600000e+01    8.67371239e-05    5.11295622e-01    9.94277800e+13
 1.37650000e+01    8.54931829e-05    5.11296214e-01    9.83692378e+13
 1.37700000e+01    8.42634800e-05    5.11296800e-01    9.73155977e+13
 1.37750000e+01    8.30479306e-05    5.11297380e-01    9.62670565e+13
 1.37800000e+01    8.18464479e-05    5.11297954e-01    9.52238028e+13
 1.37850000e+01    8.06589430e-05    5.11298523e-01    9.41860169e+13
 1.37900000e+01    7.94853251e-05    5.11299085e-01    9.31538714e+13
 1.37950000e+01    7.83255012e-05    5.11299642e-01    9.21275312e+13
 1.38000000e+01    7.71793768e-05    5.11300193e-01    9.11071536e+13
 1.38050000e+01    7.60468554e-05    5.11300739e-01    9.00928884e+13
 1.38100000e+01    7.49278392e-05    5.11301278e-01    8.90848781e+13
 1.38150000e+01    7.38222286e-05    5.11301813e-01    8.80832581e+13
 1.38200000e+01    7.27299227e-05    5.11302341e-01    8.70881569e+13
 1.38250000e+01    7.16508194e-05    5.11302864e-01    8.60996962e+13
 1.38300000e+01    7.05848151e-05    5.11303381e-01    8.51179908e+13
 1.38350000e+01    6.95318051e-05    5.11303893e-01    8.41431493e+13
 1.38400000e+01    6.84916839e-05    5.11304399e-01    8.31752743e+13
 1.38450000e+01    6.74643441e-05    5.11304899e-01    8.22146055e+13
 1.38500000e+01    6.64496735e-05    5.11305395e-01    8.12617175e+13
 1.38550000e+01    6.54475526e-05    5.11305884e-01    8.03171905e+13
 1.38600000e+01    6.44578557e-05    5.11306369e-01    7.93815546e+13
 1.38650000e+01    6.34804506e-05    5.11306848e-01    7.84552925e+13
 1.38700000e+01    6.25152000e-05    5.11307322e-01    7.75388419e+13
 1.38750000e+01    6.15619618e-05    5.11307791e-01    7.66325976e+13
 1.38800000e+01    6.06205895e-05    5.11308254e-01    7.57369142e+13
 1.38850000e+01    5.96909329e-05    5.11308713e-01    7.48521081e+13
 1.38900000e+01    5.87728382e-05    5.11309166e-01    7.39784595e+13
 1.38950000e+01    5.78661489e-05    5.11309615e-01    7.31162150e+13
 1.39000000e+01    5.69707062e-05    5.11310059e-01    7.22655892e+13
 1.39050000e+01    5.60863488e-05    5.11310497e-01    7.14267671e+13
 1.39100000e+01    5.52129139e-05    5.11310931e-01    7.05999055e+13
 1.39150000e+01    5.43502374e-05    5.11311361e-01    6.97851351e+13
 1.39200000e+01    5.34981539e-05    5.11311785e-01    6.89825625e+13
 1.39250000e+01    5.26564972e-05    5.11312205e-01    6.81922712e+13
 1.39300000e+01    5.18251008e-05    5.11312621e-01    6.74143239e+13
 1.39350000e+01    5.10037978e-05    5.11313032e-01    6.66487635e+13
 1.39400000e+01    5.01924213e-05    5.11313439e-01    6.58955946e+13
 1.39450000e+01    4.93908087e-05    5.11313841e-01    6.51538409e+13
 1.39500000e+01    4.85988195e-05    5.11314240e-01    6.44212426e+13
 1.39550000e+01    4.78163409e-05    5.11314634e-01    6.36956116e+13
 1.39600000e+01    4.70432861e-05    5.11315024e-01    6.29749327e+13
 1.39650000e+01    4.62795918e-05    5.11315409e-01    6.22573550e+13
 1.39700000e+01    4.55252167e-05    5.11315791e-01    6.15411854e+13
 1.39750000e+01    4.47801390e-05    5.11316168e-01    6.08248814e+13
 1.39800000e+01    4.40443549e-05    5.11316542e-01    6.01070466e+13
 1.39850000e+01    4.33178767e-05    5.11316911e-01    5.93864255e+13
 1.39900000e+01    4.26007310e-05    5.11317276e-01    5.86618991e+13
 1.39950000e+01    4.18929573e-05    5.11317636e-01    5.79324810e+13
 1.40000000e+01    4.11946058e-05    5.11317993e-01    5.71973137e+13
 1.40050000e+01    4.05057366e-05    5.11318345e-01    5.64556648e+13
 1.40100000e+01    3.98264175e-05    5.11318692e-01    5.57069239e+13
 1.40150000e+01    3.91567229e-05    5.11319036e-01    5.49505983e+13
 1.40200000e+01    3.84967322e-05    5.11319374e-01    5.41863104e+13
 1.40250000e+01    3.78465286e-05    5.11319709e-01    5.34137931e+13
 1.40300000e+01    3.72061977e-05    5.11320038e-01    5.26328862e+13
 1.40350000e+01    3.65758247e-05    5.11320363e-01    5.18440041e+13
 1.40400000e+01    3.59554745e-05    5.11320684e-01    5.10502432e+13
 1.40450000e+01    3.53451676e-05    5.11320999e-01    5.02553601e+13
 1.40500000e+01    3.47448816e-05    5.11321310e-01    4.94627628e+13
 1.40550000e+01    3.41545549e-05    5.11321616e-01    4.86755228e+13
 1.40600000e+01    3.35740915e-05    5.11321918e-01    4.78963922e+13
 1.40650000e+01    3.30033642e-05    5.11322215e-01    4.71278218e+13
 1.40700000e+01    3.24422183e-05    5.11322507e-01    4.63719804e+13
 1.40750000e+01    3.18904753e-05    5.11322795e-01    4.56307760e+13
 1.40800000e+01    3.13479356e-05    5.11323078e-01    4.49058753e+13
 1.40850000e+01    3.08143813e-05    5.11323358e-01    4.41987254e+13
 1.40900000e+01    3.02895793e-05    5.11323633e-01    4.35105732e+13
 1.40950000e+01    2.97732828e-05    5.11323904e-01    4.28424850e+13
 1.41000000e+01    2.92652340e-05    5.11324171e-01    4.21953654e+13
 1.41050000e+01    2.87651659e-05    5.11324434e-01    4.15699696e+13
 1.41100000e+01    2.82728063e-05    5.11324693e-01    4.09661872e+13
 1.41150000e+01    2.77878952e-05    5.11324949e-01    4.03824428e+13
 1.41200000e+01    2.73101928e-05    5.11325202e-01    3.98171142e+13
 1.41250000e+01    2.68394782e-05    5.11325451e-01    3.92687032e+13
 1.41300000e+01    2.63755484e-05    5.11325697e-01    3.87358249e+13
 1.41350000e+01    2.59182165e-05    5.11325940e-01    3.82171979e+13
 1.41400000e+01    2.54673105e-05    5.11326179e-01    3.77116366e+13
 1.41450000e+01    2.50226727e-05    5.11326416e-01    3.72180430e+13
 1.41500000e+01    2.45841580e-05    5.11326650e-01    3.67354000e+13
 1.41550000e+01    2.41516332e-05    5.11326881e-01    3.62627659e+13
 1.41600000e+01    2.37249762e-05    5.11327109e-01    3.57992683e+13
 1.41650000e+01    2.33040751e-05    5.11327335e-01    3.53440998e+13
 1.41700000e+01    2.28888274e-05    5.11327557e-01    3.48965134e+13
 1.41750000e+01    2.24791392e-05    5.11327778e-01    3.44558184e+13
 1.41800000e+01    2.20749250e-05    5.11327995e-01    3.40213772e+13
 1.41850000e+01    2.16761062e-05    5.11328210e-01    3.35926016e+13
 1.41900000e+01    2.12826114e-05    5.11328422e-01    3.31689501e+13
 1.41950000e+01    2.08943755e-05    5.11328632e-01    3.27498227e+13
 1.42000000e+01    2.05113436e-05    5.11328839e-01    3.23341385e+13
 1.42050000e+01    2.01334742e-05    5.11329044e-01    3.19207421e+13
 1.42100000e+01    1.97607391e-05    5.11329246e-01    3.15085870e+13
 1.42150000e+01    1.93931218e-05    5.11329446e-01    3.10967304e+13
 1.42200000e+01    1.90306160e-05    5.11329643e-01    3.06843289e+13
 1.42250000e+01    1.86732251e-05    5.11329838e-01    3.02706351e+13
 1.42300000e+01    1.83209604e-05    5.11330030e-01    2.98549935e+13
 1.42350000e+01    1.79738407e-05    5.11330220e-01    2.94368380e+13
 1.42400000e+01    1.76318903e-05    5.11330407e-01    2.90156880e+13
 1.42450000e+01    1.72951391e-05    5.11330592e-01    2.85911460e+13
 1.42500000e+01    1.69636207e-05    5.11330774e-01    2.81628947e+13
 1.42550000e+01    1.66373722e-05    5.11330953e-01    2.77306935e+13
 1.42600000e+01    1.63164328e-05    5.11331130e-01    2.72943764e+13
 1.42650000e+01    1.60008430e-05    5.11331304e-01    2.68538479e+13
 1.42700000e+01    1.56906443e-05    5.11331475e-01    2.64090804e+13
 1.42750000e+01    1.53858771e-05    5.11331644e-01    2.59603241e+13
 1.42800000e+01    1.50865703e-05    5.11331810e-01    2.55095069e+13
 1.42850000e+01    1.47927250e-05    5.11331973e-01    2.50591406e+13
 1.42900000e+01    1.45043143e-05    5.11332133e-01    2.46114738e+13
 1.42950000e+01    1.42212872e-05    5.11332290e-01    2.41685000e+13
 1.43000000e+01    1.39435709e-05    5.11332445e-01    2.37319732e+13
 1.43050000e+01    1.36710739e-05    5.11332597e-01    2.33034250e+13
 1.43100000e+01    1.34036882e-05    5.11332746e-01    2.28841819e+13
 1.43150000e+01    1.31412920e-05    5.11332893e-01    2.24753838e+13
 1.43200000e+01    1.28837514e-05    5.11333038e-01    2.20780010e+13
 1.43250000e+01    1.26309227e-05    5.11333179e-01    2.16928527e+13
 1.43300000e+01    1.23826536e-05    5.11333319e-01    2.13206227e+13
 1.43350000e+01    1.21387853e-05    5.11333456e-01    2.09618761e+13
 1.43400000e+01    1.18991536e-05    5.11333591e-01    2.06168938e+13
 1.43450000e+01    1.16635984e-05    5.11333724e-01    2.02846822e+13
 1.43500000e+01    1.14319750e-05    5.11333855e-01    1.99638337e+13
 1.43550000e+01    1.12041546e-05    5.11333984e-01    1.96530661e+13
 1.43600000e+01    1.09800224e-05    5.11334111e-01    1.93512126e+13
 1.43650000e+01    1.07594772e-05    5.11334236e-01    1.90572102e+13
 1.43700000e+01    1.05424291e-05    5.11334359e-01    1.87700915e+13
 1.43750000e+01    1.03287993e-05    5.11334481e-01    1.84889759e+13
 1.43800000e+01    1.01185186e-05    5.11334601e-01    1.82130628e+13
 1.43850000e+01    9.91152692e-06    5.11334719e-01    1.79416258e+13
 1.43900000e+01    9.70777195e-06    5.11334836e-01    1.76740069e+13
 1.43950000e+01    9.50720881e-06    5.11334950e-01    1.74096121e+13
 1.44000000e+01    9.30979908e-06    5.11335063e-01    1.71479072e+13
 1.44050000e+01    9.11551024e-06    5.11335175e-01    1.68884136e+13
 1.44100000e+01    8.92431496e-06    5.11335285e-01    1.66307055e+13
 1.44150000e+01    8.73619043e-06    5.11335393e-01    1.63744509e+13
 1.44200000e+01    8.55111594e-06    5.11335500e-01    1.61196390e+13
 1.44250000e+01    8.36907001e-06    5.11335605e-01    1.58663754e+13
 1.44300000e+01    8.19003001e-06    5.11335709e-01    1.56147609e+13
 1.44350000e+01    8.01397224e-06    5.11335811e-01    1.53648911e+13
 1.44400000e+01    7.84087201e-06    5.11335911e-01    1.51168562e+13
 1.44450000e+01    7.67070368e-06    5.11336010e-01    1.48707417e+13
 1.44500000e+01    7.50344073e-06    5.11336107e-01    1.46266280e+13
 1.44550000e+01    7.33905579e-06    5.11336203e-01    1.43845906e+13
 1.44600000e+01    7.17752076e-06    5.11336297e-01    1.41447003e+13
 1.44650000e+01    7.01880680e-06    5.11336390e-01    1.39070233e+13
 1.44700000e+01    6.86288440e-06    5.11336481e-01    1.36716213e+13
 1.44750000e+01    6.70972348e-06    5.11336571e-01    1.34385516e+13
 1.44800000e+01    6.55929336e-06    5.11336659e-01    1.32078672e+13
 1.44850000e+01    6.41156281e-06    5.11336746e-01    1.29796450e+13
 1.44900000e+01    6.26649897e-06    5.11336831e-01    1.27541113e+13
 1.44950000e+01    6.12406623e-06    5.11336915e-01    1.25315206e+13
 1.45000000e+01    5.98422635e-06    5.11336997e-01    1.23120955e+13
 1.45050000e+01    5.84693883e-06    5.11337078e-01    1.20960288e+13
 1.45100000e+01    5.71216127e-06    5.11337158e-01    1.18834859e+13
 1.45150000e+01    5.57984964e-06    5.11337237e-01    1.16746071e+13
 1.45200000e+01    5.44995856e-06    5.11337314e-01    1.14695091e+13
 1.45250000e+01    5.32244157e-06    5.11337389e-01    1.12682875e+13
 1.45300000e+01    5.19725135e-06    5.11337464e-01    1.10710182e+13
 1.45350000e+01    5.07433992e-06    5.11337537e-01    1.08777596e+13
 1.45400000e+01    4.95365887e-06    5.11337609e-01    1.06885538e+13
 1.45450000e+01    4.83515946e-06    5.11337680e-01    1.05034284e+13
 1.45500000e+01    4.71879305e-06    5.11337750e-01    1.03223190e+13
 1.45550000e+01    4.60451501e-06    5.11337818e-01    1.01445146e+13
 1.45600000e+01    4.49229081e-06    5.11337885e-01    9.96907042e+12
 1.45650000e+01    4.38209591e-06    5.11337952e-01    9.79515005e+12
 1.45700000e+01    4.27391457e-06    5.11338017e-01    9.62202046e+12
 1.45750000e+01    4.16773868e-06    5.11338081e-01    9.44904569e+12
 1.45800000e+01    4.06356671e-06    5.11338144e-01    9.27568143e+12
 1.45850000e+01    3.96140268e-06    5.11338205e-01    9.10147031e+12
 1.45900000e+01    3.86125523e-06    5.11338266e-01    8.92603759e+12
 1.45950000e+01    3.76313669e-06    5.11338325e-01    8.74908722e+12
 1.46000000e+01    3.66706221e-06    5.11338384e-01    8.57039797e+12
 1.46050000e+01    3.57304900e-06    5.11338441e-01    8.38981956e+12
 1.46100000e+01    3.48111537e-06    5.11338497e-01    8.20732040e+12
 1.46150000e+01    3.39127610e-06    5.11338552e-01    8.02373909e+12
 1.46200000e+01    3.30353228e-06    5.11338605e-01    7.84047277e+12
 1.46250000e+01    3.21787041e-06    5.11338657e-01    7.65875307e+12
 1.46300000e+01    3.13426441e-06    5.11338709e-01    7.47963667e+12
 1.46350000e+01    3.05267750e-06    5.11338759e-01    7.30401895e+12
 1.46400000e+01    2.97306392e-06    5.11338807e-01    7.13264869e+12
 1.46450000e+01    2.89537053e-06    5.11338855e-01    6.96614308e+12
 1.46500000e+01    2.81953813e-06    5.11338902e-01    6.80500270e+12
 1.46550000e+01    2.74550275e-06    5.11338948e-01    6.64962583e+12
 1.46600000e+01    2.67319675e-06    5.11338992e-01    6.50027795e+12
 1.46650000e+01    2.60255227e-06    5.11339036e-01    6.35669305e+12
 1.46700000e+01    2.53350661e-06    5.11339079e-01    6.21834479e+12
 1.46750000e+01    2.46600266e-06    5.11339120e-01    6.08475731e+12
 1.46800000e+01    2.39998841e-06    5.11339161e-01    5.95550369e+12
 1.46850000e+01    2.33541638e-06    5.11339202e-01    5.83020074e+12
 1.46900000e+01    2.27224317e-06    5.11339241e-01    5.70850449e+12
 1.46950000e+01    2.21042904e-06    5.11339279e-01    5.59010617e+12
 1.47000000e+01    2.14993753e-06    5.11339317e-01    5.47472877e+12
 1.47050000e+01    2.09073511e-06    5.11339354e-01    5.36212395e+12
 1.47100000e+01    2.03279092e-06    5.11339390e-01    5.25206937e+12
 1.47150000e+01    1.97607644e-06    5.11339426e-01    5.14436621e+12
 1.47200000e+01    1.92056525e-06    5.11339461e-01    5.03883707e+12
 1.47250000e+01    1.86623282e-06    5.11339495e-01    4.93532403e+12
 1.47300000e+01    1.81305631e-06    5.11339528e-01    4.83368689e+12
 1.47350000e+01    1.76101433e-06    5.11339561e-01    4.73380162e+12
 1.47400000e+01    1.71008682e-06    5.11339593e-01    4.63555893e+12
 1.47450000e+01    1.66025488e-06    5.11339625e-01    4.53886295e+12
 1.47500000e+01    1.61150062e-06    5.11339656e-01    4.44363006e+12
 1.47550000e+01    1.56380702e-06    5.11339686e-01    4.34978778e+12
 1.47600000e+01    1.51715783e-06    5.11339716e-01    4.25727376e+12
 1.47650000e+01    1.47153748e-06    5.11339745e-01    4.16603485e+12
 1.47700000e+01    1.42693098e-06    5.11339773e-01    4.07601275e+12
 1.47750000e+01    1.38332424e-06    5.11339801e-01    3.98710315e+12
 1.47800000e+01    1.34070439e-06    5.11339828e-01    3.89920475e+12
 1.47850000e+01    1.29905954e-06    5.11339855e-01    3.81223432e+12
 1.47900000e+01    1.25837867e-06    5.11339881e-01    3.72612506e+12
 1.47950000e+01    1.21865140e-06    5.11339906e-01    3.64082510e+12
 1.48000000e+01    1.17986785e-06    5.11339931e-01    3.55629605e+12
 1.48050000e+01    1.14201854e-06    5.11339955e-01    3.47251172e+12
 1.48100000e+01    1.10509419e-06    5.11339979e-01    3.38945681e+12
 1.48150000e+01    1.06908568e-06    5.11340002e-01    3.30712577e+12
 1.48200000e+01    1.03398392e-06    5.11340025e-01    3.22552158e+12
 1.48250000e+01    9.99779745e-07    5.11340047e-01    3.14465476e+12
 1.48300000e+01    9.66463878e-07    5.11340069e-01    3.06454231e+12
 1.48350000e+01    9.34026844e-07    5.11340090e-01    2.98520675e+12
 1.48400000e+01    9.02458923e-07    5.11340110e-01    2.90667519e+12
 1.48450000e+01    8.71750100e-07    5.11340130e-01    2.82897850e+12
 1.48500000e+01    8.41890040e-07    5.11340150e-01    2.75215049e+12
 1.48550000e+01    8.12868050e-07    5.11340169e-01    2.67622714e+12
 1.48600000e+01    7.84673069e-07    5.11340187e-01    2.60124792e+12
 1.48650000e+01    7.57293219e-07    5.11340205e-01    2.52736812e+12
 1.48700000e+01    7.30713999e-07    5.11340222e-01    2.45489061e+12
 1.48750000e+01    7.04917879e-07    5.11340239e-01    2.38407634e+12
 1.48800000e+01    6.79884876e-07    5.11340256e-01    2.31513346e+12
 1.48850000e+01    6.55593084e-07    5.11340272e-01    2.24822361e+12
 1.48900000e+01    6.32019149e-07    5.11340287e-01    2.18346792e+12
 1.48950000e+01    6.09138666e-07    5.11340302e-01    2.12095256e+12
 1.49000000e+01    5.86926531e-07    5.11340317e-01    2.06073388e+12
 1.49050000e+01    5.65357235e-07    5.11340331e-01    2.00284301e+12
 1.49100000e+01    5.44405104e-07    5.11340345e-01    1.94729003e+12
 1.49150000e+01    5.24044511e-07    5.11340358e-01    1.89406763e+12
 1.49200000e+01    5.04250036e-07    5.11340372e-01    1.84315433e+12
 1.49250000e+01    4.84996603e-07    5.11340384e-01    1.79451732e+12
 1.49300000e+01    4.66259586e-07    5.11340397e-01    1.74811484e+12
 1.49350000e+01    4.48014890e-07    5.11340409e-01    1.70389832e+12
 1.49400000e+01    4.30239013e-07    5.11340421e-01    1.66181413e+12
 1.49450000e+01    4.12909651e-07    5.11340432e-01    1.62156400e+12
 1.49500000e+01    3.96014225e-07    5.11340444e-01    1.58156715e+12
 1.49550000e+01    3.79559039e-07    5.11340455e-01    1.54005921e+12
 1.49600000e+01    3.63567183e-07    5.11340466e-01    1.49561418e+12
 1.49650000e+01    3.48074889e-07    5.11340476e-01    1.44715303e+12
 1.49700000e+01    3.33127763e-07    5.11340486e-01    1.39396007e+12
 1.49750000e+01    3.18776859e-07    5.11340496e-01    1.33569598e+12
 1.49800000e+01    3.05074185e-07    5.11340505e-01    1.27267171e+12
 1.49850000e+01    2.92054263e-07    5.11340514e-01    1.20822686e+12
 1.49900000e+01    2.79708401e-07    5.11340522e-01    1.14646160e+12
 1.49950000e+01    2.67991660e-07    5.11340530e-01    1.09022177e+12
 1.50000000e+01    2.56834813e-07    5.11340538e-01    1.04137427e+12
 1.50050000e+01    2.46154984e-07    5.11340545e-01    1.00041886e+12
 1.50100000e+01    2.35877471e-07    5.11340552e-01    9.65552925e+11
 1.50150000e+01    2.25947874e-07    5.11340559e-01    9.34972217e+11
 1.50200000e+01    2.16328756e-07    5.11340565e-01    9.07234415e+11
 1.50250000e+01    2.06996342e-07    5.11340572e-01    8.81166082e+11
 1.50300000e+01    1.97937998e-07    5.11340578e-01    8.55805863e+11
 1.50350000e+01    1.89150180e-07    5.11340584e-01    8.30371375e+11
 1.50400000e+01    1.80636294e-07    5.11340590e-01    8.04376914e+11
 1.50450000e+01    1.72401309e-07    5.11340595e-01    7.77986376e+11
 1.50500000e+01    1.64447447e-07    5.11340601e-01    7.51481010e+11
 1.50550000e+01    1.56774231e-07    5.11340606e-01    7.25098985e+11
 1.50600000e+01    1.49378924e-07    5.11340611e-01    6.99038124e+11
 1.50650000e+01    1.42256936e-07    5.11340616e-01    6.73459344e+11
 1.50700000e+01    1.35402192e-07    5.11340621e-01    6.48490496e+11
 1.50750000e+01    1.28807463e-07    5.11340625e-01    6.24230311e+11
 1.50800000e+01    1.22464642e-07    5.11340630e-01    6.00752289e+11
 1.50850000e+01    1.16364998e-07    5.11340634e-01    5.78108378e+11
 1.50900000e+01    1.10499374e-07    5.11340638e-01    5.56332373e+11
 1.50950000e+01    1.04858364e-07    5.11340642e-01    5.35442982e+11
 1.51000000e+01    9.94324632e-08    5.11340646e-01    5.15443446e+11
 1.51050000e+01    9.42125759e-08    5.11340649e-01    4.96225454e+11
 1.51100000e+01    8.91914407e-08    5.11340653e-01    4.77581241e+11
 1.51150000e+01    8.43637674e-08    5.11340656e-01    4.59343454e+11
 1.51200000e+01    7.97257767e-08    5.11340660e-01    4.41386992e+11
 1.51250000e+01    7.52747926e-08    5.11340663e-01    4.23623131e+11
 1.51300000e+01    7.10088915e-08    5.11340666e-01    4.05994500e+11
 1.51350000e+01    6.69266015e-08    5.11340669e-01    3.88470615e+11
 1.51400000e+01    6.30266464e-08    5.11340671e-01    3.71043742e+11
 1.51450000e+01    5.93077318e-08    5.11340674e-01    3.53724998e+11
 1.51500000e+01    5.57683716e-08    5.11340676e-01    3.36540625e+11
 1.51550000e+01    5.24067323e-08    5.11340679e-01    3.19538960e+11
