           R_km         P_MeV/fm3         M_M_solar   Energy Density (ε)
 1.50000000e-02    9.99998283e+01    6.47350327e-09    9.10533991e+17
 2.00000000e-02    9.99995880e+01    1.53445905e-08    9.10532201e+17
 2.50000000e-02    9.99992790e+01    2.99698773e-08    9.10530858e+17
 3.00000000e-02    9.99989015e+01    5.17878923e-08    9.10529218e+17
 3.50000000e-02    9.99984552e+01    8.22371501e-08    9.10527279e+17
 4.00000000e-02    9.99979404e+01    1.22756148e-07    9.10525041e+17
 4.50000000e-02    9.99973568e+01    1.74783365e-07    9.10522506e+17
 5.00000000e-02    9.99967047e+01    2.39757254e-07    9.10519672e+17
 5.50000000e-02    9.99959839e+01    3.19116247e-07    9.10516540e+17
 6.00000000e-02    9.99951944e+01    4.14298745e-07    9.10513110e+17
 6.50000000e-02    9.99943363e+01    5.26743117e-07    9.10509381e+17
 7.00000000e-02    9.99934096e+01    6.57887700e-07    9.10505355e+17
 7.50000000e-02    9.99924142e+01    8.09170795e-07    9.10501030e+17
 8.00000000e-02    9.99913502e+01    9.82030660e-07    9.10496407e+17
 8.50000000e-02    9.99902175e+01    1.17790551e-06    9.10491486e+17
 9.00000000e-02    9.99890163e+01    1.39823353e-06    9.10486268e+17
 9.50000000e-02    9.99877463e+01    1.64445283e-06    9.10480751e+17
 1.00000000e-01    9.99864078e+01    1.91800149e-06    9.10474937e+17
 1.05000000e-01    9.99850006e+01    2.22031753e-06    9.10468825e+17
 1.10000000e-01    9.99835248e+01    2.55283892e-06    9.10462416e+17
 1.15000000e-01    9.99819804e+01    2.91700355e-06    9.10455709e+17
 1.20000000e-01    9.99803673e+01    3.31424927e-06    9.10448704e+17
 1.25000000e-01    9.99786856e+01    3.74601386e-06    9.10441403e+17
 1.30000000e-01    9.99769353e+01    4.21373503e-06    9.10433805e+17
 1.35000000e-01    9.99751164e+01    4.71885041e-06    9.10425910e+17
 1.40000000e-01    9.99732289e+01    5.26279757e-06    9.10417718e+17
 1.45000000e-01    9.99712727e+01    5.84701401e-06    9.10409229e+17
 1.50000000e-01    9.99692480e+01    6.47293714e-06    9.10400444e+17
 1.55000000e-01    9.99671546e+01    7.14200427e-06    9.10391362e+17
 1.60000000e-01    9.99649926e+01    7.85565267e-06    9.10381983e+17
 1.65000000e-01    9.99627621e+01    8.61531948e-06    9.10372308e+17
 1.70000000e-01    9.99604629e+01    9.42244177e-06    9.10362336e+17
 1.75000000e-01    9.99580952e+01    1.02784565e-05    9.10352067e+17
 1.80000000e-01    9.99556588e+01    1.11848006e-05    9.10341501e+17
 1.85000000e-01    9.99531539e+01    1.21429108e-05    9.10330639e+17
 1.90000000e-01    9.99505804e+01    1.31542238e-05    9.10319479e+17
 1.95000000e-01    9.99479383e+01    1.42201762e-05    9.10308023e+17
 2.00000000e-01    9.99452277e+01    1.53422044e-05    9.10296269e+17
 2.05000000e-01    9.99424484e+01    1.65217448e-05    9.10284218e+17
 2.10000000e-01    9.99396006e+01    1.77602336e-05    9.10271869e+17
 2.15000000e-01    9.99366843e+01    1.90591070e-05    9.10259223e+17
 2.20000000e-01    9.99336994e+01    2.04198010e-05    9.10246278e+17
 2.25000000e-01    9.99306459e+01    2.18437514e-05    9.10233034e+17
 2.30000000e-01    9.99275239e+01    2.33323941e-05    9.10219492e+17
 2.35000000e-01    9.99243333e+01    2.48871646e-05    9.10205651e+17
 2.40000000e-01    9.99210742e+01    2.65094985e-05    9.10191510e+17
 2.45000000e-01    9.99177466e+01    2.82008311e-05    9.10177070e+17
 2.50000000e-01    9.99143504e+01    2.99625976e-05    9.10162332e+17
 2.55000000e-01    9.99108857e+01    3.17962333e-05    9.10147294e+17
 2.60000000e-01    9.99073524e+01    3.37031729e-05    9.10131958e+17
 2.65000000e-01    9.99037507e+01    3.56848514e-05    9.10116325e+17
 2.70000000e-01    9.99000805e+01    3.77427034e-05    9.10100393e+17
 2.75000000e-01    9.98963417e+01    3.98781634e-05    9.10084163e+17
 2.80000000e-01    9.98925344e+01    4.20926658e-05    9.10067637e+17
 2.85000000e-01    9.98886587e+01    4.43876447e-05    9.10050814e+17
 2.90000000e-01    9.98847144e+01    4.67645344e-05    9.10033694e+17
 2.95000000e-01    9.98807017e+01    4.92247685e-05    9.10016279e+17
 3.00000000e-01    9.98766205e+01    5.17697810e-05    9.09998569e+17
 3.05000000e-01    9.98724708e+01    5.44010053e-05    9.09980564e+17
 3.10000000e-01    9.98682527e+01    5.71198748e-05    9.09962264e+17
 3.15000000e-01    9.98639661e+01    5.99278229e-05    9.09943670e+17
 3.20000000e-01    9.98596110e+01    6.28262825e-05    9.09924781e+17
 3.25000000e-01    9.98551875e+01    6.58166865e-05    9.09905598e+17
 3.30000000e-01    9.98506956e+01    6.89004676e-05    9.09886119e+17
 3.35000000e-01    9.98461352e+01    7.20790584e-05    9.09866345e+17
 3.40000000e-01    9.98415064e+01    7.53538911e-05    9.09846275e+17
 3.45000000e-01    9.98368092e+01    7.87263979e-05    9.09825909e+17
 3.50000000e-01    9.98320435e+01    8.21980108e-05    9.09805248e+17
 3.55000000e-01    9.98272095e+01    8.57701615e-05    9.09784290e+17
 3.60000000e-01    9.98223070e+01    8.94442816e-05    9.09763035e+17
 3.65000000e-01    9.98173362e+01    9.32218024e-05    9.09741484e+17
 3.70000000e-01    9.98122970e+01    9.71041550e-05    9.09719636e+17
 3.75000000e-01    9.98071893e+01    1.01092771e-04    9.09697491e+17
 3.80000000e-01    9.98020134e+01    1.05189080e-04    9.09675049e+17
 3.85000000e-01    9.97967690e+01    1.09394513e-04    9.09652311e+17
 3.90000000e-01    9.97914563e+01    1.13710500e-04    9.09629276e+17
 3.95000000e-01    9.97860752e+01    1.18138472e-04    9.09605945e+17
 4.00000000e-01    9.97806258e+01    1.22679859e-04    9.09582317e+17
 4.05000000e-01    9.97751081e+01    1.27336089e-04    9.09558393e+17
 4.10000000e-01    9.97695221e+01    1.32108593e-04    9.09534173e+17
 4.15000000e-01    9.97638677e+01    1.36998800e-04    9.09509657e+17
 4.20000000e-01    9.97581450e+01    1.42008138e-04    9.09484845e+17
 4.25000000e-01    9.97523540e+01    1.47138036e-04    9.09459736e+17
 4.30000000e-01    9.97464947e+01    1.52389924e-04    9.09434332e+17
 4.35000000e-01    9.97405672e+01    1.57765228e-04    9.09408632e+17
 4.40000000e-01    9.97345713e+01    1.63265378e-04    9.09382636e+17
 4.45000000e-01    9.97285072e+01    1.68891801e-04    9.09356344e+17
 4.50000000e-01    9.97223748e+01    1.74645924e-04    9.09329756e+17
 4.55000000e-01    9.97161742e+01    1.80529175e-04    9.09302872e+17
 4.60000000e-01    9.97099054e+01    1.86542981e-04    9.09275692e+17
 4.65000000e-01    9.97035683e+01    1.92688769e-04    9.09248217e+17
 4.70000000e-01    9.96971629e+01    1.98967964e-04    9.09220445e+17
 4.75000000e-01    9.96906894e+01    2.05381994e-04    9.09192378e+17
 4.80000000e-01    9.96841477e+01    2.11932284e-04    9.09164015e+17
 4.85000000e-01    9.96775377e+01    2.18620261e-04    9.09135355e+17
 4.90000000e-01    9.96708596e+01    2.25447349e-04    9.09106400e+17
 4.95000000e-01    9.96641133e+01    2.32414973e-04    9.09077148e+17
 5.00000000e-01    9.96572989e+01    2.39524559e-04    9.09047602e+17
 5.05000000e-01    9.96504163e+01    2.46777532e-04    9.09017761e+17
 5.10000000e-01    9.96434655e+01    2.54175315e-04    9.08987627e+17
 5.15000000e-01    9.96364466e+01    2.61719333e-04    9.08957202e+17
 5.20000000e-01    9.96293596e+01    2.69411009e-04    9.08926486e+17
 5.25000000e-01    9.96222044e+01    2.77251767e-04    9.08895480e+17
 5.30000000e-01    9.96149812e+01    2.85243031e-04    9.08864187e+17
 5.35000000e-01    9.96076898e+01    2.93386223e-04    9.08832604e+17
 5.40000000e-01    9.96003304e+01    3.01682766e-04    9.08800730e+17
 5.45000000e-01    9.95929029e+01    3.10134082e-04    9.08768564e+17
 5.50000000e-01    9.95854073e+01    3.18741594e-04    9.08736101e+17
 5.55000000e-01    9.95778437e+01    3.27506722e-04    9.08703341e+17
 5.60000000e-01    9.95702121e+01    3.36430889e-04    9.08670279e+17
 5.65000000e-01    9.95625124e+01    3.45515516e-04    9.08636915e+17
 5.70000000e-01    9.95547446e+01    3.54762022e-04    9.08603249e+17
 5.75000000e-01    9.95469089e+01    3.64171830e-04    9.08569284e+17
 5.80000000e-01    9.95390052e+01    3.73746357e-04    9.08535023e+17
 5.85000000e-01    9.95310335e+01    3.83487026e-04    9.08500470e+17
 5.90000000e-01    9.95229938e+01    3.93395254e-04    9.08465628e+17
 5.95000000e-01    9.95148861e+01    4.03472462e-04    9.08430502e+17
 6.00000000e-01    9.95067105e+01    4.13720067e-04    9.08395091e+17
 6.05000000e-01    9.94984670e+01    4.24139490e-04    9.08359394e+17
 6.10000000e-01    9.94901555e+01    4.34732148e-04    9.08323406e+17
 6.15000000e-01    9.94817761e+01    4.45499458e-04    9.08287124e+17
 6.20000000e-01    9.94733288e+01    4.56442839e-04    9.08250544e+17
 6.25000000e-01    9.94648136e+01    4.67563708e-04    9.08213662e+17
 6.30000000e-01    9.94562306e+01    4.78863481e-04    9.08176475e+17
 6.35000000e-01    9.94475796e+01    4.90343574e-04    9.08138987e+17
 6.40000000e-01    9.94388608e+01    5.02005404e-04    9.08101201e+17
 6.45000000e-01    9.94300742e+01    5.13850386e-04    9.08063122e+17
 6.50000000e-01    9.94212197e+01    5.25879936e-04    9.08024754e+17
 6.55000000e-01    9.94122974e+01    5.38095469e-04    9.07986101e+17
 6.60000000e-01    9.94033074e+01    5.50498400e-04    9.07947166e+17
 6.65000000e-01    9.93942495e+01    5.63090142e-04    9.07907946e+17
 6.70000000e-01    9.93851238e+01    5.75872111e-04    9.07868438e+17
 6.75000000e-01    9.93759304e+01    5.88845719e-04    9.07828640e+17
 6.80000000e-01    9.93666692e+01    6.02012381e-04    9.07788548e+17
 6.85000000e-01    9.93573403e+01    6.15373508e-04    9.07748158e+17
 6.90000000e-01    9.93479436e+01    6.28930514e-04    9.07707472e+17
 6.95000000e-01    9.93384793e+01    6.42684810e-04    9.07666491e+17
 7.00000000e-01    9.93289472e+01    6.56637808e-04    9.07625218e+17
 7.05000000e-01    9.93193475e+01    6.70790919e-04    9.07583655e+17
 7.10000000e-01    9.93096800e+01    6.85145554e-04    9.07541805e+17
 7.15000000e-01    9.92999450e+01    6.99703124e-04    9.07499668e+17
 7.20000000e-01    9.92901422e+01    7.14465039e-04    9.07457243e+17
 7.25000000e-01    9.92802719e+01    7.29432709e-04    9.07414527e+17
 7.30000000e-01    9.92703339e+01    7.44607543e-04    9.07371517e+17
 7.35000000e-01    9.92603284e+01    7.59990951e-04    9.07328211e+17
 7.40000000e-01    9.92502552e+01    7.75584339e-04    9.07284606e+17
 7.45000000e-01    9.92401145e+01    7.91389117e-04    9.07240706e+17
 7.50000000e-01    9.92299062e+01    8.07406693e-04    9.07196513e+17
 7.55000000e-01    9.92196303e+01    8.23638473e-04    9.07152029e+17
 7.60000000e-01    9.92092870e+01    8.40085864e-04    9.07107259e+17
 7.65000000e-01    9.91988761e+01    8.56750273e-04    9.07062205e+17
 7.70000000e-01    9.91883977e+01    8.73633107e-04    9.07016864e+17
 7.75000000e-01    9.91778519e+01    8.90735770e-04    9.06971233e+17
 7.80000000e-01    9.91672385e+01    9.08059668e-04    9.06925310e+17
 7.85000000e-01    9.91565577e+01    9.25606206e-04    9.06879090e+17
 7.90000000e-01    9.91458095e+01    9.43376788e-04    9.06832574e+17
 7.95000000e-01    9.91349939e+01    9.61372817e-04    9.06785765e+17
 8.00000000e-01    9.91241108e+01    9.79595698e-04    9.06738669e+17
 8.05000000e-01    9.91131603e+01    9.98046833e-04    9.06691292e+17
 8.10000000e-01    9.91021425e+01    1.01672763e-03    9.06643639e+17
 8.15000000e-01    9.90910573e+01    1.03563948e-03    9.06595711e+17
 8.20000000e-01    9.90799048e+01    1.05478379e-03    9.06547498e+17
 8.25000000e-01    9.90686849e+01    1.07416197e-03    9.06498991e+17
 8.30000000e-01    9.90573977e+01    1.09377541e-03    9.06450183e+17
 8.35000000e-01    9.90460433e+01    1.11362551e-03    9.06401064e+17
 8.40000000e-01    9.90346215e+01    1.13371368e-03    9.06351643e+17
 8.45000000e-01    9.90231325e+01    1.15404131e-03    9.06301929e+17
 8.50000000e-01    9.90115762e+01    1.17460980e-03    9.06251934e+17
 8.55000000e-01    9.89999527e+01    1.19542055e-03    9.06201671e+17
 8.60000000e-01    9.89882620e+01    1.21647496e-03    9.06151140e+17
 8.65000000e-01    9.89765040e+01    1.23777442e-03    9.06100332e+17
 8.70000000e-01    9.89646789e+01    1.25932034e-03    9.06049231e+17
 8.75000000e-01    9.89527867e+01    1.28111411e-03    9.05997824e+17
 8.80000000e-01    9.89408272e+01    1.30315712e-03    9.05946103e+17
 8.85000000e-01    9.89288007e+01    1.32545078e-03    9.05894077e+17
 8.90000000e-01    9.89167070e+01    1.34799647e-03    9.05841757e+17
 8.95000000e-01    9.89045463e+01    1.37079559e-03    9.05789157e+17
 9.00000000e-01    9.88923184e+01    1.39384954e-03    9.05736290e+17
 9.05000000e-01    9.88800235e+01    1.41715971e-03    9.05683154e+17
 9.10000000e-01    9.88676616e+01    1.44072749e-03    9.05629743e+17
 9.15000000e-01    9.88552326e+01    1.46455427e-03    9.05576050e+17
 9.20000000e-01    9.88427366e+01    1.48864146e-03    9.05522067e+17
 9.25000000e-01    9.88301736e+01    1.51299043e-03    9.05467792e+17
 9.30000000e-01    9.88175437e+01    1.53760258e-03    9.05413226e+17
 9.35000000e-01    9.88048468e+01    1.56247931e-03    9.05358369e+17
 9.40000000e-01    9.87920829e+01    1.58762200e-03    9.05303223e+17
 9.45000000e-01    9.87792521e+01    1.61303203e-03    9.05247788e+17
 9.50000000e-01    9.87663545e+01    1.63871081e-03    9.05192065e+17
 9.55000000e-01    9.87533899e+01    1.66465972e-03    9.05136056e+17
 9.60000000e-01    9.87403585e+01    1.69088014e-03    9.05079760e+17
 9.65000000e-01    9.87272602e+01    1.71737347e-03    9.05023179e+17
 9.70000000e-01    9.87140951e+01    1.74414110e-03    9.04966313e+17
 9.75000000e-01    9.87008633e+01    1.77118440e-03    9.04909162e+17
 9.80000000e-01    9.86875646e+01    1.79850476e-03    9.04851726e+17
 9.85000000e-01    9.86741991e+01    1.82610358e-03    9.04794006e+17
 9.90000000e-01    9.86607669e+01    1.85398223e-03    9.04735998e+17
 9.95000000e-01    9.86472679e+01    1.88214210e-03    9.04677701e+17
 1.00000000e+00    9.86337023e+01    1.91058457e-03    9.04619114e+17
 1.00500000e+00    9.86200699e+01    1.93931103e-03    9.04560242e+17
 1.01000000e+00    9.86063709e+01    1.96832286e-03    9.04501095e+17
 1.01500000e+00    9.85926052e+01    1.99762144e-03    9.04441679e+17
 1.02000000e+00    9.85787729e+01    2.02720815e-03    9.04381999e+17
 1.02500000e+00    9.85648740e+01    2.05708439e-03    9.04322042e+17
 1.03000000e+00    9.85509084e+01    2.08725152e-03    9.04261793e+17
 1.03500000e+00    9.85368763e+01    2.11771092e-03    9.04201236e+17
 1.04000000e+00    9.85227776e+01    2.14846398e-03    9.04140371e+17
 1.04500000e+00    9.85086124e+01    2.17951208e-03    9.04079211e+17
 1.05000000e+00    9.84943807e+01    2.21085658e-03    9.04017775e+17
 1.05500000e+00    9.84800825e+01    2.24249888e-03    9.03956080e+17
 1.06000000e+00    9.84657178e+01    2.27444034e-03    9.03894123e+17
 1.06500000e+00    9.84512866e+01    2.30668235e-03    9.03831899e+17
 1.07000000e+00    9.84367890e+01    2.33922628e-03    9.03769397e+17
 1.07500000e+00    9.84222250e+01    2.37207351e-03    9.03706610e+17
 1.08000000e+00    9.84075946e+01    2.40522542e-03    9.03643531e+17
 1.08500000e+00    9.83928978e+01    2.43868336e-03    9.03580151e+17
 1.09000000e+00    9.83781347e+01    2.47244873e-03    9.03516464e+17
 1.09500000e+00    9.83633052e+01    2.50652289e-03    9.03452476e+17
 1.10000000e+00    9.83484095e+01    2.54090722e-03    9.03388205e+17
 1.10500000e+00    9.83334474e+01    2.57560308e-03    9.03323665e+17
 1.11000000e+00    9.83184191e+01    2.61061184e-03    9.03258865e+17
 1.11500000e+00    9.83033245e+01    2.64593489e-03    9.03193797e+17
 1.12000000e+00    9.82881637e+01    2.68157359e-03    9.03128452e+17
 1.12500000e+00    9.82729367e+01    2.71752931e-03    9.03062821e+17
 1.13000000e+00    9.82576435e+01    2.75380342e-03    9.02996909e+17
 1.13500000e+00    9.82422841e+01    2.79039728e-03    9.02930728e+17
 1.14000000e+00    9.82268586e+01    2.82731227e-03    9.02864287e+17
 1.14500000e+00    9.82113670e+01    2.86454976e-03    9.02797584e+17
 1.15000000e+00    9.81958093e+01    2.90211111e-03    9.02730602e+17
 1.15500000e+00    9.81801855e+01    2.93999768e-03    9.02663324e+17
 1.16000000e+00    9.81644956e+01    2.97821085e-03    9.02595738e+17
 1.16500000e+00    9.81487398e+01    3.01675197e-03    9.02527850e+17
 1.17000000e+00    9.81329179e+01    3.05562241e-03    9.02459670e+17
 1.17500000e+00    9.81170300e+01    3.09482353e-03    9.02391205e+17
 1.18000000e+00    9.81010762e+01    3.13435670e-03    9.02322471e+17
 1.18500000e+00    9.80850564e+01    3.17422328e-03    9.02253482e+17
 1.19000000e+00    9.80689707e+01    3.21442462e-03    9.02184254e+17
 1.19500000e+00    9.80528191e+01    3.25496210e-03    9.02114771e+17
 1.20000000e+00    9.80366017e+01    3.29583708e-03    9.02045002e+17
 1.20500000e+00    9.80203184e+01    3.33705090e-03    9.01974917e+17
 1.21000000e+00    9.80039692e+01    3.37860494e-03    9.01904513e+17
 1.21500000e+00    9.79875543e+01    3.42050055e-03    9.01833821e+17
 1.22000000e+00    9.79710736e+01    3.46273908e-03    9.01762872e+17
 1.22500000e+00    9.79545271e+01    3.50532189e-03    9.01691680e+17
 1.23000000e+00    9.79379149e+01    3.54825035e-03    9.01620232e+17
 1.23500000e+00    9.79212369e+01    3.59152580e-03    9.01548513e+17
 1.24000000e+00    9.79044933e+01    3.63514961e-03    9.01476510e+17
 1.24500000e+00    9.78876840e+01    3.67912313e-03    9.01404216e+17
 1.25000000e+00    9.78708091e+01    3.72344770e-03    9.01331625e+17
 1.25500000e+00    9.78538686e+01    3.76812469e-03    9.01258736e+17
 1.26000000e+00    9.78368624e+01    3.81315545e-03    9.01185560e+17
 1.26500000e+00    9.78197907e+01    3.85854132e-03    9.01112114e+17
 1.27000000e+00    9.78026535e+01    3.90428366e-03    9.01038408e+17
 1.27500000e+00    9.77854507e+01    3.95038382e-03    9.00964454e+17
 1.28000000e+00    9.77681825e+01    3.99684315e-03    9.00890260e+17
 1.28500000e+00    9.77508487e+01    4.04366301e-03    9.00815824e+17
 1.29000000e+00    9.77334495e+01    4.09084473e-03    9.00741121e+17
 1.29500000e+00    9.77159849e+01    4.13838968e-03    9.00666123e+17
 1.30000000e+00    9.76984549e+01    4.18629919e-03    9.00590811e+17
 1.30500000e+00    9.76808595e+01    4.23457462e-03    9.00515201e+17
 1.31000000e+00    9.76631988e+01    4.28321729e-03    9.00439313e+17
 1.31500000e+00    9.76454727e+01    4.33222857e-03    9.00363158e+17
 1.32000000e+00    9.76276813e+01    4.38160980e-03    9.00286734e+17
 1.32500000e+00    9.76098247e+01    4.43136232e-03    9.00210037e+17
 1.33000000e+00    9.75919028e+01    4.48148746e-03    9.00133068e+17
 1.33500000e+00    9.75739157e+01    4.53198659e-03    9.00055834e+17
 1.34000000e+00    9.75558634e+01    4.58286103e-03    8.99978343e+17
 1.34500000e+00    9.75377459e+01    4.63411213e-03    8.99900598e+17
 1.35000000e+00    9.75195632e+01    4.68574123e-03    8.99822595e+17
 1.35500000e+00    9.75013155e+01    4.73774968e-03    8.99744331e+17
 1.36000000e+00    9.74830026e+01    4.79013880e-03    8.99665792e+17
 1.36500000e+00    9.74646246e+01    4.84290995e-03    8.99586963e+17
 1.37000000e+00    9.74461817e+01    4.89606444e-03    8.99507830e+17
 1.37500000e+00    9.74276736e+01    4.94960363e-03    8.99428408e+17
 1.38000000e+00    9.74091006e+01    5.00352884e-03    8.99348723e+17
 1.38500000e+00    9.73904626e+01    5.05784142e-03    8.99268796e+17
 1.39000000e+00    9.73717597e+01    5.11254269e-03    8.99188617e+17
 1.39500000e+00    9.73529919e+01    5.16763399e-03    8.99108173e+17
 1.40000000e+00    9.73341591e+01    5.22311667e-03    8.99027456e+17
 1.40500000e+00    9.73152615e+01    5.27899203e-03    8.98946470e+17
 1.41000000e+00    9.72962991e+01    5.33526143e-03    8.98865218e+17
 1.41500000e+00    9.72772718e+01    5.39192620e-03    8.98783703e+17
 1.42000000e+00    9.72581798e+01    5.44898765e-03    8.98701919e+17
 1.42500000e+00    9.72390230e+01    5.50644712e-03    8.98619863e+17
 1.43000000e+00    9.72198014e+01    5.56430595e-03    8.98537533e+17
 1.43500000e+00    9.72005152e+01    5.62256545e-03    8.98454929e+17
 1.44000000e+00    9.71811643e+01    5.68122696e-03    8.98372055e+17
 1.44500000e+00    9.71617487e+01    5.74029180e-03    8.98288932e+17
 1.45000000e+00    9.71422685e+01    5.79976130e-03    8.98205581e+17
 1.45500000e+00    9.71227237e+01    5.85963679e-03    8.98121990e+17
 1.46000000e+00    9.71031143e+01    5.91991959e-03    8.98038118e+17
 1.46500000e+00    9.70834403e+01    5.98061102e-03    8.97953928e+17
 1.47000000e+00    9.70637019e+01    6.04171241e-03    8.97869453e+17
 1.47500000e+00    9.70438990e+01    6.10322507e-03    8.97784748e+17
 1.48000000e+00    9.70240316e+01    6.16515034e-03    8.97699835e+17
 1.48500000e+00    9.70040997e+01    6.22748953e-03    8.97614661e+17
 1.49000000e+00    9.69841035e+01    6.29024397e-03    8.97529166e+17
 1.49500000e+00    9.69640429e+01    6.35341496e-03    8.97443361e+17
 1.50000000e+00    9.69439179e+01    6.41700383e-03    8.97357305e+17
 1.50500000e+00    9.69237286e+01    6.48101190e-03    8.97271038e+17
 1.51000000e+00    9.69034750e+01    6.54544048e-03    8.97184542e+17
 1.51500000e+00    9.68831571e+01    6.61029089e-03    8.97097784e+17
 1.52000000e+00    9.68627750e+01    6.67556446e-03    8.97010753e+17
 1.52500000e+00    9.68423287e+01    6.74126248e-03    8.96923455e+17
 1.53000000e+00    9.68218182e+01    6.80738629e-03    8.96835898e+17
 1.53500000e+00    9.68012435e+01    6.87393718e-03    8.96748085e+17
 1.54000000e+00    9.67806047e+01    6.94091647e-03    8.96660015e+17
 1.54500000e+00    9.67599018e+01    7.00832549e-03    8.96571685e+17
 1.55000000e+00    9.67391349e+01    7.07616552e-03    8.96483086e+17
 1.55500000e+00    9.67183039e+01    7.14443789e-03    8.96394216e+17
 1.56000000e+00    9.66974088e+01    7.21314390e-03    8.96305102e+17
 1.56500000e+00    9.66764498e+01    7.28228487e-03    8.96215778e+17
 1.57000000e+00    9.66554269e+01    7.35186211e-03    8.96126234e+17
 1.57500000e+00    9.66343400e+01    7.42187692e-03    8.96036408e+17
 1.58000000e+00    9.66131892e+01    7.49233061e-03    8.95946262e+17
 1.58500000e+00    9.65919745e+01    7.56322447e-03    8.95855846e+17
 1.59000000e+00    9.65706960e+01    7.63455982e-03    8.95765233e+17
 1.59500000e+00    9.65493537e+01    7.70633797e-03    8.95674417e+17
 1.60000000e+00    9.65279476e+01    7.77856021e-03    8.95583325e+17
 1.60500000e+00    9.65064778e+01    7.85122786e-03    8.95491912e+17
 1.61000000e+00    9.64849442e+01    7.92434220e-03    8.95400227e+17
 1.61500000e+00    9.64633470e+01    7.99790453e-03    8.95308331e+17
 1.62000000e+00    9.64416860e+01    8.07191617e-03    8.95216226e+17
 1.62500000e+00    9.64199615e+01    8.14637842e-03    8.95123882e+17
 1.63000000e+00    9.63981733e+01    8.22129256e-03    8.95031278e+17
 1.63500000e+00    9.63763216e+01    8.29665990e-03    8.94938415e+17
 1.64000000e+00    9.63544063e+01    8.37248175e-03    8.94845297e+17
 1.64500000e+00    9.63324275e+01    8.44875938e-03    8.94751928e+17
 1.65000000e+00    9.63103852e+01    8.52549410e-03    8.94658310e+17
 1.65500000e+00    9.62882794e+01    8.60268720e-03    8.94564448e+17
 1.66000000e+00    9.62661102e+01    8.68033998e-03    8.94470344e+17
 1.66500000e+00    9.62438777e+01    8.75845373e-03    8.94375994e+17
 1.67000000e+00    9.62215817e+01    8.83702974e-03    8.94281392e+17
 1.67500000e+00    9.61992225e+01    8.91606931e-03    8.94186531e+17
 1.68000000e+00    9.61767999e+01    8.99557372e-03    8.94091440e+17
 1.68500000e+00    9.61543140e+01    9.07554427e-03    8.93996160e+17
 1.69000000e+00    9.61317649e+01    9.15598225e-03    8.93900671e+17
 1.69500000e+00    9.61091526e+01    9.23688895e-03    8.93804907e+17
 1.70000000e+00    9.60864771e+01    9.31826565e-03    8.93708838e+17
 1.70500000e+00    9.60637385e+01    9.40011364e-03    8.93612523e+17
 1.71000000e+00    9.60409367e+01    9.48243420e-03    8.93516017e+17
 1.71500000e+00    9.60180718e+01    9.56522863e-03    8.93419315e+17
 1.72000000e+00    9.59951439e+01    9.64849822e-03    8.93322394e+17
 1.72500000e+00    9.59721529e+01    9.73224424e-03    8.93225218e+17
 1.73000000e+00    9.59490990e+01    9.81646797e-03    8.93127745e+17
 1.73500000e+00    9.59259821e+01    9.90117070e-03    8.93029986e+17
 1.74000000e+00    9.59028022e+01    9.98635371e-03    8.92932018e+17
 1.74500000e+00    9.58795594e+01    1.00720183e-02    8.92833892e+17
 1.75000000e+00    9.58562538e+01    1.01581657e-02    8.92735563e+17
 1.75500000e+00    9.58328853e+01    1.02447972e-02    8.92636981e+17
 1.76000000e+00    9.58094540e+01    1.03319142e-02    8.92538147e+17
 1.76500000e+00    9.57859599e+01    1.04195178e-02    8.92439080e+17
 1.77000000e+00    9.57624031e+01    1.05076094e-02    8.92339806e+17
 1.77500000e+00    9.57387836e+01    1.05961902e-02    8.92240354e+17
 1.78000000e+00    9.57151013e+01    1.06852615e-02    8.92140713e+17
 1.78500000e+00    9.56913564e+01    1.07748246e-02    8.92040826e+17
 1.79000000e+00    9.56675489e+01    1.08648808e-02    8.91940661e+17
 1.79500000e+00    9.56436788e+01    1.09554313e-02    8.91840252e+17
 1.80000000e+00    9.56197461e+01    1.10464774e-02    8.91739640e+17
 1.80500000e+00    9.55957509e+01    1.11380204e-02    8.91638842e+17
 1.81000000e+00    9.55716932e+01    1.12300616e-02    8.91537868e+17
 1.81500000e+00    9.55475730e+01    1.13226022e-02    8.91436710e+17
 1.82000000e+00    9.55233904e+01    1.14156435e-02    8.91335351e+17
 1.82500000e+00    9.54991454e+01    1.15091868e-02    8.91233772e+17
 1.83000000e+00    9.54748380e+01    1.16032333e-02    8.91131952e+17
 1.83500000e+00    9.54504683e+01    1.16977843e-02    8.91029903e+17
 1.84000000e+00    9.54260363e+01    1.17928411e-02    8.90927673e+17
 1.84500000e+00    9.54015419e+01    1.18884049e-02    8.90825288e+17
 1.85000000e+00    9.53769854e+01    1.19844771e-02    8.90722747e+17
 1.85500000e+00    9.53523666e+01    1.20810588e-02    8.90620036e+17
 1.86000000e+00    9.53276856e+01    1.21781514e-02    8.90517135e+17
 1.86500000e+00    9.53029425e+01    1.22757561e-02    8.90414037e+17
 1.87000000e+00    9.52781373e+01    1.23738742e-02    8.90310806e+17
 1.87500000e+00    9.52532700e+01    1.24725069e-02    8.90207505e+17
 1.88000000e+00    9.52283406e+01    1.25716556e-02    8.90104088e+17
 1.88500000e+00    9.52033491e+01    1.26713215e-02    8.90000487e+17
 1.89000000e+00    9.51782957e+01    1.27715059e-02    8.89896791e+17
 1.89500000e+00    9.51531803e+01    1.28722100e-02    8.89793168e+17
 1.90000000e+00    9.51280030e+01    1.29734351e-02    8.89689601e+17
 1.90500000e+00    9.51027637e+01    1.30751826e-02    8.89585937e+17
 1.91000000e+00    9.50774626e+01    1.31774536e-02    8.89482071e+17
 1.91500000e+00    9.50520996e+01    1.32802495e-02    8.89377954e+17
 1.92000000e+00    9.50266747e+01    1.33835715e-02    8.89273549e+17
 1.92500000e+00    9.50011881e+01    1.34874208e-02    8.89168831e+17
 1.93000000e+00    9.49756398e+01    1.35917987e-02    8.89063801e+17
 1.93500000e+00    9.49500297e+01    1.36967063e-02    8.88958511e+17
 1.94000000e+00    9.49243579e+01    1.38021451e-02    8.88852996e+17
 1.94500000e+00    9.48986245e+01    1.39081161e-02    8.88747239e+17
 1.95000000e+00    9.48728295e+01    1.40146207e-02    8.88641217e+17
 1.95500000e+00    9.48469729e+01    1.41216601e-02    8.88534910e+17
 1.96000000e+00    9.48210547e+01    1.42292355e-02    8.88428316e+17
 1.96500000e+00    9.47950751e+01    1.43373482e-02    8.88321488e+17
 1.97000000e+00    9.47690340e+01    1.44459994e-02    8.88214473e+17
 1.97500000e+00    9.47429314e+01    1.45551904e-02    8.88107196e+17
 1.98000000e+00    9.47167674e+01    1.46649223e-02    8.87999567e+17
 1.98500000e+00    9.46905421e+01    1.47751965e-02    8.87891614e+17
 1.99000000e+00    9.46642554e+01    1.48860141e-02    8.87783401e+17
 1.99500000e+00    9.46379074e+01    1.49973764e-02    8.87674955e+17
 2.00000000e+00    9.46114981e+01    1.51092846e-02    8.87566282e+17
 2.00500000e+00    9.45850277e+01    1.52217400e-02    8.87457380e+17
 2.01000000e+00    9.45584960e+01    1.53347438e-02    8.87348235e+17
 2.01500000e+00    9.45319032e+01    1.54482972e-02    8.87238793e+17
 2.02000000e+00    9.45052492e+01    1.55624014e-02    8.87128991e+17
 2.02500000e+00    9.44785342e+01    1.56770577e-02    8.87018889e+17
 2.03000000e+00    9.44517581e+01    1.57922673e-02    8.86908590e+17
 2.03500000e+00    9.44249210e+01    1.59080314e-02    8.86798083e+17
 2.04000000e+00    9.43980229e+01    1.60243513e-02    8.86687302e+17
 2.04500000e+00    9.43710639e+01    1.61412281e-02    8.86576226e+17
 2.05000000e+00    9.43440440e+01    1.62586631e-02    8.86464864e+17
 2.05500000e+00    9.43169632e+01    1.63766576e-02    8.86353258e+17
 2.06000000e+00    9.42898216e+01    1.64952127e-02    8.86241448e+17
 2.06500000e+00    9.42626192e+01    1.66143296e-02    8.86129390e+17
 2.07000000e+00    9.42353560e+01    1.67340096e-02    8.86017008e+17
 2.07500000e+00    9.42080321e+01    1.68542539e-02    8.85904312e+17
 2.08000000e+00    9.41806475e+01    1.69750638e-02    8.85791340e+17
 2.08500000e+00    9.41532022e+01    1.70964403e-02    8.85678130e+17
 2.09000000e+00    9.41256964e+01    1.72183848e-02    8.85564706e+17
 2.09500000e+00    9.40981299e+01    1.73408984e-02    8.85451047e+17
 2.10000000e+00    9.40705030e+01    1.74639824e-02    8.85337116e+17
 2.10500000e+00    9.40428155e+01    1.75876379e-02    8.85222875e+17
 2.11000000e+00    9.40150675e+01    1.77118663e-02    8.85108309e+17
 2.11500000e+00    9.39872592e+01    1.78366686e-02    8.84993481e+17
 2.12000000e+00    9.39593904e+01    1.79620461e-02    8.84878437e+17
 2.12500000e+00    9.39314613e+01    1.80880001e-02    8.84763151e+17
 2.13000000e+00    9.39034719e+01    1.82145316e-02    8.84647594e+17
 2.13500000e+00    9.38754222e+01    1.83416420e-02    8.84531765e+17
 2.14000000e+00    9.38473122e+01    1.84693324e-02    8.84415678e+17
 2.14500000e+00    9.38191421e+01    1.85976040e-02    8.84299372e+17
 2.15000000e+00    9.37909118e+01    1.87264580e-02    8.84182832e+17
 2.15500000e+00    9.37626213e+01    1.88558957e-02    8.84065982e+17
 2.16000000e+00    9.37342708e+01    1.89859182e-02    8.83948808e+17
 2.16500000e+00    9.37058602e+01    1.91165267e-02    8.83831349e+17
 2.17000000e+00    9.36773896e+01    1.92477224e-02    8.83713647e+17
 2.17500000e+00    9.36488591e+01    1.93795066e-02    8.83595735e+17
 2.18000000e+00    9.36202686e+01    1.95118804e-02    8.83477594e+17
 2.18500000e+00    9.35916182e+01    1.96448449e-02    8.83359185e+17
 2.19000000e+00    9.35629079e+01    1.97784015e-02    8.83240463e+17
 2.19500000e+00    9.35341379e+01    1.99125513e-02    8.83121414e+17
 2.20000000e+00    9.35053080e+01    2.00472954e-02    8.83002109e+17
 2.20500000e+00    9.34764184e+01    2.01826351e-02    8.82882594e+17
 2.21000000e+00    9.34474691e+01    2.03185715e-02    8.82762826e+17
 2.21500000e+00    9.34184601e+01    2.04551059e-02    8.82642789e+17
 2.22000000e+00    9.33893915e+01    2.05922394e-02    8.82522504e+17
 2.22500000e+00    9.33602634e+01    2.07299733e-02    8.82401952e+17
 2.23000000e+00    9.33310756e+01    2.08683086e-02    8.82281088e+17
 2.23500000e+00    9.33018284e+01    2.10072466e-02    8.82159979e+17
 2.24000000e+00    9.32725217e+01    2.11467885e-02    8.82038707e+17
 2.24500000e+00    9.32431556e+01    2.12869355e-02    8.81917156e+17
 2.25000000e+00    9.32137301e+01    2.14276886e-02    8.81795235e+17
 2.25500000e+00    9.31842452e+01    2.15690492e-02    8.81673078e+17
 2.26000000e+00    9.31547010e+01    2.17110183e-02    8.81550736e+17
 2.26500000e+00    9.31250975e+01    2.18535972e-02    8.81428076e+17
 2.27000000e+00    9.30954349e+01    2.19967871e-02    8.81305089e+17
 2.27500000e+00    9.30657130e+01    2.21405890e-02    8.81181883e+17
 2.28000000e+00    9.30359319e+01    2.22850042e-02    8.81058461e+17
 2.28500000e+00    9.30060918e+01    2.24300338e-02    8.80934775e+17
 2.29000000e+00    9.29761926e+01    2.25756791e-02    8.80810811e+17
 2.29500000e+00    9.29462344e+01    2.27219412e-02    8.80686576e+17
 2.30000000e+00    9.29162171e+01    2.28688212e-02    8.80562091e+17
 2.30500000e+00    9.28861409e+01    2.30163203e-02    8.80437346e+17
 2.31000000e+00    9.28560058e+01    2.31644397e-02    8.80312289e+17
 2.31500000e+00    9.28258119e+01    2.33131806e-02    8.80186981e+17
 2.32000000e+00    9.27955591e+01    2.34625441e-02    8.80061516e+17
 2.32500000e+00    9.27652475e+01    2.36125314e-02    8.79935771e+17
 2.33000000e+00    9.27348772e+01    2.37631436e-02    8.79809653e+17
 2.33500000e+00    9.27044481e+01    2.39143819e-02    8.79683314e+17
 2.34000000e+00    9.26739604e+01    2.40662475e-02    8.79556784e+17
 2.34500000e+00    9.26434141e+01    2.42187415e-02    8.79429913e+17
 2.35000000e+00    9.26128092e+01    2.43718650e-02    8.79302740e+17
 2.35500000e+00    9.25821457e+01    2.45256193e-02    8.79175386e+17
 2.36000000e+00    9.25514238e+01    2.46800055e-02    8.79047800e+17
 2.36500000e+00    9.25206434e+01    2.48350247e-02    8.78919923e+17
 2.37000000e+00    9.24898045e+01    2.49906781e-02    8.78791771e+17
 2.37500000e+00    9.24589073e+01    2.51469668e-02    8.78663354e+17
 2.38000000e+00    9.24279518e+01    2.53038920e-02    8.78534666e+17
 2.38500000e+00    9.23969379e+01    2.54614549e-02    8.78405703e+17
 2.39000000e+00    9.23658659e+01    2.56196565e-02    8.78276478e+17
 2.39500000e+00    9.23347356e+01    2.57784980e-02    8.78147059e+17
 2.40000000e+00    9.23035471e+01    2.59379807e-02    8.78017426e+17
 2.40500000e+00    9.22723005e+01    2.60981055e-02    8.77887453e+17
 2.41000000e+00    9.22409958e+01    2.62588737e-02    8.77757138e+17
 2.41500000e+00    9.22096331e+01    2.64202864e-02    8.77626554e+17
 2.42000000e+00    9.21782124e+01    2.65823448e-02    8.77495776e+17
 2.42500000e+00    9.21467337e+01    2.67450499e-02    8.77364811e+17
 2.43000000e+00    9.21151971e+01    2.69084029e-02    8.77233579e+17
 2.43500000e+00    9.20836026e+01    2.70724050e-02    8.77102059e+17
 2.44000000e+00    9.20519503e+01    2.72370572e-02    8.76970268e+17
 2.44500000e+00    9.20202402e+01    2.74023608e-02    8.76838226e+17
 2.45000000e+00    9.19884724e+01    2.75683169e-02    8.76705928e+17
 2.45500000e+00    9.19566469e+01    2.77349265e-02    8.76573336e+17
 2.46000000e+00    9.19247637e+01    2.79021908e-02    8.76440468e+17
 2.46500000e+00    9.18928229e+01    2.80701110e-02    8.76307356e+17
 2.47000000e+00    9.18608245e+01    2.82386881e-02    8.76173962e+17
 2.47500000e+00    9.18287686e+01    2.84079234e-02    8.76040302e+17
 2.48000000e+00    9.17966552e+01    2.85778178e-02    8.75906470e+17
 2.48500000e+00    9.17644843e+01    2.87483726e-02    8.75772377e+17
 2.49000000e+00    9.17322561e+01    2.89195889e-02    8.75637926e+17
 2.49500000e+00    9.16999705e+01    2.90914678e-02    8.75503254e+17
 2.50000000e+00    9.16676275e+01    2.92640103e-02    8.75368396e+17
 2.50500000e+00    9.16352274e+01    2.94372177e-02    8.75233253e+17
 2.51000000e+00    9.16027699e+01    2.96110911e-02    8.75097844e+17
 2.51500000e+00    9.15702553e+01    2.97856315e-02    8.74962171e+17
 2.52000000e+00    9.15376836e+01    2.99608401e-02    8.74826130e+17
 2.52500000e+00    9.15050547e+01    3.01367180e-02    8.74689835e+17
 2.53000000e+00    9.14723689e+01    3.03132663e-02    8.74553469e+17
 2.53500000e+00    9.14396260e+01    3.04904861e-02    8.74416822e+17
 2.54000000e+00    9.14068261e+01    3.06683786e-02    8.74279793e+17
 2.54500000e+00    9.13739693e+01    3.08469448e-02    8.74142505e+17
 2.55000000e+00    9.13410556e+01    3.10261858e-02    8.74004949e+17
 2.55500000e+00    9.13080851e+01    3.12061028e-02    8.73867115e+17
 2.56000000e+00    9.12750579e+01    3.13866968e-02    8.73729099e+17
 2.56500000e+00    9.12419739e+01    3.15679689e-02    8.73590899e+17
 2.57000000e+00    9.12088331e+01    3.17499204e-02    8.73452424e+17
 2.57500000e+00    9.11756358e+01    3.19325522e-02    8.73313583e+17
 2.58000000e+00    9.11423818e+01    3.21158655e-02    8.73174426e+17
 2.58500000e+00    9.11090712e+01    3.22998613e-02    8.73035117e+17
 2.59000000e+00    9.10757042e+01    3.24845408e-02    8.72895589e+17
 2.59500000e+00    9.10422806e+01    3.26699051e-02    8.72755764e+17
 2.60000000e+00    9.10088007e+01    3.28559552e-02    8.72615675e+17
 2.60500000e+00    9.09752643e+01    3.30426922e-02    8.72475306e+17
 2.61000000e+00    9.09416716e+01    3.32301173e-02    8.72334661e+17
 2.61500000e+00    9.09080226e+01    3.34182315e-02    8.72193848e+17
 2.62000000e+00    9.08743174e+01    3.36070360e-02    8.72052787e+17
 2.62500000e+00    9.08405559e+01    3.37965317e-02    8.71911358e+17
 2.63000000e+00    9.08067383e+01    3.39867199e-02    8.71769739e+17
 2.63500000e+00    9.07728646e+01    3.41776015e-02    8.71627903e+17
 2.64000000e+00    9.07389349e+01    3.43691777e-02    8.71485671e+17
 2.64500000e+00    9.07049491e+01    3.45614496e-02    8.71343225e+17
 2.65000000e+00    9.06709073e+01    3.47544182e-02    8.71200620e+17
 2.65500000e+00    9.06368096e+01    3.49480846e-02    8.71057708e+17
 2.66000000e+00    9.06026560e+01    3.51424499e-02    8.70914513e+17
 2.66500000e+00    9.05684466e+01    3.53375151e-02    8.70771084e+17
 2.67000000e+00    9.05341813e+01    3.55332814e-02    8.70627409e+17
 2.67500000e+00    9.04998604e+01    3.57297499e-02    8.70483455e+17
 2.68000000e+00    9.04654837e+01    3.59269215e-02    8.70339208e+17
 2.68500000e+00    9.04310514e+01    3.61247974e-02    8.70194691e+17
 2.69000000e+00    9.03965635e+01    3.63233786e-02    8.70049992e+17
 2.69500000e+00    9.03620200e+01    3.65226663e-02    8.69905095e+17
 2.70000000e+00    9.03274210e+01    3.67226614e-02    8.69759817e+17
 2.70500000e+00    9.02927665e+01    3.69233651e-02    8.69614262e+17
 2.71000000e+00    9.02580566e+01    3.71247784e-02    8.69468553e+17
 2.71500000e+00    9.02232913e+01    3.73269024e-02    8.69322618e+17
 2.72000000e+00    9.01884707e+01    3.75297381e-02    8.69176336e+17
 2.72500000e+00    9.01535949e+01    3.77332867e-02    8.69029705e+17
 2.73000000e+00    9.01186638e+01    3.79375491e-02    8.68882904e+17
 2.73500000e+00    9.00836775e+01    3.81425264e-02    8.68735882e+17
 2.74000000e+00    9.00486360e+01    3.83482197e-02    8.68588599e+17
 2.74500000e+00    9.00135395e+01    3.85546300e-02    8.68441159e+17
 2.75000000e+00    8.99783879e+01    3.87617585e-02    8.68293434e+17
 2.75500000e+00    8.99431813e+01    3.89696061e-02    8.68145328e+17
 2.76000000e+00    8.99079198e+01    3.91781739e-02    8.67996939e+17
 2.76500000e+00    8.98726034e+01    3.93874630e-02    8.67848379e+17
 2.77000000e+00    8.98372321e+01    3.95974744e-02    8.67699606e+17
 2.77500000e+00    8.98018060e+01    3.98082091e-02    8.67550462e+17
 2.78000000e+00    8.97663252e+01    4.00196682e-02    8.67401096e+17
 2.78500000e+00    8.97307896e+01    4.02318528e-02    8.67251555e+17
 2.79000000e+00    8.96951994e+01    4.04447639e-02    8.67101726e+17
 2.79500000e+00    8.96595545e+01    4.06584025e-02    8.66951639e+17
 2.80000000e+00    8.96238551e+01    4.08727697e-02    8.66801305e+17
 2.80500000e+00    8.95881012e+01    4.10878665e-02    8.66650695e+17
 2.81000000e+00    8.95522927e+01    4.13036940e-02    8.66499821e+17
 2.81500000e+00    8.95164299e+01    4.15202531e-02    8.66348663e+17
 2.82000000e+00    8.94805127e+01    4.17375450e-02    8.66197238e+17
 2.82500000e+00    8.94445411e+01    4.19555707e-02    8.66045662e+17
 2.83000000e+00    8.94085153e+01    4.21743312e-02    8.65893799e+17
 2.83500000e+00    8.93724353e+01    4.23938275e-02    8.65741592e+17
 2.84000000e+00    8.93363010e+01    4.26140607e-02    8.65589242e+17
 2.84500000e+00    8.93001126e+01    4.28350317e-02    8.65436594e+17
 2.85000000e+00    8.92638702e+01    4.30567417e-02    8.65283609e+17
 2.85500000e+00    8.92275737e+01    4.32791917e-02    8.65130450e+17
 2.86000000e+00    8.91912232e+01    4.35023826e-02    8.64977058e+17
 2.86500000e+00    8.91548188e+01    4.37263155e-02    8.64823400e+17
 2.87000000e+00    8.91183605e+01    4.39509914e-02    8.64669473e+17
 2.87500000e+00    8.90818483e+01    4.41764114e-02    8.64515247e+17
 2.88000000e+00    8.90452824e+01    4.44025764e-02    8.64360848e+17
 2.88500000e+00    8.90086627e+01    4.46294876e-02    8.64206278e+17
 2.89000000e+00    8.89719893e+01    4.48571458e-02    8.64051320e+17
 2.89500000e+00    8.89352622e+01    4.50855521e-02    8.63896042e+17
 2.90000000e+00    8.88984816e+01    4.53147076e-02    8.63740550e+17
 2.90500000e+00    8.88616474e+01    4.55446132e-02    8.63584888e+17
 2.91000000e+00    8.88247598e+01    4.57752700e-02    8.63429012e+17
 2.91500000e+00    8.87878186e+01    4.60066789e-02    8.63272790e+17
 2.92000000e+00    8.87508241e+01    4.62388410e-02    8.63116217e+17
 2.92500000e+00    8.87137763e+01    4.64717573e-02    8.62959489e+17
 2.93000000e+00    8.86766751e+01    4.67054287e-02    8.62802559e+17
 2.93500000e+00    8.86395207e+01    4.69398564e-02    8.62645327e+17
 2.94000000e+00    8.86023131e+01    4.71750412e-02    8.62487802e+17
 2.94500000e+00    8.85650524e+01    4.74109842e-02    8.62330166e+17
 2.95000000e+00    8.85277385e+01    4.76476864e-02    8.62172222e+17
 2.95500000e+00    8.84903716e+01    4.78851488e-02    8.62013928e+17
 2.96000000e+00    8.84529517e+01    4.81233725e-02    8.61855536e+17
 2.96500000e+00    8.84154789e+01    4.83623583e-02    8.61696786e+17
 2.97000000e+00    8.83779531e+01    4.86021072e-02    8.61537728e+17
 2.97500000e+00    8.83403746e+01    4.88426204e-02    8.61378537e+17
 2.98000000e+00    8.83027432e+01    4.90838987e-02    8.61219088e+17
 2.98500000e+00    8.82650590e+01    4.93259432e-02    8.61059252e+17
 2.99000000e+00    8.82273222e+01    4.95687548e-02    8.60899117e+17
 2.99500000e+00    8.81895328e+01    4.98123344e-02    8.60738869e+17
 3.00000000e+00    8.81516907e+01    5.00566833e-02    8.60578474e+17
 3.00500000e+00    8.81137961e+01    5.03018022e-02    8.60417788e+17
 3.01000000e+00    8.80758490e+01    5.05476922e-02    8.60256732e+17
 3.01500000e+00    8.80378495e+01    5.07943543e-02    8.60095391e+17
 3.02000000e+00    8.79997976e+01    5.10417894e-02    8.59933942e+17
 3.02500000e+00    8.79616933e+01    5.12899986e-02    8.59772188e+17
 3.03000000e+00    8.79235368e+01    5.15389827e-02    8.59610082e+17
 3.03500000e+00    8.78853280e+01    5.17887428e-02    8.59447872e+17
 3.04000000e+00    8.78470671e+01    5.20392798e-02    8.59285405e+17
 3.04500000e+00    8.78087540e+01    5.22905948e-02    8.59122563e+17
 3.05000000e+00    8.77703888e+01    5.25426887e-02    8.58959420e+17
 3.05500000e+00    8.77319716e+01    5.27955623e-02    8.58796135e+17
 3.06000000e+00    8.76935024e+01    5.30492168e-02    8.58632594e+17
 3.06500000e+00    8.76549813e+01    5.33036531e-02    8.58468870e+17
 3.07000000e+00    8.76164084e+01    5.35588722e-02    8.58304949e+17
 3.07500000e+00    8.75777836e+01    5.38148750e-02    8.58140626e+17
 3.08000000e+00    8.75391070e+01    5.40716625e-02    8.57976004e+17
 3.08500000e+00    8.75003787e+01    5.43292356e-02    8.57811194e+17
 3.09000000e+00    8.74615988e+01    5.45875953e-02    8.57646222e+17
 3.09500000e+00    8.74227672e+01    5.48467426e-02    8.57480999e+17
 3.10000000e+00    8.73838841e+01    5.51066784e-02    8.57315366e+17
 3.10500000e+00    8.73449494e+01    5.53674036e-02    8.57149528e+17
 3.11000000e+00    8.73059633e+01    5.56289193e-02    8.56983538e+17
 3.11500000e+00    8.72669258e+01    5.58912264e-02    8.56817224e+17
 3.12000000e+00    8.72278370e+01    5.61543257e-02    8.56650677e+17
 3.12500000e+00    8.71886968e+01    5.64182184e-02    8.56483842e+17
 3.13000000e+00    8.71495054e+01    5.66829052e-02    8.56316813e+17
 3.13500000e+00    8.71102628e+01    5.69483873e-02    8.56149642e+17
 3.14000000e+00    8.70709691e+01    5.72146654e-02    8.55982051e+17
 3.14500000e+00    8.70316243e+01    5.74817406e-02    8.55814292e+17
 3.15000000e+00    8.69922284e+01    5.77496138e-02    8.55646269e+17
 3.15500000e+00    8.69527816e+01    5.80182860e-02    8.55477867e+17
 3.16000000e+00    8.69132838e+01    5.82877579e-02    8.55309340e+17
 3.16500000e+00    8.68737351e+01    5.85580307e-02    8.55140586e+17
 3.17000000e+00    8.68341357e+01    5.88291053e-02    8.54971552e+17
 3.17500000e+00    8.67944854e+01    5.91009825e-02    8.54802265e+17
 3.18000000e+00    8.67547844e+01    5.93736634e-02    8.54632736e+17
 3.18500000e+00    8.67150328e+01    5.96471487e-02    8.54462909e+17
 3.19000000e+00    8.66752306e+01    5.99214395e-02    8.54292802e+17
 3.19500000e+00    8.66353778e+01    6.01965368e-02    8.54122535e+17
 3.20000000e+00    8.65954745e+01    6.04724413e-02    8.53952069e+17
 3.20500000e+00    8.65555207e+01    6.07491541e-02    8.53781220e+17
 3.21000000e+00    8.65155166e+01    6.10266760e-02    8.53610213e+17
 3.21500000e+00    8.64754621e+01    6.13050081e-02    8.53439016e+17
 3.22000000e+00    8.64353573e+01    6.15841512e-02    8.53267456e+17
 3.22500000e+00    8.63952023e+01    6.18641061e-02    8.53095538e+17
 3.23000000e+00    8.63549971e+01    6.21448739e-02    8.52923487e+17
 3.23500000e+00    8.63147418e+01    6.24264554e-02    8.52751222e+17
 3.24000000e+00    8.62744364e+01    6.27088517e-02    8.52578650e+17
 3.24500000e+00    8.62340810e+01    6.29920634e-02    8.52405896e+17
 3.25000000e+00    8.61936756e+01    6.32760917e-02    8.52232998e+17
 3.25500000e+00    8.61532203e+01    6.35609374e-02    8.52059641e+17
 3.26000000e+00    8.61127152e+01    6.38466015e-02    8.51886156e+17
 3.26500000e+00    8.60721602e+01    6.41330847e-02    8.51712411e+17
 3.27000000e+00    8.60315555e+01    6.44203880e-02    8.51538327e+17
 3.27500000e+00    8.59909011e+01    6.47085124e-02    8.51364096e+17
 3.28000000e+00    8.59501971e+01    6.49974587e-02    8.51189618e+17
 3.28500000e+00    8.59094435e+01    6.52872278e-02    8.51014872e+17
 3.29000000e+00    8.58686404e+01    6.55778206e-02    8.50839854e+17
 3.29500000e+00    8.58277878e+01    6.58692381e-02    8.50664579e+17
 3.30000000e+00    8.57868857e+01    6.61614810e-02    8.50489066e+17
 3.30500000e+00    8.57459343e+01    6.64545504e-02    8.50313286e+17
 3.31000000e+00    8.57049336e+01    6.67484470e-02    8.50137204e+17
 3.31500000e+00    8.56638837e+01    6.70431718e-02    8.49961009e+17
 3.32000000e+00    8.56227845e+01    6.73387257e-02    8.49784562e+17
 3.32500000e+00    8.55816362e+01    6.76351096e-02    8.49607736e+17
 3.33000000e+00    8.55404389e+01    6.79323242e-02    8.49430798e+17
 3.33500000e+00    8.54991924e+01    6.82303707e-02    8.49253586e+17
 3.34000000e+00    8.54578971e+01    6.85292497e-02    8.49076131e+17
 3.34500000e+00    8.54165527e+01    6.88289622e-02    8.48898400e+17
 3.35000000e+00    8.53751595e+01    6.91295091e-02    8.48720394e+17
 3.35500000e+00    8.53337176e+01    6.94308913e-02    8.48542185e+17
 3.36000000e+00    8.52922268e+01    6.97331095e-02    8.48363671e+17
 3.36500000e+00    8.52506874e+01    7.00361647e-02    8.48184886e+17
 3.37000000e+00    8.52090993e+01    7.03400578e-02    8.48005983e+17
 3.37500000e+00    8.51674626e+01    7.06447897e-02    8.47826791e+17
 3.38000000e+00    8.51257774e+01    7.09503611e-02    8.47647245e+17
 3.38500000e+00    8.50840437e+01    7.12567730e-02    8.47467620e+17
 3.39000000e+00    8.50422616e+01    7.15640263e-02    8.47287717e+17
 3.39500000e+00    8.50004311e+01    7.18721218e-02    8.47107540e+17
 3.40000000e+00    8.49585523e+01    7.21810603e-02    8.46927096e+17
 3.40500000e+00    8.49166253e+01    7.24908428e-02    8.46746398e+17
 3.41000000e+00    8.48746501e+01    7.28014701e-02    8.46565461e+17
 3.41500000e+00    8.48326267e+01    7.31129430e-02    8.46384251e+17
 3.42000000e+00    8.47905552e+01    7.34252624e-02    8.46202794e+17
 3.42500000e+00    8.47484358e+01    7.37384291e-02    8.46021195e+17
 3.43000000e+00    8.47062683e+01    7.40524441e-02    8.45839253e+17
 3.43500000e+00    8.46640530e+01    7.43673081e-02    8.45657062e+17
 3.44000000e+00    8.46217898e+01    7.46830221e-02    8.45474693e+17
 3.44500000e+00    8.45794787e+01    7.49995867e-02    8.45291943e+17
 3.45000000e+00    8.45371200e+01    7.53170030e-02    8.45109077e+17
 3.45500000e+00    8.44947136e+01    7.56352718e-02    8.44925963e+17
 3.46000000e+00    8.44522595e+01    7.59543938e-02    8.44742535e+17
 3.46500000e+00    8.44097579e+01    7.62743699e-02    8.44558975e+17
 3.47000000e+00    8.43672087e+01    7.65952011e-02    8.44375215e+17
 3.47500000e+00    8.43246121e+01    7.69168881e-02    8.44191026e+17
 3.48000000e+00    8.42819681e+01    7.72394317e-02    8.44006596e+17
 3.48500000e+00    8.42392767e+01    7.75628328e-02    8.43822054e+17
 3.49000000e+00    8.41965381e+01    7.78870923e-02    8.43637141e+17
 3.49500000e+00    8.41537522e+01    7.82122108e-02    8.43452018e+17
 3.50000000e+00    8.41109191e+01    7.85381893e-02    8.43266749e+17
 3.50500000e+00    8.40680390e+01    7.88650287e-02    8.43081195e+17
 3.51000000e+00    8.40251118e+01    7.91927297e-02    8.42895347e+17
 3.51500000e+00    8.39821376e+01    7.95212932e-02    8.42709271e+17
 3.52000000e+00    8.39391164e+01    7.98507199e-02    8.42522971e+17
 3.52500000e+00    8.38960484e+01    8.01810108e-02    8.42336339e+17
 3.53000000e+00    8.38529335e+01    8.05121666e-02    8.42149604e+17
 3.53500000e+00    8.38097719e+01    8.08441881e-02    8.41962575e+17
 3.54000000e+00    8.37665635e+01    8.11770762e-02    8.41775244e+17
 3.54500000e+00    8.37233086e+01    8.15108316e-02    8.41587789e+17
 3.55000000e+00    8.36800070e+01    8.18454553e-02    8.41399905e+17
 3.55500000e+00    8.36366588e+01    8.21809479e-02    8.41211915e+17
 3.56000000e+00    8.35932643e+01    8.25173104e-02    8.41023665e+17
 3.56500000e+00    8.35498232e+01    8.28545435e-02    8.40835165e+17
 3.57000000e+00    8.35063359e+01    8.31926480e-02    8.40646425e+17
 3.57500000e+00    8.34628022e+01    8.35316247e-02    8.40457386e+17
 3.58000000e+00    8.34192223e+01    8.38714745e-02    8.40268153e+17
 3.58500000e+00    8.33755961e+01    8.42121981e-02    8.40078750e+17
 3.59000000e+00    8.33319239e+01    8.45537964e-02    8.39888963e+17
 3.59500000e+00    8.32882056e+01    8.48962701e-02    8.39699074e+17
 3.60000000e+00    8.32444413e+01    8.52396200e-02    8.39508801e+17
 3.60500000e+00    8.32006310e+01    8.55838469e-02    8.39318361e+17
 3.61000000e+00    8.31567749e+01    8.59289517e-02    8.39127725e+17
 3.61500000e+00    8.31128729e+01    8.62749351e-02    8.38936789e+17
 3.62000000e+00    8.30689251e+01    8.66217979e-02    8.38745617e+17
 3.62500000e+00    8.30249316e+01    8.69695409e-02    8.38554191e+17
 3.63000000e+00    8.29808925e+01    8.73181648e-02    8.38362521e+17
 3.63500000e+00    8.29368077e+01    8.76676705e-02    8.38170732e+17
 3.64000000e+00    8.28926775e+01    8.80180588e-02    8.37978503e+17
 3.64500000e+00    8.28485017e+01    8.83693304e-02    8.37786196e+17
 3.65000000e+00    8.28042805e+01    8.87214861e-02    8.37593514e+17
 3.65500000e+00    8.27600140e+01    8.90745267e-02    8.37400636e+17
 3.66000000e+00    8.27157022e+01    8.94284530e-02    8.37207583e+17
 3.66500000e+00    8.26713451e+01    8.97832657e-02    8.37014243e+17
 3.67000000e+00    8.26269428e+01    9.01389656e-02    8.36820694e+17
 3.67500000e+00    8.25824954e+01    9.04955535e-02    8.36626842e+17
 3.68000000e+00    8.25380030e+01    9.08530301e-02    8.36432759e+17
 3.68500000e+00    8.24934655e+01    9.12113962e-02    8.36238359e+17
 3.69000000e+00    8.24488831e+01    9.15706526e-02    8.36043944e+17
 3.69500000e+00    8.24042558e+01    9.19308001e-02    8.35849081e+17
 3.70000000e+00    8.23595837e+01    9.22918394e-02    8.35654079e+17
 3.70500000e+00    8.23148668e+01    9.26537712e-02    8.35458768e+17
 3.71000000e+00    8.22701053e+01    9.30165964e-02    8.35263195e+17
 3.71500000e+00    8.22252991e+01    9.33803156e-02    8.35067513e+17
 3.72000000e+00    8.21804482e+01    9.37449297e-02    8.34871531e+17
 3.72500000e+00    8.21355529e+01    9.41104394e-02    8.34675278e+17
 3.73000000e+00    8.20906131e+01    9.44768454e-02    8.34478785e+17
 3.73500000e+00    8.20456289e+01    9.48441486e-02    8.34282214e+17
 3.74000000e+00    8.20006004e+01    9.52123496e-02    8.34085215e+17
 3.74500000e+00    8.19555276e+01    9.55814492e-02    8.33887920e+17
 3.75000000e+00    8.19104105e+01    9.59514481e-02    8.33690552e+17
 3.75500000e+00    8.18652493e+01    9.63223471e-02    8.33492957e+17
 3.76000000e+00    8.18200440e+01    9.66941470e-02    8.33295098e+17
 3.76500000e+00    8.17747946e+01    9.70668484e-02    8.33096891e+17
 3.77000000e+00    8.17295013e+01    9.74404521e-02    8.32898375e+17
 3.77500000e+00    8.16841640e+01    9.78149589e-02    8.32699825e+17
 3.78000000e+00    8.16387829e+01    9.81903694e-02    8.32501104e+17
 3.78500000e+00    8.15933580e+01    9.85666845e-02    8.32301910e+17
 3.79000000e+00    8.15478893e+01    9.89439048e-02    8.32102552e+17
 3.79500000e+00    8.15023770e+01    9.93220310e-02    8.31903058e+17
 3.80000000e+00    8.14568211e+01    9.97010640e-02    8.31703128e+17
 3.80500000e+00    8.14112216e+01    1.00081004e-01    8.31503145e+17
 3.81000000e+00    8.13655786e+01    1.00461853e-01    8.31302738e+17
 3.81500000e+00    8.13198921e+01    1.00843610e-01    8.31102178e+17
 3.82000000e+00    8.12741623e+01    1.01226277e-01    8.30901444e+17
 3.82500000e+00    8.12283892e+01    1.01609854e-01    8.30700410e+17
 3.83000000e+00    8.11825729e+01    1.01994343e-01    8.30499248e+17
 3.83500000e+00    8.11367133e+01    1.02379743e-01    8.30297826e+17
 3.84000000e+00    8.10908107e+01    1.02766055e-01    8.30096017e+17
 3.84500000e+00    8.10448649e+01    1.03153281e-01    8.29894065e+17
 3.85000000e+00    8.09988762e+01    1.03541420e-01    8.29691900e+17
 3.85500000e+00    8.09528445e+01    1.03930475e-01    8.29489378e+17
 3.86000000e+00    8.09067700e+01    1.04320444e-01    8.29286745e+17
 3.86500000e+00    8.08606526e+01    1.04711329e-01    8.29083889e+17
 3.87000000e+00    8.08144925e+01    1.05103131e-01    8.28880729e+17
 3.87500000e+00    8.07682896e+01    1.05495851e-01    8.28677346e+17
 3.88000000e+00    8.07220442e+01    1.05889489e-01    8.28473694e+17
 3.88500000e+00    8.06757562e+01    1.06284045e-01    8.28269810e+17
 3.89000000e+00    8.06294256e+01    1.06679521e-01    8.28065798e+17
 3.89500000e+00    8.05830526e+01    1.07075917e-01    8.27861388e+17
 3.90000000e+00    8.05366373e+01    1.07473234e-01    8.27656883e+17
 3.90500000e+00    8.04901796e+01    1.07871472e-01    8.27452150e+17
 3.91000000e+00    8.04436796e+01    1.08270633e-01    8.27246983e+17
 3.91500000e+00    8.03971375e+01    1.08670717e-01    8.27041694e+17
 3.92000000e+00    8.03505532e+01    1.09071724e-01    8.26836201e+17
 3.92500000e+00    8.03039268e+01    1.09473656e-01    8.26630389e+17
 3.93000000e+00    8.02572585e+01    1.09876513e-01    8.26424514e+17
 3.93500000e+00    8.02105482e+01    1.10280295e-01    8.26218352e+17
 3.94000000e+00    8.01637960e+01    1.10685004e-01    8.26011774e+17
 3.94500000e+00    8.01170019e+01    1.11090639e-01    8.25805068e+17
 3.95000000e+00    8.00701662e+01    1.11497203e-01    8.25598243e+17
 3.95500000e+00    8.00232887e+01    1.11904695e-01    8.25391079e+17
 3.96000000e+00    7.99763696e+01    1.12313115e-01    8.25183569e+17
 3.96500000e+00    7.99294089e+01    1.12722466e-01    8.24975976e+17
 3.97000000e+00    7.98824067e+01    1.13132747e-01    8.24768108e+17
 3.97500000e+00    7.98353630e+01    1.13543959e-01    8.24560027e+17
 3.98000000e+00    7.97882780e+01    1.13956103e-01    8.24351804e+17
 3.98500000e+00    7.97411516e+01    1.14369179e-01    8.24143131e+17
 3.99000000e+00    7.96939840e+01    1.14783188e-01    8.23934283e+17
 3.99500000e+00    7.96467752e+01    1.15198131e-01    8.23725309e+17
 4.00000000e+00    7.95995253e+01    1.15614008e-01    8.23515944e+17
 4.00500000e+00    7.95522343e+01    1.16030820e-01    8.23306494e+17
 4.01000000e+00    7.95049023e+01    1.16448568e-01    8.23096767e+17
 4.01500000e+00    7.94575294e+01    1.16867252e-01    8.22886776e+17
 4.02000000e+00    7.94101155e+01    1.17286873e-01    8.22676562e+17
 4.02500000e+00    7.93626609e+01    1.17707431e-01    8.22466083e+17
 4.03000000e+00    7.93151655e+01    1.18128928e-01    8.22255328e+17
 4.03500000e+00    7.92676295e+01    1.18551364e-01    8.22044534e+17
 4.04000000e+00    7.92200528e+01    1.18974739e-01    8.21833301e+17
 4.04500000e+00    7.91724355e+01    1.19399055e-01    8.21622000e+17
 4.05000000e+00    7.91247777e+01    1.19824311e-01    8.21410427e+17
 4.05500000e+00    7.90770796e+01    1.20250509e-01    8.21198431e+17
 4.06000000e+00    7.90293410e+01    1.20677648e-01    8.20986369e+17
 4.06500000e+00    7.89815621e+01    1.21105731e-01    8.20774076e+17
 4.07000000e+00    7.89337431e+01    1.21534756e-01    8.20561490e+17
 4.07500000e+00    7.88858838e+01    1.21964726e-01    8.20348820e+17
 4.08000000e+00    7.88379844e+01    1.22395641e-01    8.20135787e+17
 4.08500000e+00    7.87900449e+01    1.22827500e-01    8.19922445e+17
 4.09000000e+00    7.87420655e+01    1.23260306e-01    8.19709002e+17
 4.09500000e+00    7.86940462e+01    1.23694057e-01    8.19495385e+17
 4.10000000e+00    7.86459870e+01    1.24128756e-01    8.19281317e+17
 4.10500000e+00    7.85978880e+01    1.24564403e-01    8.19067116e+17
 4.11000000e+00    7.85497493e+01    1.25000998e-01    8.18852728e+17
 4.11500000e+00    7.85015709e+01    1.25438542e-01    8.18638079e+17
 4.12000000e+00    7.84533529e+01    1.25877035e-01    8.18423137e+17
 4.12500000e+00    7.84050954e+01    1.26316478e-01    8.18208163e+17
 4.13000000e+00    7.83567984e+01    1.26756873e-01    8.17992768e+17
 4.13500000e+00    7.83084620e+01    1.27198218e-01    8.17777257e+17
 4.14000000e+00    7.82600863e+01    1.27640516e-01    8.17561371e+17
 4.14500000e+00    7.82116713e+01    1.28083766e-01    8.17345366e+17
 4.15000000e+00    7.81632170e+01    1.28527969e-01    8.17129121e+17
 4.15500000e+00    7.81147237e+01    1.28973127e-01    8.16912648e+17
 4.16000000e+00    7.80661912e+01    1.29419238e-01    8.16695914e+17
 4.16500000e+00    7.80176197e+01    1.29866304e-01    8.16478913e+17
 4.17000000e+00    7.79690093e+01    1.30314326e-01    8.16261680e+17
 4.17500000e+00    7.79203600e+01    1.30763304e-01    8.16044374e+17
 4.18000000e+00    7.78716719e+01    1.31213239e-01    8.15826621e+17
 4.18500000e+00    7.78229450e+01    1.31664131e-01    8.15608826e+17
 4.19000000e+00    7.77741794e+01    1.32115981e-01    8.15390586e+17
 4.19500000e+00    7.77253752e+01    1.32568790e-01    8.15172265e+17
 4.20000000e+00    7.76765325e+01    1.33022558e-01    8.14953719e+17
 4.20500000e+00    7.76276512e+01    1.33477285e-01    8.14734912e+17
 4.21000000e+00    7.75787315e+01    1.33932972e-01    8.14515875e+17
 4.21500000e+00    7.75297735e+01    1.34389620e-01    8.14296554e+17
 4.22000000e+00    7.74807771e+01    1.34847230e-01    8.14077168e+17
 4.22500000e+00    7.74317425e+01    1.35305802e-01    8.13857397e+17
 4.23000000e+00    7.73826697e+01    1.35765336e-01    8.13637468e+17
 4.23500000e+00    7.73335589e+01    1.36225833e-01    8.13417182e+17
 4.24000000e+00    7.72844100e+01    1.36687294e-01    8.13196857e+17
 4.24500000e+00    7.72352231e+01    1.37149719e-01    8.12976234e+17
 4.25000000e+00    7.71859983e+01    1.37613108e-01    8.12755348e+17
 4.25500000e+00    7.71367357e+01    1.38077464e-01    8.12534221e+17
 4.26000000e+00    7.70874353e+01    1.38542785e-01    8.12312831e+17
 4.26500000e+00    7.70380972e+01    1.39009072e-01    8.12091320e+17
 4.27000000e+00    7.69887215e+01    1.39476327e-01    8.11869547e+17
 4.27500000e+00    7.69393081e+01    1.39944549e-01    8.11647461e+17
 4.28000000e+00    7.68898573e+01    1.40413739e-01    8.11425340e+17
 4.28500000e+00    7.68403690e+01    1.40883898e-01    8.11202783e+17
 4.29000000e+00    7.67908434e+01    1.41355026e-01    8.10980029e+17
 4.29500000e+00    7.67412804e+01    1.41827123e-01    8.10757068e+17
 4.30000000e+00    7.66916802e+01    1.42300191e-01    8.10534034e+17
 4.30500000e+00    7.66420428e+01    1.42774230e-01    8.10310696e+17
 4.31000000e+00    7.65923683e+01    1.43249241e-01    8.10086972e+17
 4.31500000e+00    7.65426567e+01    1.43725223e-01    8.09863228e+17
 4.32000000e+00    7.64929081e+01    1.44202178e-01    8.09639050e+17
 4.32500000e+00    7.64431227e+01    1.44680105e-01    8.09414824e+17
 4.33000000e+00    7.63933004e+01    1.45159006e-01    8.09190334e+17
 4.33500000e+00    7.63434413e+01    1.45638882e-01    8.08965403e+17
 4.34000000e+00    7.62935455e+01    1.46119731e-01    8.08740479e+17
 4.34500000e+00    7.62436130e+01    1.46601556e-01    8.08515410e+17
 4.35000000e+00    7.61936440e+01    1.47084357e-01    8.08289904e+17
 4.35500000e+00    7.61436384e+01    1.47568134e-01    8.08064187e+17
 4.36000000e+00    7.60935964e+01    1.48052887e-01    8.07838258e+17
 4.36500000e+00    7.60435180e+01    1.48538617e-01    8.07612259e+17
 4.37000000e+00    7.59934033e+01    1.49025326e-01    8.07385872e+17
 4.37500000e+00    7.59432524e+01    1.49513012e-01    8.07159223e+17
 4.38000000e+00    7.58930653e+01    1.50001677e-01    8.06932464e+17
 4.38500000e+00    7.58428420e+01    1.50491322e-01    8.06705436e+17
 4.39000000e+00    7.57925827e+01    1.50981946e-01    8.06478167e+17
 4.39500000e+00    7.57422875e+01    1.51473550e-01    8.06250783e+17
 4.40000000e+00    7.56919563e+01    1.51966136e-01    8.06023074e+17
 4.40500000e+00    7.56415893e+01    1.52459702e-01    8.05795029e+17
 4.41000000e+00    7.55911864e+01    1.52954250e-01    8.05566963e+17
 4.41500000e+00    7.55407479e+01    1.53449781e-01    8.05338611e+17
 4.42000000e+00    7.54902738e+01    1.53946294e-01    8.05109888e+17
 4.42500000e+00    7.54397640e+01    1.54443790e-01    8.04881092e+17
 4.43000000e+00    7.53892188e+01    1.54942271e-01    8.04652002e+17
 4.43500000e+00    7.53386381e+01    1.55441735e-01    8.04422798e+17
 4.44000000e+00    7.52880220e+01    1.55942184e-01    8.04193352e+17
 4.44500000e+00    7.52373706e+01    1.56443619e-01    8.03963509e+17
 4.45000000e+00    7.51866840e+01    1.56946039e-01    8.03733590e+17
 4.45500000e+00    7.51359622e+01    1.57449445e-01    8.03503497e+17
 4.46000000e+00    7.50852053e+01    1.57953838e-01    8.03272978e+17
 4.46500000e+00    7.50344134e+01    1.58459218e-01    8.03042349e+17
 4.47000000e+00    7.49835865e+01    1.58965586e-01    8.02811531e+17
 4.47500000e+00    7.49327247e+01    1.59472942e-01    8.02580443e+17
 4.48000000e+00    7.48818281e+01    1.59981286e-01    8.02349120e+17
 4.48500000e+00    7.48308967e+01    1.60490619e-01    8.02117686e+17
 4.49000000e+00    7.47799306e+01    1.61000942e-01    8.01885820e+17
 4.49500000e+00    7.47289299e+01    1.61512255e-01    8.01653817e+17
 4.50000000e+00    7.46778946e+01    1.62024559e-01    8.01421744e+17
 4.50500000e+00    7.46268248e+01    1.62537853e-01    8.01189210e+17
 4.51000000e+00    7.45757206e+01    1.63052139e-01    8.00956533e+17
 4.51500000e+00    7.45245820e+01    1.63567416e-01    8.00723656e+17
 4.52000000e+00    7.44734092e+01    1.64083686e-01    8.00490752e+17
 4.52500000e+00    7.44222021e+01    1.64600948e-01    8.00257366e+17
 4.53000000e+00    7.43709609e+01    1.65119204e-01    8.00023798e+17
 4.53500000e+00    7.43196856e+01    1.65638453e-01    7.99789948e+17
 4.54000000e+00    7.42683762e+01    1.66158697e-01    7.99556085e+17
 4.54500000e+00    7.42170330e+01    1.66679935e-01    7.99321845e+17
 4.55000000e+00    7.41656558e+01    1.67202167e-01    7.99087352e+17
 4.55500000e+00    7.41142449e+01    1.67725396e-01    7.98852719e+17
 4.56000000e+00    7.40628002e+01    1.68249620e-01    7.98617846e+17
 4.56500000e+00    7.40113218e+01    1.68774841e-01    7.98382705e+17
 4.57000000e+00    7.39598098e+01    1.69301058e-01    7.98147499e+17
 4.57500000e+00    7.39082643e+01    1.69828272e-01    7.97911902e+17
 4.58000000e+00    7.38566853e+01    1.70356484e-01    7.97676216e+17
 4.58500000e+00    7.38050729e+01    1.70885695e-01    7.97440155e+17
 4.59000000e+00    7.37534272e+01    1.71415903e-01    7.97204020e+17
 4.59500000e+00    7.37017482e+01    1.71947111e-01    7.96967616e+17
 4.60000000e+00    7.36500360e+01    1.72479318e-01    7.96730989e+17
 4.60500000e+00    7.35982907e+01    1.73012524e-01    7.96494080e+17
 4.61000000e+00    7.35465123e+01    1.73546731e-01    7.96256961e+17
 4.61500000e+00    7.34947010e+01    1.74081939e-01    7.96019576e+17
 4.62000000e+00    7.34428567e+01    1.74618147e-01    7.95782119e+17
 4.62500000e+00    7.33909796e+01    1.75155357e-01    7.95544275e+17
 4.63000000e+00    7.33390697e+01    1.75693569e-01    7.95306384e+17
 4.63500000e+00    7.32871271e+01    1.76232783e-01    7.95068243e+17
 4.64000000e+00    7.32351519e+01    1.76772999e-01    7.94829832e+17
 4.64500000e+00    7.31831441e+01    1.77314219e-01    7.94591195e+17
 4.65000000e+00    7.31311038e+01    1.77856442e-01    7.94352311e+17
 4.65500000e+00    7.30790310e+01    1.78399669e-01    7.94113159e+17
 4.66000000e+00    7.30269259e+01    1.78943901e-01    7.93873803e+17
 4.66500000e+00    7.29747885e+01    1.79489137e-01    7.93634403e+17
 4.67000000e+00    7.29226189e+01    1.80035378e-01    7.93394688e+17
 4.67500000e+00    7.28704171e+01    1.80582624e-01    7.93154646e+17
 4.68000000e+00    7.28181832e+01    1.81130877e-01    7.92914490e+17
 4.68500000e+00    7.27659173e+01    1.81680135e-01    7.92674077e+17
 4.69000000e+00    7.27136195e+01    1.82230401e-01    7.92433474e+17
 4.69500000e+00    7.26612898e+01    1.82781673e-01    7.92192612e+17
 4.70000000e+00    7.26089283e+01    1.83333953e-01    7.91951657e+17
 4.70500000e+00    7.25565350e+01    1.83887241e-01    7.91710315e+17
 4.71000000e+00    7.25041101e+01    1.84441536e-01    7.91468838e+17
 4.71500000e+00    7.24516535e+01    1.84996841e-01    7.91227076e+17
 4.72000000e+00    7.23991655e+01    1.85553154e-01    7.90985205e+17
 4.72500000e+00    7.23466460e+01    1.86110477e-01    7.90743097e+17
 4.73000000e+00    7.22940951e+01    1.86668809e-01    7.90500683e+17
 4.73500000e+00    7.22415128e+01    1.87228151e-01    7.90258053e+17
 4.74000000e+00    7.21888994e+01    1.87788504e-01    7.90015278e+17
 4.74500000e+00    7.21362547e+01    1.88349868e-01    7.89772289e+17
 4.75000000e+00    7.20835790e+01    1.88912242e-01    7.89529032e+17
 4.75500000e+00    7.20308722e+01    1.89475629e-01    7.89285692e+17
 4.76000000e+00    7.19781344e+01    1.90040027e-01    7.89041853e+17
 4.76500000e+00    7.19253657e+01    1.90605437e-01    7.88797986e+17
 4.77000000e+00    7.18725662e+01    1.91171860e-01    7.88553854e+17
 4.77500000e+00    7.18197360e+01    1.91739296e-01    7.88309601e+17
 4.78000000e+00    7.17668750e+01    1.92307745e-01    7.88065121e+17
 4.78500000e+00    7.17139835e+01    1.92877208e-01    7.87820250e+17
 4.79000000e+00    7.16610614e+01    1.93447685e-01    7.87575337e+17
 4.79500000e+00    7.16081088e+01    1.94019176e-01    7.87330198e+17
 4.80000000e+00    7.15551258e+01    1.94591682e-01    7.87084667e+17
 4.80500000e+00    7.15021124e+01    1.95165203e-01    7.86839108e+17
 4.81000000e+00    7.14490688e+01    1.95739740e-01    7.86593235e+17
 4.81500000e+00    7.13959950e+01    1.96315292e-01    7.86347163e+17
 4.82000000e+00    7.13428911e+01    1.96891860e-01    7.86100988e+17
 4.82500000e+00    7.12897571e+01    1.97469444e-01    7.85854429e+17
 4.83000000e+00    7.12365932e+01    1.98048045e-01    7.85607671e+17
 4.83500000e+00    7.11833993e+01    1.98627664e-01    7.85360835e+17
 4.84000000e+00    7.11301756e+01    1.99208299e-01    7.85113770e+17
 4.84500000e+00    7.10769221e+01    1.99789953e-01    7.84866306e+17
 4.85000000e+00    7.10236389e+01    2.00372624e-01    7.84618703e+17
 4.85500000e+00    7.09703261e+01    2.00956314e-01    7.84371057e+17
 4.86000000e+00    7.09169837e+01    2.01541022e-01    7.84123028e+17
 4.86500000e+00    7.08636118e+01    2.02126750e-01    7.83874794e+17
 4.87000000e+00    7.08102105e+01    2.02713496e-01    7.83626389e+17
 4.87500000e+00    7.07567799e+01    2.03301263e-01    7.83377789e+17
 4.88000000e+00    7.07033200e+01    2.03890049e-01    7.83128807e+17
 4.88500000e+00    7.06498309e+01    2.04479855e-01    7.82879733e+17
 4.89000000e+00    7.05963126e+01    2.05070682e-01    7.82630470e+17
 4.89500000e+00    7.05427653e+01    2.05662530e-01    7.82380930e+17
 4.90000000e+00    7.04891890e+01    2.06255399e-01    7.82131331e+17
 4.90500000e+00    7.04355838e+01    2.06849290e-01    7.81881365e+17
 4.91000000e+00    7.03819497e+01    2.07444202e-01    7.81631315e+17
 4.91500000e+00    7.03282868e+01    2.08040136e-01    7.81380840e+17
 4.92000000e+00    7.02745953e+01    2.08637093e-01    7.81130384e+17
 4.92500000e+00    7.02208751e+01    2.09235072e-01    7.80879519e+17
 4.93000000e+00    7.01671263e+01    2.09834074e-01    7.80628457e+17
 4.93500000e+00    7.01133490e+01    2.10434099e-01    7.80377416e+17
 4.94000000e+00    7.00595433e+01    2.11035148e-01    7.80125966e+17
 4.94500000e+00    7.00057093e+01    2.11637221e-01    7.79874239e+17
 4.95000000e+00    6.99518470e+01    2.12240317e-01    7.79622380e+17
 4.95500000e+00    6.98979565e+01    2.12844438e-01    7.79370437e+17
 4.96000000e+00    6.98440378e+01    2.13449584e-01    7.79118050e+17
 4.96500000e+00    6.97900911e+01    2.14055754e-01    7.78865603e+17
 4.97000000e+00    6.97361164e+01    2.14662950e-01    7.78612921e+17
 4.97500000e+00    6.96821138e+01    2.15271171e-01    7.78359968e+17
 4.98000000e+00    6.96280833e+01    2.15880418e-01    7.78106959e+17
 4.98500000e+00    6.95740250e+01    2.16490691e-01    7.77853579e+17
 4.99000000e+00    6.95199390e+01    2.17101990e-01    7.77599985e+17
 4.99500000e+00    6.94658254e+01    2.17714315e-01    7.77346348e+17
 5.00000000e+00    6.94116842e+01    2.18327668e-01    7.77092317e+17
 5.00500000e+00    6.93575156e+01    2.18942047e-01    7.76838108e+17
 5.01000000e+00    6.93033195e+01    2.19557454e-01    7.76583709e+17
 5.01500000e+00    6.92490961e+01    2.20173888e-01    7.76329086e+17
 5.02000000e+00    6.91948454e+01    2.20791350e-01    7.76074311e+17
 5.02500000e+00    6.91405675e+01    2.21409840e-01    7.75819320e+17
 5.03000000e+00    6.90862624e+01    2.22029358e-01    7.75564129e+17
 5.03500000e+00    6.90319303e+01    2.22649905e-01    7.75308587e+17
 5.04000000e+00    6.89775712e+01    2.23271481e-01    7.75053035e+17
 5.04500000e+00    6.89231852e+01    2.23894085e-01    7.74797162e+17
 5.05000000e+00    6.88687724e+01    2.24517719e-01    7.74541118e+17
 5.05500000e+00    6.88143327e+01    2.25142383e-01    7.74284823e+17
 5.06000000e+00    6.87598664e+01    2.25768076e-01    7.74028260e+17
 5.06500000e+00    6.87053735e+01    2.26394799e-01    7.73771570e+17
 5.07000000e+00    6.86508539e+01    2.27022552e-01    7.73514638e+17
 5.07500000e+00    6.85963080e+01    2.27651336e-01    7.73257516e+17
 5.08000000e+00    6.85417356e+01    2.28281151e-01    7.73000282e+17
 5.08500000e+00    6.84871368e+01    2.28911996e-01    7.72742746e+17
 5.09000000e+00    6.84325118e+01    2.29543873e-01    7.72485021e+17
 5.09500000e+00    6.83778606e+01    2.30176780e-01    7.72227019e+17
 5.10000000e+00    6.83231833e+01    2.30810720e-01    7.71968782e+17
 5.10500000e+00    6.82684799e+01    2.31445691e-01    7.71710363e+17
 5.11000000e+00    6.82137506e+01    2.32081694e-01    7.71451819e+17
 5.11500000e+00    6.81589953e+01    2.32718729e-01    7.71193002e+17
 5.12000000e+00    6.81042142e+01    2.33356797e-01    7.70934046e+17
 5.12500000e+00    6.80494074e+01    2.33995897e-01    7.70674872e+17
 5.13000000e+00    6.79945748e+01    2.34636030e-01    7.70415473e+17
 5.13500000e+00    6.79397167e+01    2.35277196e-01    7.70155790e+17
 5.14000000e+00    6.78848330e+01    2.35919395e-01    7.69895903e+17
 5.14500000e+00    6.78299239e+01    2.36562628e-01    7.69635979e+17
 5.15000000e+00    6.77749893e+01    2.37206894e-01    7.69375632e+17
 5.15500000e+00    6.77200294e+01    2.37852195e-01    7.69115310e+17
 5.16000000e+00    6.76650443e+01    2.38498529e-01    7.68854488e+17
 5.16500000e+00    6.76100340e+01    2.39145897e-01    7.68593611e+17
 5.17000000e+00    6.75549986e+01    2.39794300e-01    7.68332606e+17
 5.17500000e+00    6.74999381e+01    2.40443737e-01    7.68071433e+17
 5.18000000e+00    6.74448527e+01    2.41094209e-01    7.67809845e+17
 5.18500000e+00    6.73897424e+01    2.41745716e-01    7.67548253e+17
 5.19000000e+00    6.73346073e+01    2.42398259e-01    7.67286231e+17
 5.19500000e+00    6.72794475e+01    2.43051836e-01    7.67024233e+17
 5.20000000e+00    6.72242630e+01    2.43706449e-01    7.66761789e+17
 5.20500000e+00    6.71690539e+01    2.44362098e-01    7.66499247e+17
 5.21000000e+00    6.71138202e+01    2.45018782e-01    7.66236575e+17
 5.21500000e+00    6.70585622e+01    2.45676503e-01    7.65973732e+17
 5.22000000e+00    6.70032797e+01    2.46335259e-01    7.65710480e+17
 5.22500000e+00    6.69479729e+01    2.46995052e-01    7.65447221e+17
 5.23000000e+00    6.68926419e+01    2.47655882e-01    7.65183587e+17
 5.23500000e+00    6.68372868e+01    2.48317748e-01    7.64919928e+17
 5.24000000e+00    6.67819076e+01    2.48980651e-01    7.64656011e+17
 5.24500000e+00    6.67265043e+01    2.49644591e-01    7.64391832e+17
 5.25000000e+00    6.66710771e+01    2.50309568e-01    7.64127448e+17
 5.25500000e+00    6.66156261e+01    2.50975582e-01    7.63862798e+17
 5.26000000e+00    6.65601512e+01    2.51642634e-01    7.63598130e+17
 5.26500000e+00    6.65046527e+01    2.52310723e-01    7.63333033e+17
 5.27000000e+00    6.64491305e+01    2.52979850e-01    7.63067965e+17
 5.27500000e+00    6.63935847e+01    2.53650015e-01    7.62802469e+17
 5.28000000e+00    6.63380155e+01    2.54321218e-01    7.62536848e+17
 5.28500000e+00    6.62824228e+01    2.54993459e-01    7.62271101e+17
 5.29000000e+00    6.62268067e+01    2.55666738e-01    7.62005235e+17
 5.29500000e+00    6.61711674e+01    2.56341056e-01    7.61738943e+17
 5.30000000e+00    6.61155049e+01    2.57016413e-01    7.61472623e+17
 5.30500000e+00    6.60598192e+01    2.57692808e-01    7.61205928e+17
 5.31000000e+00    6.60041105e+01    2.58370241e-01    7.60939237e+17
 5.31500000e+00    6.59483788e+01    2.59048714e-01    7.60672077e+17
 5.32000000e+00    6.58926242e+01    2.59728226e-01    7.60404830e+17
 5.32500000e+00    6.58368468e+01    2.60408777e-01    7.60137470e+17
 5.33000000e+00    6.57810466e+01    2.61090368e-01    7.59869903e+17
 5.33500000e+00    6.57252237e+01    2.61772997e-01    7.59602033e+17
 5.34000000e+00    6.56693782e+01    2.62456667e-01    7.59334040e+17
 5.34500000e+00    6.56135101e+01    2.63141376e-01    7.59065769e+17
 5.35000000e+00    6.55576196e+01    2.63827125e-01    7.58797427e+17
 5.35500000e+00    6.55017067e+01    2.64513913e-01    7.58528802e+17
 5.36000000e+00    6.54457714e+01    2.65201742e-01    7.58259966e+17
 5.36500000e+00    6.53898139e+01    2.65890611e-01    7.57990909e+17
 5.37000000e+00    6.53338343e+01    2.66580520e-01    7.57721606e+17
 5.37500000e+00    6.52778325e+01    2.67271469e-01    7.57452282e+17
 5.38000000e+00    6.52218087e+01    2.67963459e-01    7.57182582e+17
 5.38500000e+00    6.51657630e+01    2.68656489e-01    7.56912843e+17
 5.39000000e+00    6.51096954e+01    2.69350560e-01    7.56642674e+17
 5.39500000e+00    6.50536060e+01    2.70045671e-01    7.56372460e+17
 5.40000000e+00    6.49974948e+01    2.70741823e-01    7.56101976e+17
 5.40500000e+00    6.49413620e+01    2.71439017e-01    7.55831482e+17
 5.41000000e+00    6.48852077e+01    2.72137251e-01    7.55560562e+17
 5.41500000e+00    6.48290318e+01    2.72836526e-01    7.55289523e+17
 5.42000000e+00    6.47728344e+01    2.73536842e-01    7.55018390e+17
 5.42500000e+00    6.47166157e+01    2.74238199e-01    7.54746839e+17
 5.43000000e+00    6.46603758e+01    2.74940598e-01    7.54475249e+17
 5.43500000e+00    6.46041146e+01    2.75644038e-01    7.54203398e+17
 5.44000000e+00    6.45478323e+01    2.76348519e-01    7.53931356e+17
 5.44500000e+00    6.44915289e+01    2.77054042e-01    7.53659248e+17
 5.45000000e+00    6.44352045e+01    2.77760607e-01    7.53386664e+17
 5.45500000e+00    6.43788592e+01    2.78468213e-01    7.53114131e+17
 5.46000000e+00    6.43224931e+01    2.79176861e-01    7.52841280e+17
 5.46500000e+00    6.42661062e+01    2.79886550e-01    7.52568184e+17
 5.47000000e+00    6.42096986e+01    2.80597281e-01    7.52294994e+17
 5.47500000e+00    6.41532704e+01    2.81309055e-01    7.52021618e+17
 5.48000000e+00    6.40968216e+01    2.82021870e-01    7.51748095e+17
 5.48500000e+00    6.40403524e+01    2.82735727e-01    7.51474152e+17
 5.49000000e+00    6.39838628e+01    2.83450626e-01    7.51200225e+17
 5.49500000e+00    6.39273528e+01    2.84166567e-01    7.50925945e+17
 5.50000000e+00    6.38708226e+01    2.84883551e-01    7.50651632e+17
 5.50500000e+00    6.38142723e+01    2.85601576e-01    7.50377022e+17
 5.51000000e+00    6.37577018e+01    2.86320644e-01    7.50102229e+17
 5.51500000e+00    6.37011113e+01    2.87040754e-01    7.49827171e+17
 5.52000000e+00    6.36445009e+01    2.87761907e-01    7.49551970e+17
 5.52500000e+00    6.35878705e+01    2.88484101e-01    7.49276596e+17
 5.53000000e+00    6.35312204e+01    2.89207338e-01    7.49001022e+17
 5.53500000e+00    6.34745506e+01    2.89931618e-01    7.48725347e+17
 5.54000000e+00    6.34178611e+01    2.90656940e-01    7.48449400e+17
 5.54500000e+00    6.33611520e+01    2.91383304e-01    7.48173235e+17
 5.55000000e+00    6.33044234e+01    2.92110711e-01    7.47896821e+17
 5.55500000e+00    6.32476754e+01    2.92839160e-01    7.47620174e+17
 5.56000000e+00    6.31909081e+01    2.93568652e-01    7.47343499e+17
 5.56500000e+00    6.31341214e+01    2.94299186e-01    7.47066453e+17
 5.57000000e+00    6.30773156e+01    2.95030763e-01    7.46789422e+17
 5.57500000e+00    6.30204906e+01    2.95763383e-01    7.46512116e+17
 5.58000000e+00    6.29636466e+01    2.96497045e-01    7.46234418e+17
 5.58500000e+00    6.29067835e+01    2.97231750e-01    7.45956839e+17
 5.59000000e+00    6.28499016e+01    2.97967497e-01    7.45678834e+17
 5.59500000e+00    6.27930009e+01    2.98704287e-01    7.45400675e+17
 5.60000000e+00    6.27360814e+01    2.99442119e-01    7.45122387e+17
 5.60500000e+00    6.26791432e+01    3.00180994e-01    7.44843889e+17
 5.61000000e+00    6.26221864e+01    3.00920912e-01    7.44565268e+17
 5.61500000e+00    6.25652110e+01    3.01661872e-01    7.44286377e+17
 5.62000000e+00    6.25082172e+01    3.02403875e-01    7.44007268e+17
 5.62500000e+00    6.24512051e+01    3.03146921e-01    7.43727965e+17
 5.63000000e+00    6.23941746e+01    3.03891009e-01    7.43448538e+17
 5.63500000e+00    6.23371259e+01    3.04636140e-01    7.43168815e+17
 5.64000000e+00    6.22800590e+01    3.05382313e-01    7.42889024e+17
 5.64500000e+00    6.22229740e+01    3.06129529e-01    7.42608898e+17
 5.65000000e+00    6.21658710e+01    3.06877787e-01    7.42328672e+17
 5.65500000e+00    6.21087501e+01    3.07627088e-01    7.42048268e+17
 5.66000000e+00    6.20516114e+01    3.08377431e-01    7.41767593e+17
 5.66500000e+00    6.19944548e+01    3.09128817e-01    7.41486884e+17
 5.67000000e+00    6.19372806e+01    3.09881245e-01    7.41205854e+17
 5.67500000e+00    6.18800887e+01    3.10634715e-01    7.40924620e+17
 5.68000000e+00    6.18228792e+01    3.11389228e-01    7.40643303e+17
 5.68500000e+00    6.17656523e+01    3.12144784e-01    7.40361739e+17
 5.69000000e+00    6.17084079e+01    3.12901381e-01    7.40079962e+17
 5.69500000e+00    6.16511462e+01    3.13659021e-01    7.39798008e+17
 5.70000000e+00    6.15938673e+01    3.14417703e-01    7.39515755e+17
 5.70500000e+00    6.15365711e+01    3.15177427e-01    7.39233513e+17
 5.71000000e+00    6.14792579e+01    3.15938194e-01    7.38950873e+17
 5.71500000e+00    6.14219276e+01    3.16700002e-01    7.38668294e+17
 5.72000000e+00    6.13645804e+01    3.17462853e-01    7.38385388e+17
 5.72500000e+00    6.13072162e+01    3.18226745e-01    7.38102346e+17
 5.73000000e+00    6.12498353e+01    3.18991680e-01    7.37819019e+17
 5.73500000e+00    6.11924376e+01    3.19757656e-01    7.37535489e+17
 5.74000000e+00    6.11350233e+01    3.20524674e-01    7.37251840e+17
 5.74500000e+00    6.10775923e+01    3.21292734e-01    7.36967926e+17
 5.75000000e+00    6.10201449e+01    3.22061836e-01    7.36683976e+17
 5.75500000e+00    6.09626810e+01    3.22831979e-01    7.36399792e+17
 5.76000000e+00    6.09052008e+01    3.23603164e-01    7.36115386e+17
 5.76500000e+00    6.08477043e+01    3.24375390e-01    7.35830747e+17
 5.77000000e+00    6.07901916e+01    3.25148658e-01    7.35545906e+17
 5.77500000e+00    6.07326627e+01    3.25922967e-01    7.35260843e+17
 5.78000000e+00    6.06751178e+01    3.26698318e-01    7.34975846e+17
 5.78500000e+00    6.06175569e+01    3.27474709e-01    7.34690403e+17
 5.79000000e+00    6.05599801e+01    3.28252142e-01    7.34404896e+17
 5.79500000e+00    6.05023874e+01    3.29030616e-01    7.34119201e+17
 5.80000000e+00    6.04447790e+01    3.29810131e-01    7.33833252e+17
 5.80500000e+00    6.03871549e+01    3.30590686e-01    7.33547092e+17
 5.81000000e+00    6.03295152e+01    3.31372282e-01    7.33260911e+17
 5.81500000e+00    6.02718600e+01    3.32154920e-01    7.32974336e+17
 5.82000000e+00    6.02141893e+01    3.32938597e-01    7.32687839e+17
 5.82500000e+00    6.01565032e+01    3.33723316e-01    7.32400832e+17
 5.83000000e+00    6.00988019e+01    3.34509074e-01    7.32113864e+17
 5.83500000e+00    6.00410853e+01    3.35295873e-01    7.31826577e+17
 5.84000000e+00    5.99833535e+01    3.36083712e-01    7.31539389e+17
 5.84500000e+00    5.99256066e+01    3.36872592e-01    7.31251645e+17
 5.85000000e+00    5.98678448e+01    3.37662511e-01    7.30963986e+17
 5.85500000e+00    5.98100680e+01    3.38453470e-01    7.30675911e+17
 5.86000000e+00    5.97522763e+01    3.39245469e-01    7.30387883e+17
 5.86500000e+00    5.96944699e+01    3.40038508e-01    7.30099559e+17
 5.87000000e+00    5.96366488e+01    3.40832586e-01    7.29811056e+17
 5.87500000e+00    5.95788130e+01    3.41627704e-01    7.29522326e+17
 5.88000000e+00    5.95209627e+01    3.42423861e-01    7.29233463e+17
 5.88500000e+00    5.94630979e+01    3.43221057e-01    7.28944358e+17
 5.89000000e+00    5.94052187e+01    3.44019292e-01    7.28655227e+17
 5.89500000e+00    5.93473252e+01    3.44818566e-01    7.28365878e+17
 5.90000000e+00    5.92894174e+01    3.45618880e-01    7.28076093e+17
 5.90500000e+00    5.92314954e+01    3.46420231e-01    7.27786368e+17
 5.91000000e+00    5.91735593e+01    3.47222622e-01    7.27496472e+17
 5.91500000e+00    5.91156092e+01    3.48026050e-01    7.27206279e+17
 5.92000000e+00    5.90576452e+01    3.48830518e-01    7.26915959e+17
 5.92500000e+00    5.89996673e+01    3.49636023e-01    7.26625529e+17
 5.93000000e+00    5.89416755e+01    3.50442566e-01    7.26334674e+17
 5.93500000e+00    5.88836701e+01    3.51250147e-01    7.26043884e+17
 5.94000000e+00    5.88256510e+01    3.52058766e-01    7.25752792e+17
 5.94500000e+00    5.87676183e+01    3.52868423e-01    7.25461641e+17
 5.95000000e+00    5.87095721e+01    3.53679117e-01    7.25170192e+17
 5.95500000e+00    5.86515125e+01    3.54490848e-01    7.24878591e+17
 5.96000000e+00    5.85934396e+01    3.55303616e-01    7.24586913e+17
 5.96500000e+00    5.85353534e+01    3.56117422e-01    7.24294825e+17
 5.97000000e+00    5.84772539e+01    3.56932264e-01    7.24002748e+17
 5.97500000e+00    5.84191414e+01    3.57748143e-01    7.23710439e+17
 5.98000000e+00    5.83610158e+01    3.58565058e-01    7.23418027e+17
 5.98500000e+00    5.83028772e+01    3.59383010e-01    7.23125335e+17
 5.99000000e+00    5.82447258e+01    3.60201998e-01    7.22832443e+17
 5.99500000e+00    5.81865615e+01    3.61022022e-01    7.22539548e+17
 6.00000000e+00    5.81283844e+01    3.61843082e-01    7.22246183e+17
 6.00500000e+00    5.80701947e+01    3.62665177e-01    7.21952845e+17
 6.01000000e+00    5.80119924e+01    3.63488308e-01    7.21659295e+17
 6.01500000e+00    5.79537776e+01    3.64312474e-01    7.21365713e+17
 6.02000000e+00    5.78955503e+01    3.65137676e-01    7.21071667e+17
 6.02500000e+00    5.78373107e+01    3.65963912e-01    7.20777643e+17
 6.03000000e+00    5.77790588e+01    3.66791184e-01    7.20483367e+17
 6.03500000e+00    5.77207946e+01    3.67619489e-01    7.20188952e+17
 6.04000000e+00    5.76625183e+01    3.68448829e-01    7.19894204e+17
 6.04500000e+00    5.76042300e+01    3.69279204e-01    7.19599598e+17
 6.05000000e+00    5.75459296e+01    3.70110612e-01    7.19304593e+17
 6.05500000e+00    5.74876173e+01    3.70943055e-01    7.19009379e+17
 6.06000000e+00    5.74292932e+01    3.71776531e-01    7.18714076e+17
 6.06500000e+00    5.73709573e+01    3.72611040e-01    7.18418606e+17
 6.07000000e+00    5.73126098e+01    3.73446583e-01    7.18122993e+17
 6.07500000e+00    5.72542506e+01    3.74283158e-01    7.17827169e+17
 6.08000000e+00    5.71958798e+01    3.75120767e-01    7.17531143e+17
 6.08500000e+00    5.71374977e+01    3.75959408e-01    7.17234859e+17
 6.09000000e+00    5.70791041e+01    3.76799082e-01    7.16938642e+17
 6.09500000e+00    5.70206992e+01    3.77639787e-01    7.16642059e+17
 6.10000000e+00    5.69622830e+01    3.78481525e-01    7.16345233e+17
 6.10500000e+00    5.69038558e+01    3.79324295e-01    7.16048425e+17
 6.11000000e+00    5.68454174e+01    3.80168096e-01    7.15751379e+17
 6.11500000e+00    5.67869680e+01    3.81012928e-01    7.15454153e+17
 6.12000000e+00    5.67285076e+01    3.81858792e-01    7.15156847e+17
 6.12500000e+00    5.66700364e+01    3.82705686e-01    7.14859243e+17
 6.13000000e+00    5.66115545e+01    3.83553612e-01    7.14561497e+17
 6.13500000e+00    5.65530618e+01    3.84402567e-01    7.14263645e+17
 6.14000000e+00    5.64945584e+01    3.85252553e-01    7.13965588e+17
 6.14500000e+00    5.64360445e+01    3.86103569e-01    7.13667380e+17
 6.15000000e+00    5.63775201e+01    3.86955615e-01    7.13368912e+17
 6.15500000e+00    5.63189854e+01    3.87808690e-01    7.13070230e+17
 6.16000000e+00    5.62604402e+01    3.88662795e-01    7.12771540e+17
 6.16500000e+00    5.62018848e+01    3.89517928e-01    7.12472634e+17
 6.17000000e+00    5.61433193e+01    3.90374091e-01    7.12173438e+17
 6.17500000e+00    5.60847436e+01    3.91231282e-01    7.11874247e+17
 6.18000000e+00    5.60261579e+01    3.92089501e-01    7.11574808e+17
 6.18500000e+00    5.59675622e+01    3.92948748e-01    7.11275138e+17
 6.19000000e+00    5.59089567e+01    3.93809024e-01    7.10975496e+17
 6.19500000e+00    5.58503413e+01    3.94670326e-01    7.10675594e+17
 6.20000000e+00    5.57917162e+01    3.95532656e-01    7.10375353e+17
 6.20500000e+00    5.57330815e+01    3.96396014e-01    7.10075214e+17
 6.21000000e+00    5.56744371e+01    3.97260398e-01    7.09774772e+17
 6.21500000e+00    5.56157833e+01    3.98125808e-01    7.09474170e+17
 6.22000000e+00    5.55571200e+01    3.98992245e-01    7.09173343e+17
 6.22500000e+00    5.54984474e+01    3.99859708e-01    7.08872430e+17
 6.23000000e+00    5.54397655e+01    4.00728197e-01    7.08571266e+17
 6.23500000e+00    5.53810743e+01    4.01597711e-01    7.08270029e+17
 6.24000000e+00    5.53223741e+01    4.02468250e-01    7.07968570e+17
 6.24500000e+00    5.52636648e+01    4.03339814e-01    7.07666996e+17
 6.25000000e+00    5.52049465e+01    4.04212403e-01    7.07365223e+17
 6.25500000e+00    5.51462193e+01    4.05086017e-01    7.07063306e+17
 6.26000000e+00    5.50874833e+01    4.05960654e-01    7.06761255e+17
 6.26500000e+00    5.50287385e+01    4.06836315e-01    7.06459051e+17
 6.27000000e+00    5.49699850e+01    4.07713000e-01    7.06156618e+17
 6.27500000e+00    5.49112230e+01    4.08590709e-01    7.05854106e+17
 6.28000000e+00    5.48524524e+01    4.09469440e-01    7.05551361e+17
 6.28500000e+00    5.47936733e+01    4.10349194e-01    7.05248454e+17
 6.29000000e+00    5.47348859e+01    4.11229970e-01    7.04945295e+17
 6.29500000e+00    5.46760901e+01    4.12111769e-01    7.04642201e+17
 6.30000000e+00    5.46172862e+01    4.12994589e-01    7.04338796e+17
 6.30500000e+00    5.45584740e+01    4.13878431e-01    7.04035329e+17
 6.31000000e+00    5.44996538e+01    4.14763294e-01    7.03731547e+17
 6.31500000e+00    5.44408256e+01    4.15649178e-01    7.03427669e+17
 6.32000000e+00    5.43819894e+01    4.16536083e-01    7.03123795e+17
 6.32500000e+00    5.43231454e+01    4.17424008e-01    7.02819558e+17
 6.33000000e+00    5.42642936e+01    4.18312953e-01    7.02515228e+17
 6.33500000e+00    5.42054341e+01    4.19202918e-01    7.02210821e+17
 6.34000000e+00    5.41465670e+01    4.20093902e-01    7.01906061e+17
 6.34500000e+00    5.40876923e+01    4.20985905e-01    7.01601303e+17
 6.35000000e+00    5.40288101e+01    4.21878927e-01    7.01296337e+17
 6.35500000e+00    5.39699205e+01    4.22772968e-01    7.00991205e+17
 6.36000000e+00    5.39110236e+01    4.23668027e-01    7.00685949e+17
 6.36500000e+00    5.38521194e+01    4.24564104e-01    7.00380598e+17
 6.37000000e+00    5.37932081e+01    4.25461198e-01    7.00074956e+17
 6.37500000e+00    5.37342896e+01    4.26359309e-01    6.99769291e+17
 6.38000000e+00    5.36753641e+01    4.27258438e-01    6.99463434e+17
 6.38500000e+00    5.36164316e+01    4.28158583e-01    6.99157337e+17
 6.39000000e+00    5.35574923e+01    4.29059744e-01    6.98851079e+17
 6.39500000e+00    5.34985461e+01    4.29961921e-01    6.98544838e+17
 6.40000000e+00    5.34395932e+01    4.30865113e-01    6.98238317e+17
 6.40500000e+00    5.33806336e+01    4.31769321e-01    6.97931734e+17
 6.41000000e+00    5.33216675e+01    4.32674544e-01    6.97624862e+17
 6.41500000e+00    5.32626948e+01    4.33580782e-01    6.97317906e+17
 6.42000000e+00    5.32037157e+01    4.34488033e-01    6.97010889e+17
 6.42500000e+00    5.31447302e+01    4.35396299e-01    6.96703601e+17
 6.43000000e+00    5.30857384e+01    4.36305578e-01    6.96396217e+17
 6.43500000e+00    5.30267405e+01    4.37215871e-01    6.96088715e+17
 6.44000000e+00    5.29677363e+01    4.38127176e-01    6.95780942e+17
 6.44500000e+00    5.29087261e+01    4.39039494e-01    6.95473140e+17
 6.45000000e+00    5.28497099e+01    4.39952824e-01    6.95165117e+17
 6.45500000e+00    5.27906878e+01    4.40867166e-01    6.94857139e+17
 6.46000000e+00    5.27316599e+01    4.41782519e-01    6.94548711e+17
 6.46500000e+00    5.26726261e+01    4.42698883e-01    6.94240335e+17
 6.47000000e+00    5.26135867e+01    4.43616259e-01    6.93931760e+17
 6.47500000e+00    5.25545416e+01    4.44534644e-01    6.93623080e+17
 6.48000000e+00    5.24954910e+01    4.45454040e-01    6.93314252e+17
 6.48500000e+00    5.24364349e+01    4.46374446e-01    6.93005195e+17
 6.49000000e+00    5.23773735e+01    4.47295860e-01    6.92695976e+17
 6.49500000e+00    5.23183066e+01    4.48218284e-01    6.92386777e+17
 6.50000000e+00    5.22592346e+01    4.49141717e-01    6.92077362e+17
 6.50500000e+00    5.22001573e+01    4.50066157e-01    6.91767877e+17
 6.51000000e+00    5.21410749e+01    4.50991606e-01    6.91458030e+17
 6.51500000e+00    5.20819876e+01    4.51918062e-01    6.91148250e+17
 6.52000000e+00    5.20228952e+01    4.52845525e-01    6.90838314e+17
 6.52500000e+00    5.19637979e+01    4.53773995e-01    6.90528232e+17
 6.53000000e+00    5.19046959e+01    4.54703472e-01    6.90217876e+17
 6.53500000e+00    5.18455891e+01    4.55633954e-01    6.89907475e+17
 6.54000000e+00    5.17864776e+01    4.56565443e-01    6.89596960e+17
 6.54500000e+00    5.17273615e+01    4.57497936e-01    6.89286289e+17
 6.55000000e+00    5.16682410e+01    4.58431434e-01    6.88975427e+17
 6.55500000e+00    5.16091159e+01    4.59365937e-01    6.88664605e+17
 6.56000000e+00    5.15499865e+01    4.60301444e-01    6.88353528e+17
 6.56500000e+00    5.14908528e+01    4.61237955e-01    6.88042262e+17
 6.57000000e+00    5.14317149e+01    4.62175469e-01    6.87730990e+17
 6.57500000e+00    5.13725728e+01    4.63113987e-01    6.87419567e+17
 6.58000000e+00    5.13134266e+01    4.64053507e-01    6.87107946e+17
 6.58500000e+00    5.12542764e+01    4.64994029e-01    6.86796181e+17
 6.59000000e+00    5.11951223e+01    4.65935552e-01    6.86484345e+17
 6.59500000e+00    5.11359643e+01    4.66878078e-01    6.86172301e+17
 6.60000000e+00    5.10768025e+01    4.67821604e-01    6.85860333e+17
 6.60500000e+00    5.10176370e+01    4.68766131e-01    6.85547956e+17
 6.61000000e+00    5.09584678e+01    4.69711659e-01    6.85235598e+17
 6.61500000e+00    5.08992951e+01    4.70658186e-01    6.84923125e+17
 6.62000000e+00    5.08401189e+01    4.71605713e-01    6.84610588e+17
 6.62500000e+00    5.07809393e+01    4.72554238e-01    6.84297832e+17
 6.63000000e+00    5.07217562e+01    4.73503763e-01    6.83984886e+17
 6.63500000e+00    5.06625699e+01    4.74454286e-01    6.83672047e+17
 6.64000000e+00    5.06033804e+01    4.75405806e-01    6.83358928e+17
 6.64500000e+00    5.05441878e+01    4.76358325e-01    6.83045740e+17
 6.65000000e+00    5.04849921e+01    4.77311840e-01    6.82732329e+17
 6.65500000e+00    5.04257933e+01    4.78266352e-01    6.82418956e+17
 6.66000000e+00    5.03665917e+01    4.79221860e-01    6.82105333e+17
 6.66500000e+00    5.03073872e+01    4.80178364e-01    6.81791753e+17
 6.67000000e+00    5.02481799e+01    4.81135864e-01    6.81477825e+17
 6.67500000e+00    5.01889699e+01    4.82094359e-01    6.81163935e+17
 6.68000000e+00    5.01297573e+01    4.83053848e-01    6.80849999e+17
 6.68500000e+00    5.00705421e+01    4.84014332e-01    6.80535861e+17
 6.69000000e+00    5.00113244e+01    4.84975809e-01    6.80221616e+17
 6.69500000e+00    4.99521043e+01    4.85938280e-01    6.79907188e+17
 6.70000000e+00    4.98928818e+01    4.86901744e-01    6.79592837e+17
 6.70500000e+00    4.98336570e+01    4.87866201e-01    6.79278327e+17
 6.71000000e+00    4.97744300e+01    4.88831650e-01    6.78963626e+17
 6.71500000e+00    4.97152009e+01    4.89798091e-01    6.78648819e+17
 6.72000000e+00    4.96559697e+01    4.90765523e-01    6.78334019e+17
 6.72500000e+00    4.95967365e+01    4.91733946e-01    6.78019014e+17
 6.73000000e+00    4.95375014e+01    4.92703360e-01    6.77703866e+17
 6.73500000e+00    4.94782644e+01    4.93673764e-01    6.77388756e+17
 6.74000000e+00    4.94190256e+01    4.94645157e-01    6.77073484e+17
 6.74500000e+00    4.93597851e+01    4.95617540e-01    6.76758074e+17
 6.75000000e+00    4.93005429e+01    4.96590913e-01    6.76442793e+17
 6.75500000e+00    4.92412992e+01    4.97565273e-01    6.76127078e+17
 6.76000000e+00    4.91820540e+01    4.98540622e-01    6.75811574e+17
 6.76500000e+00    4.91228072e+01    4.99516959e-01    6.75495942e+17
 6.77000000e+00    4.90635592e+01    5.00494282e-01    6.75179934e+17
 6.77500000e+00    4.90043098e+01    5.01472593e-01    6.74864065e+17
 6.78000000e+00    4.89450592e+01    5.02451890e-01    6.74548237e+17
 6.78500000e+00    4.88858074e+01    5.03432174e-01    6.74232103e+17
 6.79000000e+00    4.88265545e+01    5.04413443e-01    6.73915961e+17
 6.79500000e+00    4.87673006e+01    5.05395697e-01    6.73599797e+17
 6.80000000e+00    4.87080457e+01    5.06378937e-01    6.73283570e+17
 6.80500000e+00    4.86487900e+01    5.07363160e-01    6.72967199e+17
 6.81000000e+00    4.85895334e+01    5.08348368e-01    6.72650755e+17
 6.81500000e+00    4.85302760e+01    5.09334560e-01    6.72334301e+17
 6.82000000e+00    4.84710180e+01    5.10321735e-01    6.72017695e+17
 6.82500000e+00    4.84117593e+01    5.11309893e-01    6.71701052e+17
 6.83000000e+00    4.83525000e+01    5.12299033e-01    6.71384385e+17
 6.83500000e+00    4.82932403e+01    5.13289155e-01    6.71067656e+17
 6.84000000e+00    4.82339802e+01    5.14280259e-01    6.70750848e+17
 6.84500000e+00    4.81747197e+01    5.15272345e-01    6.70433935e+17
 6.85000000e+00    4.81154589e+01    5.16265411e-01    6.70117071e+17
 6.85500000e+00    4.80561979e+01    5.17259458e-01    6.69800234e+17
 6.86000000e+00    4.79969367e+01    5.18254485e-01    6.69483093e+17
 6.86500000e+00    4.79376754e+01    5.19250492e-01    6.69166078e+17
 6.87000000e+00    4.78784141e+01    5.20247478e-01    6.68848998e+17
 6.87500000e+00    4.78191528e+01    5.21245444e-01    6.68531981e+17
 6.88000000e+00    4.77598917e+01    5.22244388e-01    6.68214779e+17
 6.88500000e+00    4.77006307e+01    5.23244310e-01    6.67897653e+17
 6.89000000e+00    4.76413699e+01    5.24245210e-01    6.67580528e+17
 6.89500000e+00    4.75821094e+01    5.25247088e-01    6.67263156e+17
 6.90000000e+00    4.75228493e+01    5.26249943e-01    6.66945908e+17
 6.90500000e+00    4.74635895e+01    5.27253775e-01    6.66628819e+17
 6.91000000e+00    4.74043303e+01    5.28258584e-01    6.66311459e+17
 6.91500000e+00    4.73450716e+01    5.29264368e-01    6.65994253e+17
 6.92000000e+00    4.72858135e+01    5.30271129e-01    6.65676997e+17
 6.92500000e+00    4.72265561e+01    5.31278865e-01    6.65359779e+17
 6.93000000e+00    4.71672994e+01    5.32287576e-01    6.65042568e+17
 6.93500000e+00    4.71080434e+01    5.33297263e-01    6.64725336e+17
 6.94000000e+00    4.70487884e+01    5.34307923e-01    6.64408036e+17
 6.94500000e+00    4.69895342e+01    5.35319558e-01    6.64090905e+17
 6.95000000e+00    4.69302810e+01    5.36332167e-01    6.63773826e+17
 6.95500000e+00    4.68710288e+01    5.37345750e-01    6.63456687e+17
 6.96000000e+00    4.68117777e+01    5.38360306e-01    6.63139673e+17
 6.96500000e+00    4.67525278e+01    5.39375835e-01    6.62822665e+17
 6.97000000e+00    4.66932790e+01    5.40392337e-01    6.62505683e+17
 6.97500000e+00    4.66340315e+01    5.41409812e-01    6.62188915e+17
 6.98000000e+00    4.65747852e+01    5.42428259e-01    6.61872171e+17
 6.98500000e+00    4.65155404e+01    5.43447678e-01    6.61555368e+17
 6.99000000e+00    4.64562969e+01    5.44468070e-01    6.61238870e+17
 6.99500000e+00    4.63970549e+01    5.45489433e-01    6.60922385e+17
 7.00000000e+00    4.63378144e+01    5.46511768e-01    6.60606055e+17
 7.00500000e+00    4.62785755e+01    5.47535074e-01    6.60289881e+17
 7.01000000e+00    4.62193382e+01    5.48559352e-01    6.59973746e+17
 7.01500000e+00    4.61601026e+01    5.49584601e-01    6.59657943e+17
 7.02000000e+00    4.61008687e+01    5.50610821e-01    6.59342220e+17
 7.02500000e+00    4.60416365e+01    5.51638012e-01    6.59026637e+17
 7.03000000e+00    4.59824061e+01    5.52666174e-01    6.58711466e+17
 7.03500000e+00    4.59231776e+01    5.53695307e-01    6.58396300e+17
 7.04000000e+00    4.58639509e+01    5.54725411e-01    6.58081531e+17
 7.04500000e+00    4.58047262e+01    5.55756487e-01    6.57766903e+17
 7.05000000e+00    4.57455034e+01    5.56788533e-01    6.57452778e+17
 7.05500000e+00    4.56862826e+01    5.57821551e-01    6.57138899e+17
 7.06000000e+00    4.56270638e+01    5.58855541e-01    6.56825358e+17
 7.06500000e+00    4.55678471e+01    5.59890502e-01    6.56512300e+17
 7.07000000e+00    4.55086324e+01    5.60926435e-01    6.56199553e+17
 7.07500000e+00    4.54494199e+01    5.61963341e-01    6.55887406e+17
 7.08000000e+00    4.53902094e+01    5.63001220e-01    6.55575918e+17
 7.08500000e+00    4.53310011e+01    5.64040073e-01    6.55264998e+17
 7.09000000e+00    4.52717949e+01    5.65079900e-01    6.54954743e+17
 7.09500000e+00    4.52125908e+01    5.66120702e-01    6.54645253e+17
 7.10000000e+00    4.51533888e+01    5.67162480e-01    6.54336802e+17
 7.10500000e+00    4.50941890e+01    5.68205236e-01    6.54029403e+17
 7.11000000e+00    4.50349911e+01    5.69248970e-01    6.53723497e+17
 7.11500000e+00    4.49757953e+01    5.70293686e-01    6.53419253e+17
 7.12000000e+00    4.49166013e+01    5.71339387e-01    6.53117263e+17
 7.12500000e+00    4.48574090e+01    5.72386075e-01    6.52818722e+17
 7.13000000e+00    4.47982181e+01    5.73433760e-01    6.52528035e+17
 7.13500000e+00    4.47390280e+01    5.74482451e-01    6.52240045e+17
 7.14000000e+00    4.46798388e+01    5.75532150e-01    6.51951956e+17
 7.14500000e+00    4.46206505e+01    5.76582855e-01    6.51663371e+17
 7.15000000e+00    4.45614632e+01    5.77634566e-01    6.51374775e+17
 7.15500000e+00    4.45022771e+01    5.78687282e-01    6.51086168e+17
 7.16000000e+00    4.44430921e+01    5.79741003e-01    6.50797143e+17
 7.16500000e+00    4.43839083e+01    5.80795728e-01    6.50508070e+17
 7.17000000e+00    4.43247258e+01    5.81851457e-01    6.50218858e+17
 7.17500000e+00    4.42655446e+01    5.82908188e-01    6.49929313e+17
 7.18000000e+00    4.42063649e+01    5.83965923e-01    6.49639677e+17
 7.18500000e+00    4.41471866e+01    5.85024659e-01    6.49349974e+17
 7.19000000e+00    4.40880099e+01    5.86084397e-01    6.49059983e+17
 7.19500000e+00    4.40288348e+01    5.87145135e-01    6.48769792e+17
 7.20000000e+00    4.39696614e+01    5.88206874e-01    6.48479615e+17
 7.20500000e+00    4.39104898e+01    5.89269612e-01    6.48188995e+17
 7.21000000e+00    4.38513200e+01    5.90333350e-01    6.47898336e+17
 7.21500000e+00    4.37921521e+01    5.91398085e-01    6.47607448e+17
 7.22000000e+00    4.37329862e+01    5.92463819e-01    6.47316536e+17
 7.22500000e+00    4.36738222e+01    5.93530550e-01    6.47025313e+17
 7.23000000e+00    4.36146604e+01    5.94598278e-01    6.46733939e+17
 7.23500000e+00    4.35555008e+01    5.95667002e-01    6.46442418e+17
 7.24000000e+00    4.34963433e+01    5.96736721e-01    6.46150721e+17
 7.24500000e+00    4.34371882e+01    5.97807435e-01    6.45858825e+17
 7.25000000e+00    4.33780354e+01    5.98879143e-01    6.45566804e+17
 7.25500000e+00    4.33188851e+01    5.99951846e-01    6.45274529e+17
 7.26000000e+00    4.32597373e+01    6.01025541e-01    6.44982137e+17
 7.26500000e+00    4.32005920e+01    6.02100229e-01    6.44689541e+17
 7.27000000e+00    4.31414494e+01    6.03175908e-01    6.44396832e+17
 7.27500000e+00    4.30823095e+01    6.04252579e-01    6.44103875e+17
 7.28000000e+00    4.30231723e+01    6.05330241e-01    6.43810785e+17
 7.28500000e+00    4.29640380e+01    6.06408892e-01    6.43517522e+17
 7.29000000e+00    4.29049066e+01    6.07488533e-01    6.43224066e+17
 7.29500000e+00    4.28457782e+01    6.08569162e-01    6.42930420e+17
 7.30000000e+00    4.27866528e+01    6.09650780e-01    6.42636620e+17
 7.30500000e+00    4.27275306e+01    6.10733385e-01    6.42342619e+17
 7.31000000e+00    4.26684115e+01    6.11816977e-01    6.42048455e+17
 7.31500000e+00    4.26092956e+01    6.12901555e-01    6.41754162e+17
 7.32000000e+00    4.25501831e+01    6.13987119e-01    6.41459686e+17
 7.32500000e+00    4.24910740e+01    6.15073668e-01    6.41164948e+17
 7.33000000e+00    4.24319683e+01    6.16161201e-01    6.40870120e+17
 7.33500000e+00    4.23728662e+01    6.17249717e-01    6.40575089e+17
 7.34000000e+00    4.23137676e+01    6.18339217e-01    6.40279872e+17
 7.34500000e+00    4.22546727e+01    6.19429698e-01    6.39984522e+17
 7.35000000e+00    4.21955815e+01    6.20521162e-01    6.39689010e+17
 7.35500000e+00    4.21364941e+01    6.21613606e-01    6.39393186e+17
 7.36000000e+00    4.20774106e+01    6.22707031e-01    6.39097326e+17
 7.36500000e+00    4.20183310e+01    6.23801435e-01    6.38801225e+17
 7.37000000e+00    4.19592554e+01    6.24896819e-01    6.38504915e+17
 7.37500000e+00    4.19001839e+01    6.25993180e-01    6.38208506e+17
 7.38000000e+00    4.18411165e+01    6.27090520e-01    6.37911945e+17
 7.38500000e+00    4.17820533e+01    6.28188836e-01    6.37615089e+17
 7.39000000e+00    4.17229944e+01    6.29288128e-01    6.37318144e+17
 7.39500000e+00    4.16639398e+01    6.30388396e-01    6.37021020e+17
 7.40000000e+00    4.16048896e+01    6.31489639e-01    6.36723656e+17
 7.40500000e+00    4.15458439e+01    6.32591857e-01    6.36426214e+17
 7.41000000e+00    4.14868027e+01    6.33695048e-01    6.36128559e+17
 7.41500000e+00    4.14277662e+01    6.34799211e-01    6.35830626e+17
 7.42000000e+00    4.13687344e+01    6.35904347e-01    6.35532681e+17
 7.42500000e+00    4.13097072e+01    6.37010454e-01    6.35234469e+17
 7.43000000e+00    4.12506850e+01    6.38117532e-01    6.34936015e+17
 7.43500000e+00    4.11916676e+01    6.39225580e-01    6.34637552e+17
 7.44000000e+00    4.11326551e+01    6.40334597e-01    6.34338666e+17
 7.44500000e+00    4.10736477e+01    6.41444583e-01    6.34039832e+17
 7.45000000e+00    4.10146454e+01    6.42555536e-01    6.33740774e+17
 7.45500000e+00    4.09556482e+01    6.43667457e-01    6.33441515e+17
 7.46000000e+00    4.08966563e+01    6.44780345e-01    6.33141977e+17
 7.46500000e+00    4.08376696e+01    6.45894198e-01    6.32842433e+17
 7.47000000e+00    4.07786884e+01    6.47009016e-01    6.32542532e+17
 7.47500000e+00    4.07197125e+01    6.48124798e-01    6.32242672e+17
 7.48000000e+00    4.06607422e+01    6.49241544e-01    6.31942343e+17
 7.48500000e+00    4.06017775e+01    6.50359252e-01    6.31642010e+17
 7.49000000e+00    4.05428184e+01    6.51477923e-01    6.31341627e+17
 7.49500000e+00    4.04838650e+01    6.52597555e-01    6.31040796e+17
 7.50000000e+00    4.04249174e+01    6.53718147e-01    6.30739971e+17
 7.50500000e+00    4.03659756e+01    6.54839699e-01    6.30438929e+17
 7.51000000e+00    4.03070398e+01    6.55962211e-01    6.30137689e+17
 7.51500000e+00    4.02481099e+01    6.57085681e-01    6.29836308e+17
 7.52000000e+00    4.01891861e+01    6.58210108e-01    6.29534640e+17
 7.52500000e+00    4.01302684e+01    6.59335492e-01    6.29232930e+17
 7.53000000e+00    4.00713569e+01    6.60461832e-01    6.28930962e+17
 7.53500000e+00    4.00124517e+01    6.61589128e-01    6.28628882e+17
 7.54000000e+00    3.99535528e+01    6.62717377e-01    6.28326432e+17
 7.54500000e+00    3.98946603e+01    6.63846581e-01    6.28023932e+17
 7.55000000e+00    3.98357743e+01    6.64976738e-01    6.27721394e+17
 7.55500000e+00    3.97768948e+01    6.66107847e-01    6.27418496e+17
 7.56000000e+00    3.97180220e+01    6.67239907e-01    6.27115449e+17
 7.56500000e+00    3.96591558e+01    6.68372918e-01    6.26812307e+17
 7.57000000e+00    3.96002963e+01    6.69506879e-01    6.26508763e+17
 7.57500000e+00    3.95414437e+01    6.70641788e-01    6.26205293e+17
 7.58000000e+00    3.94825979e+01    6.71777647e-01    6.25901546e+17
 7.58500000e+00    3.94237591e+01    6.72914452e-01    6.25597654e+17
 7.59000000e+00    3.93649274e+01    6.74052205e-01    6.25293452e+17
 7.59500000e+00    3.93061027e+01    6.75190903e-01    6.24989284e+17
 7.60000000e+00    3.92472852e+01    6.76330546e-01    6.24684581e+17
 7.60500000e+00    3.91884749e+01    6.77471134e-01    6.24380084e+17
 7.61000000e+00    3.91296719e+01    6.78612665e-01    6.24075251e+17
 7.61500000e+00    3.90708763e+01    6.79755139e-01    6.23770106e+17
 7.62000000e+00    3.90120881e+01    6.80898554e-01    6.23465025e+17
 7.62500000e+00    3.89533074e+01    6.82042911e-01    6.23159518e+17
 7.63000000e+00    3.88945343e+01    6.83188208e-01    6.22854004e+17
 7.63500000e+00    3.88357688e+01    6.84334444e-01    6.22548210e+17
 7.64000000e+00    3.87770111e+01    6.85481618e-01    6.22242345e+17
 7.64500000e+00    3.87182612e+01    6.86629731e-01    6.21936220e+17
 7.65000000e+00    3.86595191e+01    6.87778780e-01    6.21629897e+17
 7.65500000e+00    3.86007849e+01    6.88928766e-01    6.21323490e+17
 7.66000000e+00    3.85420587e+01    6.90079687e-01    6.21016828e+17
 7.66500000e+00    3.84833406e+01    6.91231542e-01    6.20709965e+17
 7.67000000e+00    3.84246306e+01    6.92384330e-01    6.20402889e+17
 7.67500000e+00    3.83659288e+01    6.93538052e-01    6.20095655e+17
 7.68000000e+00    3.83072353e+01    6.94692705e-01    6.19788401e+17
 7.68500000e+00    3.82485501e+01    6.95848289e-01    6.19480711e+17
 7.69000000e+00    3.81898734e+01    6.97004803e-01    6.19172986e+17
 7.69500000e+00    3.81312051e+01    6.98162247e-01    6.18865043e+17
 7.70000000e+00    3.80725454e+01    6.99320619e-01    6.18556942e+17
 7.70500000e+00    3.80138942e+01    7.00479918e-01    6.18248576e+17
 7.71000000e+00    3.79552518e+01    7.01640145e-01    6.17940137e+17
 7.71500000e+00    3.78966182e+01    7.02801297e-01    6.17631454e+17
 7.72000000e+00    3.78379933e+01    7.03963374e-01    6.17322582e+17
 7.72500000e+00    3.77793774e+01    7.05126375e-01    6.17013522e+17
 7.73000000e+00    3.77207704e+01    7.06290299e-01    6.16704217e+17
 7.73500000e+00    3.76621725e+01    7.07455145e-01    6.16394861e+17
 7.74000000e+00    3.76035837e+01    7.08620913e-01    6.16085280e+17
 7.74500000e+00    3.75450040e+01    7.09787601e-01    6.15775458e+17
 7.75000000e+00    3.74864336e+01    7.10955209e-01    6.15465416e+17
 7.75500000e+00    3.74278725e+01    7.12123736e-01    6.15155395e+17
 7.76000000e+00    3.73693209e+01    7.13293181e-01    6.14844965e+17
 7.76500000e+00    3.73107786e+01    7.14463542e-01    6.14534510e+17
 7.77000000e+00    3.72522459e+01    7.15634819e-01    6.14223732e+17
 7.77500000e+00    3.71937228e+01    7.16807012e-01    6.13912882e+17
 7.78000000e+00    3.71352094e+01    7.17980119e-01    6.13601828e+17
 7.78500000e+00    3.70767056e+01    7.19154139e-01    6.13290505e+17
 7.79000000e+00    3.70182118e+01    7.20329071e-01    6.12978952e+17
 7.79500000e+00    3.69597277e+01    7.21504915e-01    6.12667379e+17
 7.80000000e+00    3.69012537e+01    7.22681670e-01    6.12355599e+17
 7.80500000e+00    3.68427896e+01    7.23859334e-01    6.12043613e+17
 7.81000000e+00    3.67843356e+01    7.25037906e-01    6.11731295e+17
 7.81500000e+00    3.67258918e+01    7.26217387e-01    6.11419007e+17
 7.82000000e+00    3.66674582e+01    7.27397774e-01    6.11106270e+17
 7.82500000e+00    3.66090349e+01    7.28579067e-01    6.10793603e+17
 7.83000000e+00    3.65506220e+01    7.29761264e-01    6.10480574e+17
 7.83500000e+00    3.64922195e+01    7.30944366e-01    6.10167485e+17
 7.84000000e+00    3.64338276e+01    7.32128371e-01    6.09854155e+17
 7.84500000e+00    3.63754462e+01    7.33313278e-01    6.09540554e+17
 7.85000000e+00    3.63170754e+01    7.34499086e-01    6.09226959e+17
 7.85500000e+00    3.62587154e+01    7.35685794e-01    6.08913054e+17
 7.86000000e+00    3.62003662e+01    7.36873401e-01    6.08598846e+17
 7.86500000e+00    3.61420278e+01    7.38061907e-01    6.08284635e+17
 7.87000000e+00    3.60837004e+01    7.39251309e-01    6.07970192e+17
 7.87500000e+00    3.60253839e+01    7.40441608e-01    6.07655477e+17
 7.88000000e+00    3.59670786e+01    7.41632802e-01    6.07340695e+17
 7.88500000e+00    3.59087843e+01    7.42824891e-01    6.07025604e+17
 7.89000000e+00    3.58505013e+01    7.44017873e-01    6.06710471e+17
 7.89500000e+00    3.57922296e+01    7.45211747e-01    6.06395071e+17
 7.90000000e+00    3.57339692e+01    7.46406513e-01    6.06079472e+17
 7.90500000e+00    3.56757202e+01    7.47602169e-01    6.05763616e+17
 7.91000000e+00    3.56174828e+01    7.48798714e-01    6.05447623e+17
 7.91500000e+00    3.55592569e+01    7.49996147e-01    6.05131398e+17
 7.92000000e+00    3.55010426e+01    7.51194468e-01    6.04815094e+17
 7.92500000e+00    3.54428401e+01    7.52393676e-01    6.04498588e+17
 7.93000000e+00    3.53846493e+01    7.53593768e-01    6.04181802e+17
 7.93500000e+00    3.53264704e+01    7.54794745e-01    6.03864784e+17
 7.94000000e+00    3.52683033e+01    7.55996606e-01    6.03547743e+17
 7.94500000e+00    3.52101483e+01    7.57199348e-01    6.03230426e+17
 7.95000000e+00    3.51520054e+01    7.58402972e-01    6.02912743e+17
 7.95500000e+00    3.50938745e+01    7.59607476e-01    6.02595116e+17
 7.96000000e+00    3.50357559e+01    7.60812859e-01    6.02277140e+17
 7.96500000e+00    3.49776495e+01    7.62019121e-01    6.01959170e+17
 7.97000000e+00    3.49195555e+01    7.63226259e-01    6.01640748e+17
 7.97500000e+00    3.48614739e+01    7.64434274e-01    6.01322430e+17
 7.98000000e+00    3.48034048e+01    7.65643164e-01    6.01003628e+17
 7.98500000e+00    3.47453483e+01    7.66852928e-01    6.00684756e+17
 7.99000000e+00    3.46873043e+01    7.68063564e-01    6.00365822e+17
 7.99500000e+00    3.46292731e+01    7.69275073e-01    6.00046522e+17
 8.00000000e+00    3.45712546e+01    7.70487453e-01    5.99727087e+17
 8.00500000e+00    3.45132490e+01    7.71700702e-01    5.99407390e+17
 8.01000000e+00    3.44552563e+01    7.72914820e-01    5.99087600e+17
 8.01500000e+00    3.43972765e+01    7.74129806e-01    5.98767554e+17
 8.02000000e+00    3.43393098e+01    7.75345658e-01    5.98447282e+17
 8.02500000e+00    3.42813563e+01    7.76562376e-01    5.98126799e+17
 8.03000000e+00    3.42234159e+01    7.77779959e-01    5.97806215e+17
 8.03500000e+00    3.41654888e+01    7.78998404e-01    5.97485466e+17
 8.04000000e+00    3.41075750e+01    7.80217713e-01    5.97164500e+17
 8.04500000e+00    3.40496747e+01    7.81437882e-01    5.96843281e+17
 8.05000000e+00    3.39917878e+01    7.82658911e-01    5.96521820e+17
 8.05500000e+00    3.39339145e+01    7.83880800e-01    5.96200280e+17
 8.06000000e+00    3.38760548e+01    7.85103546e-01    5.95878467e+17
 8.06500000e+00    3.38182087e+01    7.86327149e-01    5.95556388e+17
 8.07000000e+00    3.37603765e+01    7.87551608e-01    5.95234234e+17
 8.07500000e+00    3.37025581e+01    7.88776922e-01    5.94911841e+17
 8.08000000e+00    3.36447536e+01    7.90003089e-01    5.94589285e+17
 8.08500000e+00    3.35869630e+01    7.91230108e-01    5.94266458e+17
 8.09000000e+00    3.35291866e+01    7.92457979e-01    5.93943462e+17
 8.09500000e+00    3.34714242e+01    7.93686699e-01    5.93620342e+17
 8.10000000e+00    3.34136760e+01    7.94916269e-01    5.93296987e+17
 8.10500000e+00    3.33559421e+01    7.96146687e-01    5.92973396e+17
 8.11000000e+00    3.32982226e+01    7.97377952e-01    5.92649534e+17
 8.11500000e+00    3.32405174e+01    7.98610062e-01    5.92325649e+17
 8.12000000e+00    3.31828267e+01    7.99843016e-01    5.92001390e+17
 8.12500000e+00    3.31251506e+01    8.01076814e-01    5.91677078e+17
 8.13000000e+00    3.30674891e+01    8.02311454e-01    5.91352527e+17
 8.13500000e+00    3.30098423e+01    8.03546935e-01    5.91027744e+17
 8.14000000e+00    3.29522102e+01    8.04783256e-01    5.90702642e+17
 8.14500000e+00    3.28945930e+01    8.06020416e-01    5.90377522e+17
 8.15000000e+00    3.28369907e+01    8.07258413e-01    5.90052133e+17
 8.15500000e+00    3.27794034e+01    8.08497247e-01    5.89726622e+17
 8.16000000e+00    3.27218311e+01    8.09736916e-01    5.89400795e+17
 8.16500000e+00    3.26642740e+01    8.10977419e-01    5.89074810e+17
 8.17000000e+00    3.26067320e+01    8.12218755e-01    5.88748594e+17
 8.17500000e+00    3.25492054e+01    8.13460922e-01    5.88422190e+17
 8.18000000e+00    3.24916940e+01    8.14703920e-01    5.88095705e+17
 8.18500000e+00    3.24341981e+01    8.15947748e-01    5.87768781e+17
 8.19000000e+00    3.23767176e+01    8.17192403e-01    5.87441731e+17
 8.19500000e+00    3.23192527e+01    8.18437885e-01    5.87114723e+17
 8.20000000e+00    3.22618035e+01    8.19684194e-01    5.86787147e+17
 8.20500000e+00    3.22043699e+01    8.20931326e-01    5.86459657e+17
 8.21000000e+00    3.21469521e+01    8.22179283e-01    5.86131717e+17
 8.21500000e+00    3.20895501e+01    8.23428061e-01    5.85803766e+17
 8.22000000e+00    3.20321641e+01    8.24677660e-01    5.85475531e+17
 8.22500000e+00    3.19747940e+01    8.25928079e-01    5.85147096e+17
 8.23000000e+00    3.19174401e+01    8.27179316e-01    5.84818435e+17
 8.23500000e+00    3.18601022e+01    8.28431371e-01    5.84489586e+17
 8.24000000e+00    3.18027805e+01    8.29684241e-01    5.84160577e+17
 8.24500000e+00    3.17454751e+01    8.30937927e-01    5.83831364e+17
 8.25000000e+00    3.16881861e+01    8.32192426e-01    5.83501872e+17
 8.25500000e+00    3.16309135e+01    8.33447737e-01    5.83172184e+17
 8.26000000e+00    3.15736574e+01    8.34703859e-01    5.82842328e+17
 8.26500000e+00    3.15164178e+01    8.35960792e-01    5.82512381e+17
 8.27000000e+00    3.14591949e+01    8.37218533e-01    5.82181935e+17
 8.27500000e+00    3.14019887e+01    8.38477081e-01    5.81851461e+17
 8.28000000e+00    3.13447992e+01    8.39736435e-01    5.81520738e+17
 8.28500000e+00    3.12876267e+01    8.40996594e-01    5.81189843e+17
 8.29000000e+00    3.12304710e+01    8.42257557e-01    5.80858816e+17
 8.29500000e+00    3.11733324e+01    8.43519322e-01    5.80527508e+17
 8.30000000e+00    3.11162108e+01    8.44781888e-01    5.80195801e+17
 8.30500000e+00    3.10591063e+01    8.46045253e-01    5.79864027e+17
 8.31000000e+00    3.10020191e+01    8.47309417e-01    5.79532252e+17
 8.31500000e+00    3.09449492e+01    8.48574378e-01    5.79199942e+17
 8.32000000e+00    3.08878966e+01    8.49840136e-01    5.78867535e+17
 8.32500000e+00    3.08308615e+01    8.51106687e-01    5.78535032e+17
 8.33000000e+00    3.07738439e+01    8.52374032e-01    5.78202270e+17
 8.33500000e+00    3.07168438e+01    8.53642169e-01    5.77869243e+17
 8.34000000e+00    3.06598614e+01    8.54911097e-01    5.77535882e+17
 8.34500000e+00    3.06028967e+01    8.56180814e-01    5.77202561e+17
 8.35000000e+00    3.05459499e+01    8.57451319e-01    5.76868972e+17
 8.35500000e+00    3.04890209e+01    8.58722610e-01    5.76534934e+17
 8.36000000e+00    3.04321098e+01    8.59994687e-01    5.76200927e+17
 8.36500000e+00    3.03752168e+01    8.61267549e-01    5.75866639e+17
 8.37000000e+00    3.03183418e+01    8.62541193e-01    5.75532153e+17
 8.37500000e+00    3.02614850e+01    8.63815618e-01    5.75197464e+17
 8.38000000e+00    3.02046465e+01    8.65090823e-01    5.74862458e+17
 8.38500000e+00    3.01478262e+01    8.66366808e-01    5.74527367e+17
 8.39000000e+00    3.00910244e+01    8.67643569e-01    5.74192006e+17
 8.39500000e+00    3.00342410e+01    8.68921107e-01    5.73856386e+17
 8.40000000e+00    2.99774761e+01    8.70199419e-01    5.73520599e+17
 8.40500000e+00    2.99207298e+01    8.71478505e-01    5.73184517e+17
 8.41000000e+00    2.98640022e+01    8.72758363e-01    5.72848374e+17
 8.41500000e+00    2.98072933e+01    8.74038991e-01    5.72511860e+17
 8.42000000e+00    2.97506033e+01    8.75320388e-01    5.72175154e+17
 8.42500000e+00    2.96939322e+01    8.76602554e-01    5.71838420e+17
 8.43000000e+00    2.96372800e+01    8.77885485e-01    5.71501228e+17
 8.43500000e+00    2.95806468e+01    8.79169182e-01    5.71163858e+17
 8.44000000e+00    2.95240328e+01    8.80453643e-01    5.70826419e+17
 8.44500000e+00    2.94674380e+01    8.81738866e-01    5.70488680e+17
 8.45000000e+00    2.94108624e+01    8.83024850e-01    5.70150684e+17
 8.45500000e+00    2.93543062e+01    8.84311594e-01    5.69812436e+17
 8.46000000e+00    2.92977693e+01    8.85599096e-01    5.69474008e+17
 8.46500000e+00    2.92412520e+01    8.86887354e-01    5.69135356e+17
 8.47000000e+00    2.91847542e+01    8.88176367e-01    5.68796524e+17
 8.47500000e+00    2.91282760e+01    8.89466135e-01    5.68457413e+17
 8.48000000e+00    2.90718175e+01    8.90756655e-01    5.68118051e+17
 8.48500000e+00    2.90153788e+01    8.92047926e-01    5.67778625e+17
 8.49000000e+00    2.89589600e+01    8.93339947e-01    5.67438917e+17
 8.49500000e+00    2.89025610e+01    8.94632716e-01    5.67098983e+17
 8.50000000e+00    2.88461821e+01    8.95926232e-01    5.66758606e+17
 8.50500000e+00    2.87898233e+01    8.97220492e-01    5.66418387e+17
 8.51000000e+00    2.87334845e+01    8.98515497e-01    5.66077687e+17
 8.51500000e+00    2.86771660e+01    8.99811245e-01    5.65736751e+17
 8.52000000e+00    2.86208678e+01    9.01107733e-01    5.65395658e+17
 8.52500000e+00    2.85645900e+01    9.02404961e-01    5.65054436e+17
 8.53000000e+00    2.85083326e+01    9.03702927e-01    5.64712888e+17
 8.53500000e+00    2.84520957e+01    9.05001629e-01    5.64371122e+17
 8.54000000e+00    2.83958794e+01    9.06301067e-01    5.64029009e+17
 8.54500000e+00    2.83396837e+01    9.07601238e-01    5.63686848e+17
 8.55000000e+00    2.82835088e+01    9.08902141e-01    5.63344404e+17
 8.55500000e+00    2.82273547e+01    9.10203775e-01    5.63001790e+17
 8.56000000e+00    2.81712215e+01    9.11506138e-01    5.62658879e+17
 8.56500000e+00    2.81151093e+01    9.12809229e-01    5.62315714e+17
 8.57000000e+00    2.80590180e+01    9.14113046e-01    5.61972246e+17
 8.57500000e+00    2.80029479e+01    9.15417588e-01    5.61628661e+17
 8.58000000e+00    2.79468990e+01    9.16722853e-01    5.61284960e+17
 8.58500000e+00    2.78908713e+01    9.18028839e-01    5.60940863e+17
 8.59000000e+00    2.78348650e+01    9.19335546e-01    5.60596550e+17
 8.59500000e+00    2.77788800e+01    9.20642971e-01    5.60252064e+17
 8.60000000e+00    2.77229165e+01    9.21951114e-01    5.59907366e+17
 8.60500000e+00    2.76669746e+01    9.23259972e-01    5.59562379e+17
 8.61000000e+00    2.76110543e+01    9.24569543e-01    5.59217059e+17
 8.61500000e+00    2.75551557e+01    9.25879828e-01    5.58871668e+17
 8.62000000e+00    2.74992789e+01    9.27190823e-01    5.58525968e+17
 8.62500000e+00    2.74434240e+01    9.28502528e-01    5.58180123e+17
 8.63000000e+00    2.73875909e+01    9.29814941e-01    5.57833869e+17
 8.63500000e+00    2.73317799e+01    9.31128060e-01    5.57487594e+17
 8.64000000e+00    2.72759909e+01    9.32441883e-01    5.57140935e+17
 8.64500000e+00    2.72202241e+01    9.33756410e-01    5.56793987e+17
 8.65000000e+00    2.71644796e+01    9.35071638e-01    5.56447055e+17
 8.65500000e+00    2.71087573e+01    9.36387567e-01    5.56099628e+17
 8.66000000e+00    2.70530574e+01    9.37704194e-01    5.55752061e+17
 8.66500000e+00    2.69973799e+01    9.39021518e-01    5.55404368e+17
 8.67000000e+00    2.69417250e+01    9.40339537e-01    5.55056193e+17
 8.67500000e+00    2.68860926e+01    9.41658249e-01    5.54707940e+17
 8.68000000e+00    2.68304830e+01    9.42977654e-01    5.54359476e+17
 8.68500000e+00    2.67748961e+01    9.44297749e-01    5.54010609e+17
 8.69000000e+00    2.67193320e+01    9.45618533e-01    5.53661807e+17
 8.69500000e+00    2.66637908e+01    9.46940004e-01    5.53312432e+17
 8.70000000e+00    2.66082726e+01    9.48262161e-01    5.52962992e+17
 8.70500000e+00    2.65527774e+01    9.49585002e-01    5.52613231e+17
 8.71000000e+00    2.64973054e+01    9.50908525e-01    5.52263376e+17
 8.71500000e+00    2.64418565e+01    9.52232729e-01    5.51913016e+17
 8.72000000e+00    2.63864310e+01    9.53557612e-01    5.51562728e+17
 8.72500000e+00    2.63310288e+01    9.54883173e-01    5.51211893e+17
 8.73000000e+00    2.62756500e+01    9.56209409e-01    5.50860986e+17
 8.73500000e+00    2.62202947e+01    9.57536319e-01    5.50509854e+17
 8.74000000e+00    2.61649631e+01    9.58863902e-01    5.50158379e+17
 8.74500000e+00    2.61096550e+01    9.60192156e-01    5.49806756e+17
 8.75000000e+00    2.60543707e+01    9.61521079e-01    5.49454768e+17
 8.75500000e+00    2.59991102e+01    9.62850669e-01    5.49102678e+17
 8.76000000e+00    2.59438736e+01    9.64180925e-01    5.48750255e+17
 8.76500000e+00    2.58886609e+01    9.65511845e-01    5.48397642e+17
 8.77000000e+00    2.58334723e+01    9.66843428e-01    5.48044643e+17
 8.77500000e+00    2.57783078e+01    9.68175672e-01    5.47691575e+17
 8.78000000e+00    2.57231674e+01    9.69508574e-01    5.47338043e+17
 8.78500000e+00    2.56680514e+01    9.70842134e-01    5.46984438e+17
 8.79000000e+00    2.56129596e+01    9.72176349e-01    5.46630632e+17
 8.79500000e+00    2.55578923e+01    9.73511219e-01    5.46276371e+17
 8.80000000e+00    2.55028494e+01    9.74846741e-01    5.45922021e+17
 8.80500000e+00    2.54478312e+01    9.76182913e-01    5.45567328e+17
 8.81000000e+00    2.53928376e+01    9.77519733e-01    5.45212403e+17
 8.81500000e+00    2.53378686e+01    9.78857201e-01    5.44857235e+17
 8.82000000e+00    2.52829245e+01    9.80195314e-01    5.44501787e+17
 8.82500000e+00    2.52280053e+01    9.81534071e-01    5.44146131e+17
 8.83000000e+00    2.51731110e+01    9.82873469e-01    5.43790183e+17
 8.83500000e+00    2.51182417e+01    9.84213508e-01    5.43434120e+17
 8.84000000e+00    2.50633975e+01    9.85554184e-01    5.43077522e+17
 8.84500000e+00    2.50085785e+01    9.86895498e-01    5.42720910e+17
 8.85000000e+00    2.49537848e+01    9.88237446e-01    5.42363923e+17
 8.85500000e+00    2.48990164e+01    9.89580027e-01    5.42006795e+17
 8.86000000e+00    2.48442733e+01    9.90923239e-01    5.41649265e+17
 8.86500000e+00    2.47895558e+01    9.92267080e-01    5.41291454e+17
 8.87000000e+00    2.47348639e+01    9.93611549e-01    5.40933478e+17
 8.87500000e+00    2.46801975e+01    9.94956644e-01    5.40575208e+17
 8.88000000e+00    2.46255569e+01    9.96302362e-01    5.40216726e+17
 8.88500000e+00    2.45709421e+01    9.97648703e-01    5.39857938e+17
 8.89000000e+00    2.45163532e+01    9.98995664e-01    5.39498824e+17
 8.89500000e+00    2.44617901e+01    1.00034324e+00    5.39139585e+17
 8.90000000e+00    2.44072532e+01    1.00169144e+00    5.38780042e+17
 8.90500000e+00    2.43527423e+01    1.00304025e+00    5.38420162e+17
 8.91000000e+00    2.42982576e+01    1.00438968e+00    5.38060079e+17
 8.91500000e+00    2.42437991e+01    1.00573971e+00    5.37699730e+17
 8.92000000e+00    2.41893670e+01    1.00709036e+00    5.37338985e+17
 8.92500000e+00    2.41349613e+01    1.00844161e+00    5.36978137e+17
 8.93000000e+00    2.40805820e+01    1.00979347e+00    5.36616965e+17
 8.93500000e+00    2.40262294e+01    1.01114593e+00    5.36255605e+17
 8.94000000e+00    2.39719033e+01    1.01249899e+00    5.35893906e+17
 8.94500000e+00    2.39176040e+01    1.01385266e+00    5.35531857e+17
 8.95000000e+00    2.38633315e+01    1.01520692e+00    5.35169676e+17
 8.95500000e+00    2.38090859e+01    1.01656178e+00    5.34807154e+17
 8.96000000e+00    2.37548672e+01    1.01791723e+00    5.34444297e+17
 8.96500000e+00    2.37006756e+01    1.01927327e+00    5.34081339e+17
 8.97000000e+00    2.36465110e+01    1.02062991e+00    5.33718031e+17
 8.97500000e+00    2.35923736e+01    1.02198713e+00    5.33354417e+17
 8.98000000e+00    2.35382635e+01    1.02334495e+00    5.32990555e+17
 8.98500000e+00    2.34841808e+01    1.02470334e+00    5.32626412e+17
 8.99000000e+00    2.34301254e+01    1.02606232e+00    5.32261866e+17
 8.99500000e+00    2.33760976e+01    1.02742188e+00    5.31897187e+17
 9.00000000e+00    2.33220974e+01    1.02878202e+00    5.31532171e+17
 9.00500000e+00    2.32681247e+01    1.03014273e+00    5.31167019e+17
 9.01000000e+00    2.32141799e+01    1.03150403e+00    5.30801268e+17
 9.01500000e+00    2.31602628e+01    1.03286589e+00    5.30435597e+17
 9.02000000e+00    2.31063736e+01    1.03422832e+00    5.30069373e+17
 9.02500000e+00    2.30525124e+01    1.03559133e+00    5.29703047e+17
 9.03000000e+00    2.29986793e+01    1.03695490e+00    5.29336419e+17
 9.03500000e+00    2.29448742e+01    1.03831904e+00    5.28969511e+17
 9.04000000e+00    2.28910974e+01    1.03968374e+00    5.28602277e+17
 9.04500000e+00    2.28373489e+01    1.04104900e+00    5.28234716e+17
 9.05000000e+00    2.27836287e+01    1.04241482e+00    5.27866872e+17
 9.05500000e+00    2.27299369e+01    1.04378120e+00    5.27498730e+17
 9.06000000e+00    2.26762737e+01    1.04514813e+00    5.27130473e+17
 9.06500000e+00    2.26226391e+01    1.04651562e+00    5.26761871e+17
 9.07000000e+00    2.25690332e+01    1.04788366e+00    5.26392853e+17
 9.07500000e+00    2.25154560e+01    1.04925224e+00    5.26023552e+17
 9.08000000e+00    2.24619076e+01    1.05062138e+00    5.25654032e+17
 9.08500000e+00    2.24083882e+01    1.05199106e+00    5.25284171e+17
 9.09000000e+00    2.23548978e+01    1.05336128e+00    5.24914165e+17
 9.09500000e+00    2.23014364e+01    1.05473204e+00    5.24543750e+17
 9.10000000e+00    2.22480042e+01    1.05610334e+00    5.24172986e+17
 9.10500000e+00    2.21946012e+01    1.05747518e+00    5.23802082e+17
 9.11000000e+00    2.21412276e+01    1.05884756e+00    5.23430753e+17
 9.11500000e+00    2.20878833e+01    1.06022046e+00    5.23059154e+17
 9.12000000e+00    2.20345685e+01    1.06159390e+00    5.22687307e+17
 9.12500000e+00    2.19812833e+01    1.06296787e+00    5.22315119e+17
 9.13000000e+00    2.19280277e+01    1.06434236e+00    5.21942520e+17
 9.13500000e+00    2.18748018e+01    1.06571737e+00    5.21569816e+17
 9.14000000e+00    2.18216057e+01    1.06709291e+00    5.21196686e+17
 9.14500000e+00    2.17684395e+01    1.06846897e+00    5.20823398e+17
 9.15000000e+00    2.17153032e+01    1.06984555e+00    5.20449749e+17
 9.15500000e+00    2.16621970e+01    1.07122264e+00    5.20075755e+17
 9.16000000e+00    2.16091209e+01    1.07260025e+00    5.19701519e+17
 9.16500000e+00    2.15560749e+01    1.07397836e+00    5.19326926e+17
 9.17000000e+00    2.15030593e+01    1.07535699e+00    5.18951989e+17
 9.17500000e+00    2.14500740e+01    1.07673612e+00    5.18576864e+17
 9.18000000e+00    2.13971192e+01    1.07811576e+00    5.18201306e+17
 9.18500000e+00    2.13441948e+01    1.07949590e+00    5.17825462e+17
 9.19000000e+00    2.12913011e+01    1.08087655e+00    5.17449386e+17
 9.19500000e+00    2.12384380e+01    1.08225769e+00    5.17072966e+17
 9.20000000e+00    2.11856057e+01    1.08363932e+00    5.16696068e+17
 9.20500000e+00    2.11328043e+01    1.08502146e+00    5.16319080e+17
 9.21000000e+00    2.10800338e+01    1.08640408e+00    5.15941686e+17
 9.21500000e+00    2.10272942e+01    1.08778719e+00    5.15564034e+17
 9.22000000e+00    2.09745858e+01    1.08917079e+00    5.15186126e+17
 9.22500000e+00    2.09219085e+01    1.09055488e+00    5.14807741e+17
 9.23000000e+00    2.08692625e+01    1.09193944e+00    5.14429184e+17
 9.23500000e+00    2.08166478e+01    1.09332449e+00    5.14050202e+17
 9.24000000e+00    2.07640645e+01    1.09471002e+00    5.13670905e+17
 9.24500000e+00    2.07115127e+01    1.09609602e+00    5.13291402e+17
 9.25000000e+00    2.06589925e+01    1.09748250e+00    5.12911454e+17
 9.25500000e+00    2.06065040e+01    1.09886945e+00    5.12531229e+17
 9.26000000e+00    2.05540472e+01    1.10025687e+00    5.12150689e+17
 9.26500000e+00    2.05016222e+01    1.10164475e+00    5.11769781e+17
 9.27000000e+00    2.04492291e+01    1.10303310e+00    5.11388607e+17
 9.27500000e+00    2.03968680e+01    1.10442191e+00    5.11007123e+17
 9.28000000e+00    2.03445390e+01    1.10581119e+00    5.10625254e+17
 9.28500000e+00    2.02922421e+01    1.10720092e+00    5.10243117e+17
 9.29000000e+00    2.02399774e+01    1.10859110e+00    5.09860615e+17
 9.29500000e+00    2.01877451e+01    1.10998174e+00    5.09477717e+17
 9.30000000e+00    2.01355451e+01    1.11137283e+00    5.09094603e+17
 9.30500000e+00    2.00833777e+01    1.11276437e+00    5.08711116e+17
 9.31000000e+00    2.00312428e+01    1.11415635e+00    5.08327181e+17
 9.31500000e+00    1.99791405e+01    1.11554878e+00    5.07943095e+17
 9.32000000e+00    1.99270710e+01    1.11694165e+00    5.07558557e+17
 9.32500000e+00    1.98750343e+01    1.11833496e+00    5.07173671e+17
 9.33000000e+00    1.98230305e+01    1.11972870e+00    5.06788536e+17
 9.33500000e+00    1.97710597e+01    1.12112288e+00    5.06403003e+17
 9.34000000e+00    1.97191219e+01    1.12251749e+00    5.06017193e+17
 9.34500000e+00    1.96672173e+01    1.12391253e+00    5.05631074e+17
 9.35000000e+00    1.96153459e+01    1.12530800e+00    5.05244466e+17
 9.35500000e+00    1.95635079e+01    1.12670389e+00    5.04857599e+17
 9.36000000e+00    1.95117032e+01    1.12810020e+00    5.04470367e+17
 9.36500000e+00    1.94599320e+01    1.12949693e+00    5.04082772e+17
 9.37000000e+00    1.94081944e+01    1.13089408e+00    5.03694848e+17
 9.37500000e+00    1.93564904e+01    1.13229165e+00    5.03306601e+17
 9.38000000e+00    1.93048202e+01    1.13368962e+00    5.02918070e+17
 9.38500000e+00    1.92531838e+01    1.13508801e+00    5.02528969e+17
 9.39000000e+00    1.92015813e+01    1.13648680e+00    5.02139604e+17
 9.39500000e+00    1.91500127e+01    1.13788600e+00    5.01750045e+17
 9.40000000e+00    1.90984783e+01    1.13928560e+00    5.01360058e+17
 9.40500000e+00    1.90469780e+01    1.14068560e+00    5.00969669e+17
 9.41000000e+00    1.89955119e+01    1.14208600e+00    5.00578919e+17
 9.41500000e+00    1.89440802e+01    1.14348679e+00    5.00187887e+17
 9.42000000e+00    1.88926829e+01    1.14488798e+00    4.99796354e+17
 9.42500000e+00    1.88413201e+01    1.14628955e+00    4.99404593e+17
 9.43000000e+00    1.87899918e+01    1.14769151e+00    4.99012377e+17
 9.43500000e+00    1.87386983e+01    1.14909386e+00    4.98619755e+17
 9.44000000e+00    1.86874395e+01    1.15049658e+00    4.98226918e+17
 9.44500000e+00    1.86362155e+01    1.15189969e+00    4.97833599e+17
 9.45000000e+00    1.85850265e+01    1.15330317e+00    4.97439969e+17
 9.45500000e+00    1.85338724e+01    1.15470703e+00    4.97046039e+17
 9.46000000e+00    1.84827535e+01    1.15611126e+00    4.96651593e+17
 9.46500000e+00    1.84316697e+01    1.15751585e+00    4.96256905e+17
 9.47000000e+00    1.83806212e+01    1.15892082e+00    4.95861781e+17
 9.47500000e+00    1.83296081e+01    1.16032614e+00    4.95466306e+17
 9.48000000e+00    1.82786304e+01    1.16173183e+00    4.95070294e+17
 9.48500000e+00    1.82276883e+01    1.16313788e+00    4.94674059e+17
 9.49000000e+00    1.81767817e+01    1.16454428e+00    4.94277592e+17
 9.49500000e+00    1.81259109e+01    1.16595104e+00    4.93880574e+17
 9.50000000e+00    1.80750758e+01    1.16735814e+00    4.93483209e+17
 9.50500000e+00    1.80242767e+01    1.16876559e+00    4.93085351e+17
 9.51000000e+00    1.79735134e+01    1.17017339e+00    4.92687259e+17
 9.51500000e+00    1.79227863e+01    1.17158153e+00    4.92288726e+17
 9.52000000e+00    1.78720953e+01    1.17299001e+00    4.91889831e+17
 9.52500000e+00    1.78214405e+01    1.17439883e+00    4.91490543e+17
 9.53000000e+00    1.77708220e+01    1.17580798e+00    4.91090804e+17
 9.53500000e+00    1.77202399e+01    1.17721746e+00    4.90690781e+17
 9.54000000e+00    1.76696943e+01    1.17862727e+00    4.90290303e+17
 9.54500000e+00    1.76191853e+01    1.18003740e+00    4.89889381e+17
 9.55000000e+00    1.75687129e+01    1.18144786e+00    4.89488113e+17
 9.55500000e+00    1.75182773e+01    1.18285864e+00    4.89086389e+17
 9.56000000e+00    1.74678785e+01    1.18426974e+00    4.88684262e+17
 9.56500000e+00    1.74175167e+01    1.18568115e+00    4.88281889e+17
 9.57000000e+00    1.73671919e+01    1.18709287e+00    4.87878913e+17
 9.57500000e+00    1.73169042e+01    1.18850490e+00    4.87475802e+17
 9.58000000e+00    1.72666537e+01    1.18991724e+00    4.87072059e+17
 9.58500000e+00    1.72164405e+01    1.19132988e+00    4.86667991e+17
 9.59000000e+00    1.71662646e+01    1.19274282e+00    4.86263554e+17
 9.59500000e+00    1.71161262e+01    1.19415605e+00    4.85858636e+17
 9.60000000e+00    1.70660254e+01    1.19556959e+00    4.85453278e+17
 9.60500000e+00    1.70159622e+01    1.19698341e+00    4.85047621e+17
 9.61000000e+00    1.69659368e+01    1.19839752e+00    4.84641460e+17
 9.61500000e+00    1.69159491e+01    1.19981192e+00    4.84234803e+17
 9.62000000e+00    1.68659994e+01    1.20122661e+00    4.83827880e+17
 9.62500000e+00    1.68160877e+01    1.20264157e+00    4.83420455e+17
 9.63000000e+00    1.67662141e+01    1.20405681e+00    4.83012705e+17
 9.63500000e+00    1.67163787e+01    1.20547232e+00    4.82604483e+17
 9.64000000e+00    1.66665815e+01    1.20688810e+00    4.82195867e+17
 9.64500000e+00    1.66168227e+01    1.20830415e+00    4.81786691e+17
 9.65000000e+00    1.65671024e+01    1.20972047e+00    4.81377194e+17
 9.65500000e+00    1.65174206e+01    1.21113705e+00    4.80967197e+17
 9.66000000e+00    1.64677775e+01    1.21255389e+00    4.80556897e+17
 9.66500000e+00    1.64181731e+01    1.21397099e+00    4.80146103e+17
 9.67000000e+00    1.63686075e+01    1.21538833e+00    4.79734783e+17
 9.67500000e+00    1.63190808e+01    1.21680593e+00    4.79323148e+17
 9.68000000e+00    1.62695931e+01    1.21822378e+00    4.78910996e+17
 9.68500000e+00    1.62201446e+01    1.21964187e+00    4.78498424e+17
 9.69000000e+00    1.61707352e+01    1.22106020e+00    4.78085459e+17
 9.69500000e+00    1.61213651e+01    1.22247876e+00    4.77671970e+17
 9.70000000e+00    1.60720344e+01    1.22389757e+00    4.77257942e+17
 9.70500000e+00    1.60227431e+01    1.22531660e+00    4.76843610e+17
 9.71000000e+00    1.59734915e+01    1.22673586e+00    4.76428871e+17
 9.71500000e+00    1.59242794e+01    1.22815535e+00    4.76013591e+17
 9.72000000e+00    1.58751072e+01    1.22957506e+00    4.75597856e+17
 9.72500000e+00    1.58259747e+01    1.23099499e+00    4.75181695e+17
 9.73000000e+00    1.57768822e+01    1.23241513e+00    4.74765102e+17
 9.73500000e+00    1.57278298e+01    1.23383549e+00    4.74347956e+17
 9.74000000e+00    1.56788174e+01    1.23525606e+00    4.73930512e+17
 9.74500000e+00    1.56298453e+01    1.23667683e+00    4.73512435e+17
 9.75000000e+00    1.55809135e+01    1.23809781e+00    4.73093970e+17
 9.75500000e+00    1.55320220e+01    1.23951898e+00    4.72675022e+17
 9.76000000e+00    1.54831711e+01    1.24094036e+00    4.72255455e+17
 9.76500000e+00    1.54343608e+01    1.24236192e+00    4.71835719e+17
 9.77000000e+00    1.53855912e+01    1.24378368e+00    4.71415260e+17
 9.77500000e+00    1.53368624e+01    1.24520562e+00    4.70994444e+17
 9.78000000e+00    1.52881744e+01    1.24662775e+00    4.70573140e+17
 9.78500000e+00    1.52395274e+01    1.24805005e+00    4.70151349e+17
 9.79000000e+00    1.51909215e+01    1.24947253e+00    4.69729012e+17
 9.79500000e+00    1.51423568e+01    1.25089519e+00    4.69306299e+17
 9.80000000e+00    1.50938333e+01    1.25231802e+00    4.68883048e+17
 9.80500000e+00    1.50453512e+01    1.25374101e+00    4.68459255e+17
 9.81000000e+00    1.49969106e+01    1.25516416e+00    4.68034960e+17
 9.81500000e+00    1.49485115e+01    1.25658748e+00    4.67610258e+17
 9.82000000e+00    1.49001540e+01    1.25801095e+00    4.67184963e+17
 9.82500000e+00    1.48518383e+01    1.25943458e+00    4.66759278e+17
 9.83000000e+00    1.48035645e+01    1.26085836e+00    4.66333002e+17
 9.83500000e+00    1.47553326e+01    1.26228228e+00    4.65906167e+17
 9.84000000e+00    1.47071427e+01    1.26370634e+00    4.65479012e+17
 9.84500000e+00    1.46589950e+01    1.26513055e+00    4.65051207e+17
 9.85000000e+00    1.46108895e+01    1.26655489e+00    4.64622935e+17
 9.85500000e+00    1.45628264e+01    1.26797936e+00    4.64194199e+17
 9.86000000e+00    1.45148057e+01    1.26940396e+00    4.63764888e+17
 9.86500000e+00    1.44668275e+01    1.27082868e+00    4.63335011e+17
 9.87000000e+00    1.44188919e+01    1.27225353e+00    4.62904652e+17
 9.87500000e+00    1.43709991e+01    1.27367850e+00    4.62473692e+17
 9.88000000e+00    1.43231492e+01    1.27510358e+00    4.62042393e+17
 9.88500000e+00    1.42753421e+01    1.27652877e+00    4.61610458e+17
 9.89000000e+00    1.42275781e+01    1.27795407e+00    4.61178084e+17
 9.89500000e+00    1.41798572e+01    1.27937947e+00    4.60745000e+17
 9.90000000e+00    1.41321796e+01    1.28080497e+00    4.60311414e+17
 9.90500000e+00    1.40845453e+01    1.28223057e+00    4.59877344e+17
 9.91000000e+00    1.40369544e+01    1.28365627e+00    4.59442834e+17
 9.91500000e+00    1.39894071e+01    1.28508205e+00    4.59007653e+17
 9.92000000e+00    1.39419034e+01    1.28650791e+00    4.58571889e+17
 9.92500000e+00    1.38944434e+01    1.28793386e+00    4.58135645e+17
 9.93000000e+00    1.38470273e+01    1.28935989e+00    4.57698811e+17
 9.93500000e+00    1.37996551e+01    1.29078599e+00    4.57261541e+17
 9.94000000e+00    1.37523270e+01    1.29221216e+00    4.56823576e+17
 9.94500000e+00    1.37050430e+01    1.29363840e+00    4.56385100e+17
 9.95000000e+00    1.36578033e+01    1.29506470e+00    4.55946089e+17
 9.95500000e+00    1.36106079e+01    1.29649106e+00    4.55506500e+17
 9.96000000e+00    1.35634570e+01    1.29791748e+00    4.55066245e+17
 9.96500000e+00    1.35163507e+01    1.29934394e+00    4.54625484e+17
 9.97000000e+00    1.34692890e+01    1.30077046e+00    4.54184256e+17
 9.97500000e+00    1.34222720e+01    1.30219702e+00    4.53742266e+17
 9.98000000e+00    1.33753000e+01    1.30362362e+00    4.53299782e+17
 9.98500000e+00    1.33283729e+01    1.30505025e+00    4.52856692e+17
 9.99000000e+00    1.32814909e+01    1.30647692e+00    4.52413052e+17
 9.99500000e+00    1.32346542e+01    1.30790361e+00    4.51968725e+17
 1.00000000e+01    1.31878627e+01    1.30933033e+00    4.51523806e+17
 1.00050000e+01    1.31411165e+01    1.31075707e+00    4.51078494e+17
 1.00100000e+01    1.30944160e+01    1.31218382e+00    4.50632440e+17
 1.00150000e+01    1.30477610e+01    1.31361059e+00    4.50185713e+17
 1.00200000e+01    1.30011517e+01    1.31503737e+00    4.49738439e+17
 1.00250000e+01    1.29545883e+01    1.31646414e+00    4.49290660e+17
 1.00300000e+01    1.29080708e+01    1.31789092e+00    4.48842083e+17
 1.00350000e+01    1.28615993e+01    1.31931770e+00    4.48393059e+17
 1.00400000e+01    1.28151740e+01    1.32074447e+00    4.47943289e+17
 1.00450000e+01    1.27687950e+01    1.32217122e+00    4.47493032e+17
 1.00500000e+01    1.27224623e+01    1.32359796e+00    4.47042062e+17
 1.00550000e+01    1.26761761e+01    1.32502467e+00    4.46590468e+17
 1.00600000e+01    1.26299364e+01    1.32645137e+00    4.46138079e+17
 1.00650000e+01    1.25837435e+01    1.32787803e+00    4.45685202e+17
 1.00700000e+01    1.25375974e+01    1.32930466e+00    4.45231863e+17
 1.00750000e+01    1.24914981e+01    1.33073125e+00    4.44777697e+17
 1.00800000e+01    1.24454459e+01    1.33215780e+00    4.44322836e+17
 1.00850000e+01    1.23994409e+01    1.33358431e+00    4.43867365e+17
 1.00900000e+01    1.23534831e+01    1.33501076e+00    4.43411318e+17
 1.00950000e+01    1.23075726e+01    1.33643716e+00    4.42954506e+17
 1.01000000e+01    1.22617096e+01    1.33786351e+00    4.42497175e+17
 1.01050000e+01    1.22158942e+01    1.33928978e+00    4.42039056e+17
 1.01100000e+01    1.21701264e+01    1.34071599e+00    4.41580242e+17
 1.01150000e+01    1.21244065e+01    1.34214213e+00    4.41120880e+17
 1.01200000e+01    1.20787345e+01    1.34356819e+00    4.40660783e+17
 1.01250000e+01    1.20331105e+01    1.34499418e+00    4.40199927e+17
 1.01300000e+01    1.19875347e+01    1.34642007e+00    4.39738503e+17
 1.01350000e+01    1.19420071e+01    1.34784588e+00    4.39276440e+17
 1.01400000e+01    1.18965279e+01    1.34927159e+00    4.38813543e+17
 1.01450000e+01    1.18510972e+01    1.35069720e+00    4.38349980e+17
 1.01500000e+01    1.18057151e+01    1.35212271e+00    4.37885731e+17
 1.01550000e+01    1.17603817e+01    1.35354811e+00    4.37420769e+17
 1.01600000e+01    1.17150971e+01    1.35497340e+00    4.36955155e+17
 1.01650000e+01    1.16698615e+01    1.35639857e+00    4.36488677e+17
 1.01700000e+01    1.16246749e+01    1.35782362e+00    4.36021579e+17
 1.01750000e+01    1.15795376e+01    1.35924854e+00    4.35553793e+17
 1.01800000e+01    1.15344495e+01    1.36067333e+00    4.35085187e+17
 1.01850000e+01    1.14894109e+01    1.36209799e+00    4.34615946e+17
 1.01900000e+01    1.14444217e+01    1.36352250e+00    4.34145948e+17
 1.01950000e+01    1.13994823e+01    1.36494687e+00    4.33675241e+17
 1.02000000e+01    1.13545926e+01    1.36637109e+00    4.33203780e+17
 1.02050000e+01    1.13097528e+01    1.36779515e+00    4.32731488e+17
 1.02100000e+01    1.12649630e+01    1.36921906e+00    4.32258593e+17
 1.02150000e+01    1.12202234e+01    1.37064280e+00    4.31784898e+17
 1.02200000e+01    1.11755340e+01    1.37206637e+00    4.31310301e+17
 1.02250000e+01    1.11308950e+01    1.37348976e+00    4.30835138e+17
 1.02300000e+01    1.10863064e+01    1.37491298e+00    4.30359102e+17
 1.02350000e+01    1.10417685e+01    1.37633601e+00    4.29882210e+17
 1.02400000e+01    1.09972814e+01    1.37775885e+00    4.29404641e+17
 1.02450000e+01    1.09528450e+01    1.37918150e+00    4.28926324e+17
 1.02500000e+01    1.09084597e+01    1.38060395e+00    4.28447119e+17
 1.02550000e+01    1.08641255e+01    1.38202620e+00    4.27967207e+17
 1.02600000e+01    1.08198425e+01    1.38344823e+00    4.27486456e+17
 1.02650000e+01    1.07756109e+01    1.38487005e+00    4.27004855e+17
 1.02700000e+01    1.07314308e+01    1.38629165e+00    4.26522545e+17
 1.02750000e+01    1.06873022e+01    1.38771303e+00    4.26039378e+17
 1.02800000e+01    1.06432254e+01    1.38913418e+00    4.25555326e+17
 1.02850000e+01    1.05992005e+01    1.39055509e+00    4.25070496e+17
 1.02900000e+01    1.05552275e+01    1.39197576e+00    4.24584793e+17
 1.02950000e+01    1.05113067e+01    1.39339618e+00    4.24098352e+17
 1.03000000e+01    1.04674381e+01    1.39481636e+00    4.23611072e+17
 1.03050000e+01    1.04236218e+01    1.39623627e+00    4.23122981e+17
 1.03100000e+01    1.03798581e+01    1.39765593e+00    4.22633794e+17
 1.03150000e+01    1.03361470e+01    1.39907532e+00    4.22143937e+17
 1.03200000e+01    1.02924886e+01    1.40049443e+00    4.21653193e+17
 1.03250000e+01    1.02488832e+01    1.40191327e+00    4.21161586e+17
 1.03300000e+01    1.02053307e+01    1.40333183e+00    4.20669090e+17
 1.03350000e+01    1.01618314e+01    1.40475009e+00    4.20175859e+17
 1.03400000e+01    1.01183854e+01    1.40616806e+00    4.19681429e+17
 1.03450000e+01    1.00749928e+01    1.40758573e+00    4.19186405e+17
 1.03500000e+01    1.00316537e+01    1.40900310e+00    4.18690245e+17
 1.03550000e+01    9.98836836e+00    1.41042015e+00    4.18193386e+17
 1.03600000e+01    9.94513680e+00    1.41183689e+00    4.17695540e+17
 1.03650000e+01    9.90195919e+00    1.41325330e+00    4.17196670e+17
 1.03700000e+01    9.85883566e+00    1.41466939e+00    4.16696948e+17
 1.03750000e+01    9.81576634e+00    1.41608514e+00    4.16196429e+17
 1.03800000e+01    9.77275139e+00    1.41750055e+00    4.15694874e+17
 1.03850000e+01    9.72979093e+00    1.41891562e+00    4.15192438e+17
 1.03900000e+01    9.68688509e+00    1.42033034e+00    4.14688940e+17
 1.03950000e+01    9.64403402e+00    1.42174469e+00    4.14184586e+17
 1.04000000e+01    9.60123785e+00    1.42315869e+00    4.13679181e+17
 1.04050000e+01    9.55849674e+00    1.42457231e+00    4.13172904e+17
 1.04100000e+01    9.51581080e+00    1.42598556e+00    4.12665547e+17
 1.04150000e+01    9.47318019e+00    1.42739843e+00    4.12157274e+17
 1.04200000e+01    9.43060505e+00    1.42881091e+00    4.11647972e+17
 1.04250000e+01    9.38808552e+00    1.43022300e+00    4.11137763e+17
 1.04300000e+01    9.34562174e+00    1.43163468e+00    4.10626480e+17
 1.04350000e+01    9.30321385e+00    1.43304597e+00    4.10114218e+17
 1.04400000e+01    9.26086200e+00    1.43445684e+00    4.09601034e+17
 1.04450000e+01    9.21856634e+00    1.43586729e+00    4.09086714e+17
 1.04500000e+01    9.17632700e+00    1.43727731e+00    4.08571258e+17
 1.04550000e+01    9.13414414e+00    1.43868691e+00    4.08054992e+17
 1.04600000e+01    9.09201790e+00    1.44009607e+00    4.07537454e+17
 1.04650000e+01    9.04994842e+00    1.44150478e+00    4.07019062e+17
 1.04700000e+01    9.00793585e+00    1.44291305e+00    4.06499557e+17
 1.04750000e+01    8.96598034e+00    1.44432086e+00    4.05978859e+17
 1.04800000e+01    8.92408205e+00    1.44572820e+00    4.05457212e+17
 1.04850000e+01    8.88224112e+00    1.44713508e+00    4.04934559e+17
 1.04900000e+01    8.84045770e+00    1.44854148e+00    4.04410728e+17
 1.04950000e+01    8.79873194e+00    1.44994739e+00    4.03885691e+17
 1.05000000e+01    8.75706399e+00    1.45135282e+00    4.03359629e+17
 1.05050000e+01    8.71545402e+00    1.45275775e+00    4.02832535e+17
 1.05100000e+01    8.67390217e+00    1.45416218e+00    4.02304201e+17
 1.05150000e+01    8.63240859e+00    1.45556609e+00    4.01774834e+17
 1.05200000e+01    8.59097344e+00    1.45696950e+00    4.01244227e+17
 1.05250000e+01    8.54959688e+00    1.45837237e+00    4.00712542e+17
 1.05300000e+01    8.50827907e+00    1.45977472e+00    4.00179601e+17
 1.05350000e+01    8.46702016e+00    1.46117653e+00    3.99645591e+17
 1.05400000e+01    8.42582031e+00    1.46257779e+00    3.99110467e+17
 1.05450000e+01    8.38467968e+00    1.46397851e+00    3.98574077e+17
 1.05500000e+01    8.34359842e+00    1.46537866e+00    3.98036389e+17
 1.05550000e+01    8.30257671e+00    1.46677825e+00    3.97497584e+17
 1.05600000e+01    8.26161470e+00    1.46817727e+00    3.96957647e+17
 1.05650000e+01    8.22071255e+00    1.46957570e+00    3.96416386e+17
 1.05700000e+01    8.17987043e+00    1.47097355e+00    3.95873813e+17
 1.05750000e+01    8.13908850e+00    1.47237080e+00    3.95330235e+17
 1.05800000e+01    8.09836693e+00    1.47376745e+00    3.94785153e+17
 1.05850000e+01    8.05770589e+00    1.47516349e+00    3.94239031e+17
 1.05900000e+01    8.01710554e+00    1.47655891e+00    3.93691454e+17
 1.05950000e+01    7.97656605e+00    1.47795371e+00    3.93142797e+17
 1.06000000e+01    7.93608759e+00    1.47934787e+00    3.92592665e+17
 1.06050000e+01    7.89567032e+00    1.48074140e+00    3.92041271e+17
 1.06100000e+01    7.85531443e+00    1.48213427e+00    3.91488571e+17
 1.06150000e+01    7.81502007e+00    1.48352649e+00    3.90934630e+17
 1.06200000e+01    7.77478742e+00    1.48491805e+00    3.90379278e+17
 1.06250000e+01    7.73461667e+00    1.48630894e+00    3.89822510e+17
 1.06300000e+01    7.69450798e+00    1.48769914e+00    3.89264587e+17
 1.06350000e+01    7.65446153e+00    1.48908866e+00    3.88705116e+17
 1.06400000e+01    7.61447750e+00    1.49047748e+00    3.88144305e+17
 1.06450000e+01    7.57455605e+00    1.49186560e+00    3.87582173e+17
 1.06500000e+01    7.53469739e+00    1.49325301e+00    3.87018533e+17
 1.06550000e+01    7.49490167e+00    1.49463970e+00    3.86453544e+17
 1.06600000e+01    7.45516909e+00    1.49602566e+00    3.85887114e+17
 1.06650000e+01    7.41549984e+00    1.49741088e+00    3.85319292e+17
 1.06700000e+01    7.37589407e+00    1.49879536e+00    3.84749896e+17
 1.06750000e+01    7.33635200e+00    1.50017908e+00    3.84179139e+17
 1.06800000e+01    7.29687380e+00    1.50156205e+00    3.83606967e+17
 1.06850000e+01    7.25745965e+00    1.50294424e+00    3.83033210e+17
 1.06900000e+01    7.21810975e+00    1.50432565e+00    3.82457980e+17
 1.06950000e+01    7.17882429e+00    1.50570627e+00    3.81881211e+17
 1.07000000e+01    7.13960345e+00    1.50708610e+00    3.81303003e+17
 1.07050000e+01    7.10044743e+00    1.50846512e+00    3.80723147e+17
 1.07100000e+01    7.06135643e+00    1.50984333e+00    3.80141777e+17
 1.07150000e+01    7.02233063e+00    1.51122072e+00    3.79558823e+17
 1.07200000e+01    6.98337023e+00    1.51259727e+00    3.78974289e+17
 1.07250000e+01    6.94447543e+00    1.51397298e+00    3.78388183e+17
 1.07300000e+01    6.90564642e+00    1.51534784e+00    3.77800492e+17
 1.07350000e+01    6.86688341e+00    1.51672184e+00    3.77211040e+17
 1.07400000e+01    6.82818660e+00    1.51809496e+00    3.76620032e+17
 1.07450000e+01    6.78955619e+00    1.51946721e+00    3.76027485e+17
 1.07500000e+01    6.75099238e+00    1.52083858e+00    3.75433194e+17
 1.07550000e+01    6.71249538e+00    1.52220904e+00    3.74837098e+17
 1.07600000e+01    6.67406539e+00    1.52357860e+00    3.74239415e+17
 1.07650000e+01    6.63570263e+00    1.52494724e+00    3.73640006e+17
 1.07700000e+01    6.59740729e+00    1.52631495e+00    3.73039011e+17
 1.07750000e+01    6.55917959e+00    1.52768172e+00    3.72436000e+17
 1.07800000e+01    6.52101976e+00    1.52904755e+00    3.71831360e+17
 1.07850000e+01    6.48292799e+00    1.53041242e+00    3.71224982e+17
 1.07900000e+01    6.44490451e+00    1.53177633e+00    3.70616674e+17
 1.07950000e+01    6.40694952e+00    1.53313925e+00    3.70006675e+17
 1.08000000e+01    6.36906326e+00    1.53450119e+00    3.69394846e+17
 1.08050000e+01    6.33124594e+00    1.53586213e+00    3.68781127e+17
 1.08100000e+01    6.29349777e+00    1.53722207e+00    3.68165543e+17
 1.08150000e+01    6.25581900e+00    1.53858098e+00    3.67548023e+17
 1.08200000e+01    6.21820983e+00    1.53993887e+00    3.66928692e+17
 1.08250000e+01    6.18067049e+00    1.54129571e+00    3.66307412e+17
 1.08300000e+01    6.14320123e+00    1.54265150e+00    3.65684171e+17
 1.08350000e+01    6.10580226e+00    1.54400624e+00    3.65059090e+17
 1.08400000e+01    6.06847382e+00    1.54535989e+00    3.64431857e+17
 1.08450000e+01    6.03121614e+00    1.54671247e+00    3.63802714e+17
 1.08500000e+01    5.99402945e+00    1.54806395e+00    3.63171491e+17
 1.08550000e+01    5.95691400e+00    1.54941432e+00    3.62538373e+17
 1.08600000e+01    5.91987002e+00    1.55076357e+00    3.61903122e+17
 1.08650000e+01    5.88289776e+00    1.55211170e+00    3.61265738e+17
 1.08700000e+01    5.84599746e+00    1.55345868e+00    3.60626317e+17
 1.08750000e+01    5.80916936e+00    1.55480452e+00    3.59984844e+17
 1.08800000e+01    5.77241370e+00    1.55614918e+00    3.59341076e+17
 1.08850000e+01    5.73573075e+00    1.55749267e+00    3.58695159e+17
 1.08900000e+01    5.69912075e+00    1.55883498e+00    3.58047164e+17
 1.08950000e+01    5.66258395e+00    1.56017608e+00    3.57396852e+17
 1.09000000e+01    5.62612061e+00    1.56151597e+00    3.56744515e+17
 1.09050000e+01    5.58973099e+00    1.56285463e+00    3.56089647e+17
 1.09100000e+01    5.55341534e+00    1.56419206e+00    3.55432691e+17
 1.09150000e+01    5.51717393e+00    1.56552824e+00    3.54773344e+17
 1.09200000e+01    5.48100702e+00    1.56686315e+00    3.54111626e+17
 1.09250000e+01    5.44491489e+00    1.56819679e+00    3.53447708e+17
 1.09300000e+01    5.40889779e+00    1.56952914e+00    3.52781275e+17
 1.09350000e+01    5.37295600e+00    1.57086019e+00    3.52112656e+17
 1.09400000e+01    5.33708979e+00    1.57218992e+00    3.51441332e+17
 1.09450000e+01    5.30129944e+00    1.57351832e+00    3.50767694e+17
 1.09500000e+01    5.26558522e+00    1.57484539e+00    3.50091509e+17
 1.09550000e+01    5.22994743e+00    1.57617110e+00    3.49412881e+17
 1.09600000e+01    5.19438632e+00    1.57749544e+00    3.48731773e+17
 1.09650000e+01    5.15890220e+00    1.57881839e+00    3.48047984e+17
 1.09700000e+01    5.12349537e+00    1.58013995e+00    3.47361641e+17
 1.09750000e+01    5.08816610e+00    1.58146010e+00    3.46672746e+17
 1.09800000e+01    5.05291468e+00    1.58277883e+00    3.45981223e+17
 1.09850000e+01    5.01774142e+00    1.58409612e+00    3.45286908e+17
 1.09900000e+01    4.98264661e+00    1.58541195e+00    3.44589953e+17
 1.09950000e+01    4.94763057e+00    1.58672631e+00    3.43890254e+17
 1.10000000e+01    4.91269358e+00    1.58803919e+00    3.43187724e+17
 1.10050000e+01    4.87783596e+00    1.58935057e+00    3.42482388e+17
 1.10100000e+01    4.84305803e+00    1.59066044e+00    3.41774305e+17
 1.10150000e+01    4.80836009e+00    1.59196878e+00    3.41063381e+17
 1.10200000e+01    4.77374246e+00    1.59327557e+00    3.40349463e+17
 1.10250000e+01    4.73920546e+00    1.59458081e+00    3.39632635e+17
 1.10300000e+01    4.70474942e+00    1.59588447e+00    3.38912735e+17
 1.10350000e+01    4.67037465e+00    1.59718654e+00    3.38190067e+17
 1.10400000e+01    4.63608149e+00    1.59848700e+00    3.37464219e+17
 1.10450000e+01    4.60187028e+00    1.59978583e+00    3.36735287e+17
 1.10500000e+01    4.56774136e+00    1.60108303e+00    3.36003209e+17
 1.10550000e+01    4.53369505e+00    1.60237857e+00    3.35268001e+17
 1.10600000e+01    4.49973170e+00    1.60367243e+00    3.34529680e+17
 1.10650000e+01    4.46585166e+00    1.60496460e+00    3.33788151e+17
 1.10700000e+01    4.43205527e+00    1.60625507e+00    3.33043239e+17
 1.10750000e+01    4.39834292e+00    1.60754381e+00    3.32295063e+17
 1.10800000e+01    4.36471492e+00    1.60883080e+00    3.31543578e+17
 1.10850000e+01    4.33117166e+00    1.61011604e+00    3.30788720e+17
 1.10900000e+01    4.29771350e+00    1.61139949e+00    3.30030364e+17
 1.10950000e+01    4.26434080e+00    1.61268115e+00    3.29268593e+17
 1.11000000e+01    4.23105394e+00    1.61396100e+00    3.28503170e+17
 1.11050000e+01    4.19785331e+00    1.61523900e+00    3.27734245e+17
 1.11100000e+01    4.16473928e+00    1.61651516e+00    3.26961800e+17
 1.11150000e+01    4.13171223e+00    1.61778944e+00    3.26185763e+17
 1.11200000e+01    4.09877256e+00    1.61906184e+00    3.25405898e+17
 1.11250000e+01    4.06592065e+00    1.62033232e+00    3.24622286e+17
 1.11300000e+01    4.03315692e+00    1.62160087e+00    3.23834964e+17
 1.11350000e+01    4.00048176e+00    1.62286747e+00    3.23043618e+17
 1.11400000e+01    3.96789558e+00    1.62413210e+00    3.22248572e+17
 1.11450000e+01    3.93539878e+00    1.62539473e+00    3.21449515e+17
 1.11500000e+01    3.90299179e+00    1.62665536e+00    3.20646541e+17
 1.11550000e+01    3.87067503e+00    1.62791395e+00    3.19839385e+17
 1.11600000e+01    3.83844894e+00    1.62917049e+00    3.19028142e+17
 1.11650000e+01    3.80631393e+00    1.63042495e+00    3.18212772e+17
 1.11700000e+01    3.77427046e+00    1.63167732e+00    3.17393237e+17
 1.11750000e+01    3.74231894e+00    1.63292756e+00    3.16569312e+17
 1.11800000e+01    3.71045984e+00    1.63417567e+00    3.15741187e+17
 1.11850000e+01    3.67869361e+00    1.63542161e+00    3.14908699e+17
 1.11900000e+01    3.64702070e+00    1.63666536e+00    3.14071729e+17
 1.11950000e+01    3.61544159e+00    1.63790691e+00    3.13230085e+17
 1.12000000e+01    3.58395673e+00    1.63914622e+00    3.12384094e+17
 1.12050000e+01    3.55256661e+00    1.64038327e+00    3.11533401e+17
 1.12100000e+01    3.52127169e+00    1.64161804e+00    3.10678001e+17
 1.12150000e+01    3.49007248e+00    1.64285051e+00    3.09817837e+17
 1.12200000e+01    3.45896946e+00    1.64408065e+00    3.08952882e+17
 1.12250000e+01    3.42796313e+00    1.64530843e+00    3.08082849e+17
 1.12300000e+01    3.39705400e+00    1.64653383e+00    3.07208073e+17
 1.12350000e+01    3.36624258e+00    1.64775682e+00    3.06328087e+17
 1.12400000e+01    3.33552939e+00    1.64897738e+00    3.05443209e+17
 1.12450000e+01    3.30491495e+00    1.65019549e+00    3.04552965e+17
 1.12500000e+01    3.27439979e+00    1.65141110e+00    3.03657534e+17
 1.12550000e+01    3.24398446e+00    1.65262421e+00    3.02756733e+17
 1.12600000e+01    3.21366949e+00    1.65383478e+00    3.01850569e+17
 1.12650000e+01    3.18345543e+00    1.65504278e+00    3.00938946e+17
 1.12700000e+01    3.15334286e+00    1.65624818e+00    3.00021801e+17
 1.12750000e+01    3.12333233e+00    1.65745096e+00    2.99098808e+17
 1.12800000e+01    3.09342442e+00    1.65865109e+00    2.98170323e+17
 1.12850000e+01    3.06361971e+00    1.65984853e+00    2.97235951e+17
 1.12900000e+01    3.03391878e+00    1.66104326e+00    2.96295612e+17
 1.12950000e+01    3.00432224e+00    1.66223526e+00    2.95349325e+17
 1.13000000e+01    2.97483070e+00    1.66342447e+00    2.94396937e+17
 1.13050000e+01    2.94544476e+00    1.66461089e+00    2.93438352e+17
 1.13100000e+01    2.91616505e+00    1.66579447e+00    2.92473643e+17
 1.13150000e+01    2.88699220e+00    1.66697518e+00    2.91502481e+17
 1.13200000e+01    2.85792685e+00    1.66815299e+00    2.90524866e+17
 1.13250000e+01    2.82896964e+00    1.66932787e+00    2.89540697e+17
 1.13300000e+01    2.80012122e+00    1.67049978e+00    2.88550024e+17
 1.13350000e+01    2.77138227e+00    1.67166870e+00    2.87552510e+17
 1.13400000e+01    2.74275346e+00    1.67283458e+00    2.86548205e+17
 1.13450000e+01    2.71423547e+00    1.67399739e+00    2.85536999e+17
 1.13500000e+01    2.68582899e+00    1.67515710e+00    2.84518586e+17
 1.13550000e+01    2.65753472e+00    1.67631367e+00    2.83493222e+17
 1.13600000e+01    2.62935339e+00    1.67746706e+00    2.82460386e+17
 1.13650000e+01    2.60128569e+00    1.67861725e+00    2.81420357e+17
 1.13700000e+01    2.57333237e+00    1.67976418e+00    2.80372843e+17
 1.13750000e+01    2.54549417e+00    1.68090783e+00    2.79317691e+17
 1.13800000e+01    2.51777184e+00    1.68204815e+00    2.78254743e+17
 1.13850000e+01    2.49016614e+00    1.68318510e+00    2.77184066e+17
 1.13900000e+01    2.46267784e+00    1.68431865e+00    2.76105461e+17
 1.13950000e+01    2.43530772e+00    1.68544876e+00    2.75018816e+17
 1.14000000e+01    2.40805658e+00    1.68657538e+00    2.73924053e+17
 1.14050000e+01    2.38092521e+00    1.68769848e+00    2.72820956e+17
 1.14100000e+01    2.35391443e+00    1.68881800e+00    2.71709460e+17
 1.14150000e+01    2.32702506e+00    1.68993392e+00    2.70589511e+17
 1.14200000e+01    2.30025794e+00    1.69104619e+00    2.69460786e+17
 1.14250000e+01    2.27361392e+00    1.69215476e+00    2.68323407e+17
 1.14300000e+01    2.24709384e+00    1.69325958e+00    2.67177040e+17
 1.14350000e+01    2.22069858e+00    1.69436062e+00    2.66021617e+17
 1.14400000e+01    2.19442901e+00    1.69545783e+00    2.64857196e+17
 1.14450000e+01    2.16828602e+00    1.69655116e+00    2.63683287e+17
 1.14500000e+01    2.14227052e+00    1.69764057e+00    2.62500182e+17
 1.14550000e+01    2.11638340e+00    1.69872601e+00    2.61307493e+17
 1.14600000e+01    2.09062559e+00    1.69980743e+00    2.60105208e+17
 1.14650000e+01    2.06499803e+00    1.70088478e+00    2.58893029e+17
 1.14700000e+01    2.03950165e+00    1.70195801e+00    2.57671113e+17
 1.14750000e+01    2.01413740e+00    1.70302707e+00    2.56439187e+17
 1.14800000e+01    1.98890625e+00    1.70409192e+00    2.55197063e+17
 1.14850000e+01    1.96380915e+00    1.70515250e+00    2.53944863e+17
 1.14900000e+01    1.93884710e+00    1.70620877e+00    2.52682165e+17
 1.14950000e+01    1.91402109e+00    1.70726066e+00    2.51409123e+17
 1.15000000e+01    1.88933211e+00    1.70830812e+00    2.50125525e+17
 1.15050000e+01    1.86478117e+00    1.70935111e+00    2.48831217e+17
 1.15100000e+01    1.84036927e+00    1.71038957e+00    2.47526246e+17
 1.15150000e+01    1.81609743e+00    1.71142344e+00    2.46210478e+17
 1.15200000e+01    1.79196668e+00    1.71245267e+00    2.44883841e+17
 1.15250000e+01    1.76797804e+00    1.71347721e+00    2.43546177e+17
 1.15300000e+01    1.74413256e+00    1.71449700e+00    2.42197414e+17
 1.15350000e+01    1.72043127e+00    1.71551198e+00    2.40837711e+17
 1.15400000e+01    1.69687521e+00    1.71652210e+00    2.39466845e+17
 1.15450000e+01    1.67346542e+00    1.71752730e+00    2.38084866e+17
 1.15500000e+01    1.65020292e+00    1.71852753e+00    2.36691796e+17
 1.15550000e+01    1.62708878e+00    1.71952272e+00    2.35287689e+17
 1.15600000e+01    1.60412401e+00    1.72051282e+00    2.33872269e+17
 1.15650000e+01    1.58130963e+00    1.72149778e+00    2.32445910e+17
 1.15700000e+01    1.55864668e+00    1.72247754e+00    2.31008582e+17
 1.15750000e+01    1.53613615e+00    1.72345204e+00    2.29560459e+17
 1.15800000e+01    1.51377903e+00    1.72442122e+00    2.28101511e+17
 1.15850000e+01    1.49157630e+00    1.72538504e+00    2.26632116e+17
 1.15900000e+01    1.46952892e+00    1.72634343e+00    2.25152294e+17
 1.15950000e+01    1.44763782e+00    1.72729635e+00    2.23662472e+17
 1.16000000e+01    1.42590389e+00    1.72824373e+00    2.22162797e+17
 1.16050000e+01    1.40432801e+00    1.72918553e+00    2.20653753e+17
 1.16100000e+01    1.38291098e+00    1.73012170e+00    2.19135717e+17
 1.16150000e+01    1.36165358e+00    1.73105219e+00    2.17609296e+17
 1.16200000e+01    1.34055653e+00    1.73197695e+00    2.16075051e+17
 1.16250000e+01    1.31962045e+00    1.73289595e+00    2.14534084e+17
 1.16300000e+01    1.29884588e+00    1.73380914e+00    2.12987441e+17
 1.16350000e+01    1.27823323e+00    1.73471650e+00    2.11436388e+17
 1.16400000e+01    1.25778272e+00    1.73561799e+00    2.09883616e+17
 1.16450000e+01    1.23749427e+00    1.73651361e+00    2.08333779e+17
 1.16500000e+01    1.21736689e+00    1.73740339e+00    2.06796829e+17
 1.16550000e+01    1.19740027e+00    1.73828732e+00    2.05251998e+17
 1.16600000e+01    1.17759522e+00    1.73916536e+00    2.03697557e+17
 1.16650000e+01    1.15795256e+00    1.74003745e+00    2.02134046e+17
 1.16700000e+01    1.13847310e+00    1.74090354e+00    2.00560895e+17
 1.16750000e+01    1.11915761e+00    1.74176358e+00    1.98979024e+17
 1.16800000e+01    1.10000686e+00    1.74261753e+00    1.97388191e+17
 1.16850000e+01    1.08102158e+00    1.74346532e+00    1.95788585e+17
 1.16900000e+01    1.06220252e+00    1.74430692e+00    1.94180600e+17
 1.16950000e+01    1.04355034e+00    1.74514228e+00    1.92564529e+17
 1.17000000e+01    1.02506573e+00    1.74597134e+00    1.90940176e+17
 1.17050000e+01    1.00674932e+00    1.74679407e+00    1.89308334e+17
 1.17100000e+01    9.88601725e-01    1.74761042e+00    1.87668988e+17
 1.17150000e+01    9.70623537e-01    1.74842034e+00    1.86022455e+17
 1.17200000e+01    9.52815304e-01    1.74922380e+00    1.84369142e+17
 1.17250000e+01    9.35177542e-01    1.75002075e+00    1.82709107e+17
 1.17300000e+01    9.17710748e-01    1.75081115e+00    1.81042902e+17
 1.17350000e+01    9.00415373e-01    1.75159497e+00    1.79370798e+17
 1.17400000e+01    8.83291845e-01    1.75237216e+00    1.77693071e+17
 1.17450000e+01    8.66340541e-01    1.75314270e+00    1.76010127e+17
 1.17500000e+01    8.49561810e-01    1.75390654e+00    1.74322317e+17
 1.17550000e+01    8.32955963e-01    1.75466365e+00    1.72629998e+17
 1.17600000e+01    8.16523272e-01    1.75541401e+00    1.70933554e+17
 1.17650000e+01    8.00263971e-01    1.75615758e+00    1.69233339e+17
 1.17700000e+01    7.84178256e-01    1.75689434e+00    1.67529728e+17
 1.17750000e+01    7.68266284e-01    1.75762425e+00    1.65823116e+17
 1.17800000e+01    7.52528172e-01    1.75834730e+00    1.64113912e+17
 1.17850000e+01    7.36963999e-01    1.75906346e+00    1.62402447e+17
 1.17900000e+01    7.21573803e-01    1.75977272e+00    1.60689152e+17
 1.17950000e+01    7.06357586e-01    1.76047504e+00    1.58974376e+17
 1.18000000e+01    6.91315308e-01    1.76117041e+00    1.57258505e+17
 1.18050000e+01    6.76446894e-01    1.76185882e+00    1.55541940e+17
 1.18100000e+01    6.61752230e-01    1.76254025e+00    1.53825010e+17
 1.18150000e+01    6.47231166e-01    1.76321468e+00    1.52108098e+17
 1.18200000e+01    6.32883515e-01    1.76388211e+00    1.50391531e+17
 1.18250000e+01    6.18709056e-01    1.76454253e+00    1.48675675e+17
 1.18300000e+01    6.04707534e-01    1.76519592e+00    1.46960859e+17
 1.18350000e+01    5.90878658e-01    1.76584228e+00    1.45247412e+17
 1.18400000e+01    5.77222108e-01    1.76648161e+00    1.43535646e+17
 1.18450000e+01    5.63737533e-01    1.76711389e+00    1.41825821e+17
 1.18500000e+01    5.50424551e-01    1.76773913e+00    1.40118264e+17
 1.18550000e+01    5.37282755e-01    1.76835733e+00    1.38413227e+17
 1.18600000e+01    5.24311708e-01    1.76896847e+00    1.36710973e+17
 1.18650000e+01    5.11510952e-01    1.76957257e+00    1.35011702e+17
 1.18700000e+01    4.98880003e-01    1.77016962e+00    1.33315696e+17
 1.18750000e+01    4.86418354e-01    1.77075963e+00    1.31623122e+17
 1.18800000e+01    4.74125481e-01    1.77134260e+00    1.29934173e+17
 1.18850000e+01    4.62000839e-01    1.77191854e+00    1.28249030e+17
 1.18900000e+01    4.50043867e-01    1.77248744e+00    1.26567844e+17
 1.18950000e+01    4.38253990e-01    1.77304932e+00    1.24890730e+17
 1.19000000e+01    4.26630617e-01    1.77360418e+00    1.23217870e+17
 1.19050000e+01    4.15173148e-01    1.77415202e+00    1.21549294e+17
 1.19100000e+01    4.03880971e-01    1.77469286e+00    1.19885131e+17
 1.19150000e+01    3.92753465e-01    1.77522671e+00    1.18225438e+17
 1.19200000e+01    3.81790006e-01    1.77575356e+00    1.16570229e+17
 1.19250000e+01    3.70989960e-01    1.77627343e+00    1.14919600e+17
 1.19300000e+01    3.60352694e-01    1.77678633e+00    1.13273490e+17
 1.19350000e+01    3.49877571e-01    1.77729226e+00    1.11631968e+17
 1.19400000e+01    3.39563955e-01    1.77779123e+00    1.09994982e+17
 1.19450000e+01    3.29411210e-01    1.77828326e+00    1.08362457e+17
 1.19500000e+01    3.19418706e-01    1.77876834e+00    1.06734387e+17
 1.19550000e+01    3.09585816e-01    1.77924649e+00    1.05110689e+17
 1.19600000e+01    2.99911918e-01    1.77971772e+00    1.03491265e+17
 1.19650000e+01    2.90396401e-01    1.78018202e+00    1.01875996e+17
 1.19700000e+01    2.81038659e-01    1.78063942e+00    1.00264785e+17
 1.19750000e+01    2.71838103e-01    1.78108990e+00    9.86574669e+16
 1.19800000e+01    2.62794152e-01    1.78153349e+00    9.70539029e+16
 1.19850000e+01    2.53906241e-01    1.78197018e+00    9.54539009e+16
 1.19900000e+01    2.45173821e-01    1.78239998e+00    9.38573123e+16
 1.19950000e+01    2.36596356e-01    1.78282288e+00    9.22638812e+16
 1.20000000e+01    2.28173337e-01    1.78323890e+00    9.06733900e+16
 1.20050000e+01    2.19904267e-01    1.78364803e+00    8.90855964e+16
 1.20100000e+01    2.11788675e-01    1.78405028e+00    8.75002682e+16
 1.20150000e+01    2.03826113e-01    1.78444563e+00    8.59170800e+16
 1.20200000e+01    1.96016156e-01    1.78483410e+00    8.43357657e+16
 1.20250000e+01    1.88358410e-01    1.78521567e+00    8.27559949e+16
 1.20300000e+01    1.80852504e-01    1.78559034e+00    8.11775771e+16
 1.20350000e+01    1.73507190e-01    1.78595764e+00    7.93178013e+16
 1.20400000e+01    1.66346791e-01    1.78631634e+00    7.73723869e+16
 1.20450000e+01    1.59381873e-01    1.78666585e+00    7.51797987e+16
 1.20500000e+01    1.52621247e-01    1.78700572e+00    7.30426397e+16
 1.20550000e+01    1.46058931e-01    1.78733620e+00    7.09681908e+16
 1.20600000e+01    1.39688985e-01    1.78765757e+00    6.89545230e+16
 1.20650000e+01    1.33505650e-01    1.78797008e+00    6.69998530e+16
 1.20700000e+01    1.27503340e-01    1.78827399e+00    6.51024050e+16
 1.20750000e+01    1.21676636e-01    1.78856954e+00    6.32604528e+16
 1.20800000e+01    1.16021224e-01    1.78885692e+00    6.14105215e+16
 1.20850000e+01    1.10546243e-01    1.78913564e+00    5.94439817e+16
 1.20900000e+01    1.05251740e-01    1.78940566e+00    5.75422282e+16
 1.20950000e+01    1.00131641e-01    1.78966727e+00    5.57030934e+16
 1.21000000e+01    9.51800793e-02    1.78992072e+00    5.39245312e+16
 1.21050000e+01    9.03913859e-02    1.79016629e+00    5.22044574e+16
 1.21100000e+01    8.57606954e-02    1.79040420e+00    5.05004993e+16
 1.21150000e+01    8.12960041e-02    1.79063400e+00    4.86522624e+16
 1.21200000e+01    7.69990001e-02    1.79085558e+00    4.68736130e+16
 1.21250000e+01    7.28632557e-02    1.79106923e+00    4.51617104e+16
 1.21300000e+01    6.88825968e-02    1.79127526e+00    4.35140033e+16
 1.21350000e+01    6.50510876e-02    1.79147394e+00    4.19280176e+16
 1.21400000e+01    6.13630227e-02    1.79166554e+00    4.04014287e+16
 1.21450000e+01    5.78129174e-02    1.79185032e+00    3.89319306e+16
 1.21500000e+01    5.43958737e-02    1.79202850e+00    3.74925947e+16
 1.21550000e+01    5.11179222e-02    1.79219976e+00    3.59170871e+16
 1.21600000e+01    4.79810035e-02    1.79236396e+00    3.44089381e+16
 1.21650000e+01    4.49789387e-02    1.79252139e+00    3.29656205e+16
 1.21700000e+01    4.21058186e-02    1.79267235e+00    3.15843164e+16
 1.21750000e+01    3.93559911e-02    1.79281711e+00    3.02625659e+16
 1.21800000e+01    3.67283452e-02    1.79295570e+00    2.88635303e+16
 1.21850000e+01    3.42288666e-02    1.79308778e+00    2.74769958e+16
 1.21900000e+01    3.18519743e-02    1.79321362e+00    2.61584540e+16
 1.21950000e+01    2.95915505e-02    1.79333352e+00    2.49045335e+16
 1.22000000e+01    2.74417855e-02    1.79344777e+00    2.37119875e+16
 1.22050000e+01    2.53971652e-02    1.79355665e+00    2.25777360e+16
 1.22100000e+01    2.34542865e-02    1.79366030e+00    2.14088389e+16
 1.22150000e+01    2.16190166e-02    1.79375840e+00    2.02359149e+16
 1.22200000e+01    1.98861624e-02    1.79385121e+00    1.91284732e+16
 1.22250000e+01    1.82499186e-02    1.79393901e+00    1.80825173e+16
 1.22300000e+01    1.67070628e-02    1.79402196e+00    1.70241120e+16
 1.22350000e+01    1.52582665e-02    1.79410001e+00    1.59997277e+16
 1.22400000e+01    1.38981099e-02    1.79417342e+00    1.50394050e+16
 1.22450000e+01    1.26245187e-02    1.79424230e+00    1.40535594e+16
 1.22500000e+01    1.14361416e-02    1.79430669e+00    1.31275130e+16
 1.22550000e+01    1.03276375e-02    1.79436687e+00    1.22410565e+16
 1.22600000e+01    9.29877396e-03    1.79442283e+00    1.13468534e+16
 1.22650000e+01    8.34610605e-03    1.79447475e+00    1.05188534e+16
 1.22700000e+01    7.46393242e-03    1.79452292e+00    9.75150050e+15
 1.22750000e+01    6.64964026e-03    1.79456747e+00    8.97013650e+15
 1.22800000e+01    5.90263560e-03    1.79460843e+00    8.23587100e+15
 1.22850000e+01    5.21794009e-03    1.79464603e+00    7.53517993e+15
 1.22900000e+01    4.59485688e-03    1.79468032e+00    6.85128066e+15
 1.22950000e+01    4.02896587e-03    1.79471153e+00    6.22830645e+15
 1.23000000e+01    3.51800937e-03    1.79473976e+00    5.59851118e+15
 1.23050000e+01    3.05919636e-03    1.79476516e+00    5.03300405e+15
 1.23100000e+01    2.64908275e-03    1.79478790e+00    4.47492116e+15
 1.23150000e+01    2.28562488e-03    1.79480810e+00    3.96844316e+15
 1.23200000e+01    1.96486312e-03    1.79482596e+00    3.47949882e+15
 1.23250000e+01    1.68510486e-03    1.79484157e+00    3.03602649e+15
 1.23300000e+01    1.44255076e-03    1.79485513e+00    2.61192701e+15
 1.23350000e+01    1.23505624e-03    1.79486675e+00    2.23679974e+15
 1.23400000e+01    1.05903015e-03    1.79487662e+00    1.87951724e+15
 1.23450000e+01    9.12040278e-04    1.79488489e+00    1.55745149e+15
 1.23500000e+01    7.91180171e-04    1.79489169e+00    1.27266033e+15
 1.23550000e+01    6.93527637e-04    1.79489720e+00    1.01925073e+15
 1.23600000e+01    6.15978462e-04    1.79490159e+00    8.03178706e+14
 1.23650000e+01    5.55422500e-04    1.79490502e+00    6.23602585e+14
 1.23700000e+01    5.08436700e-04    1.79490768e+00    4.89346081e+14
 1.23750000e+01    4.70876842e-04    1.79490982e+00    4.18745482e+14
 1.23800000e+01    4.35624118e-04    1.79491182e+00    4.05047076e+14
 1.23850000e+01    4.02563914e-04    1.79491371e+00    3.72141907e+14
 1.23900000e+01    3.72390223e-04    1.79491543e+00    3.40484411e+14
 1.23950000e+01    3.44528651e-04    1.79491703e+00    3.17306946e+14
 1.24000000e+01    3.18604926e-04    1.79491851e+00    2.95348052e+14
 1.24050000e+01    2.94483435e-04    1.79491990e+00    2.75573928e+14
 1.24100000e+01    2.71933591e-04    1.79492120e+00    2.58877528e+14
 1.24150000e+01    2.50702079e-04    1.79492242e+00    2.44602437e+14
 1.24200000e+01    2.30671028e-04    1.79492358e+00    2.30661019e+14
 1.24250000e+01    2.11876936e-04    1.79492467e+00    2.15570543e+14
 1.24300000e+01    1.94448012e-04    1.79492568e+00    1.98746724e+14
 1.24350000e+01    1.78456948e-04    1.79492661e+00    1.82349990e+14
 1.24400000e+01    1.63768250e-04    1.79492747e+00    1.68035233e+14
 1.24450000e+01    1.50252226e-04    1.79492826e+00    1.54634484e+14
 1.24500000e+01    1.37830092e-04    1.79492898e+00    1.42373773e+14
 1.24550000e+01    1.26380919e-04    1.79492965e+00    1.31748085e+14
 1.24600000e+01    1.15759968e-04    1.79493028e+00    1.22786922e+14
 1.24650000e+01    1.05849969e-04    1.79493086e+00    1.14890761e+14
 1.24700000e+01    9.65834374e-05    1.79493141e+00    1.07547081e+14
 1.24750000e+01    8.79276698e-05    1.79493192e+00    1.00434421e+14
 1.24800000e+01    7.98665335e-05    1.79493239e+00    9.34902645e+13
 1.24850000e+01    7.23823236e-05    1.79493284e+00    8.67704665e+13
 1.24900000e+01    6.54531355e-05    1.79493325e+00    8.03223893e+13
 1.24950000e+01    5.90517723e-05    1.79493363e+00    7.42437658e+13
 1.25000000e+01    5.31414055e-05    1.79493398e+00    6.86472389e+13
 1.25050000e+01    4.76788098e-05    1.79493431e+00    6.35677352e+13
 1.25100000e+01    4.26298652e-05    1.79493461e+00    5.86916142e+13
 1.25150000e+01    3.79960123e-05    1.79493489e+00    5.35931755e+13
 1.25200000e+01    3.38015565e-05    1.79493514e+00    4.82021427e+13
 1.25250000e+01    3.00451725e-05    1.79493537e+00    4.31930994e+13
 1.25300000e+01    2.66695448e-05    1.79493557e+00    3.90726733e+13
 1.25350000e+01    2.36039401e-05    1.79493576e+00    3.56681892e+13
 1.25400000e+01    2.08034580e-05    1.79493593e+00    3.26513929e+13
 1.25450000e+01    1.82460014e-05    1.79493608e+00    2.97654429e+13
 1.25500000e+01    1.59315136e-05    1.79493622e+00    2.67554725e+13
 1.25550000e+01    1.38727041e-05    1.79493635e+00    2.36204778e+13
 1.25600000e+01    1.20607738e-05    1.79493646e+00    2.08487334e+13
 1.25650000e+01    1.04526391e-05    1.79493656e+00    1.86517952e+13
 1.25700000e+01    9.01138616e-06    1.79493664e+00    1.67483860e+13
 1.25750000e+01    7.72204457e-06    1.79493672e+00    1.49452346e+13
 1.25800000e+01    6.57716692e-06    1.79493679e+00    1.32353685e+13
 1.25850000e+01    5.56753168e-06    1.79493686e+00    1.16551561e+13
 1.25900000e+01    4.67992485e-06    1.79493691e+00    1.02618840e+13
 1.25950000e+01    3.89981486e-06    1.79493696e+00    8.99416952e+12
 1.26000000e+01    3.22481074e-06    1.79493700e+00    7.67355505e+12
 1.26050000e+01    2.65509911e-06    1.79493704e+00    6.46328340e+12
 1.26100000e+01    2.17271085e-06    1.79493707e+00    5.51811776e+12
 1.26150000e+01    1.76002659e-06    1.79493709e+00    4.73190110e+12
 1.26200000e+01    1.40723861e-06    1.79493711e+00    4.03598212e+12
 1.26250000e+01    1.10838215e-06    1.79493713e+00    3.39690868e+12
